Los Angeles,ロサンゼルス
New York City,マンハッタン
Phoenix,フェニックス
Chicago,シカゴ
Brooklyn,ブルックリン区
San Antonio,サンアントニオ
Houston,ヒューストン
Philadelphia,フィラデルフィア
Sacramento,サクラメント
Denver,デンバー
Boston,ボストン
Oklahoma City,オクラホマシティ
Austin,オースティン
Columbus,コロンバス
Atlanta,アトランタ
Indianapolis,インディアナポリス
United States,アメリカ
Albuquerque,アルバカーキ
Santa Fe,サンタフェ
Boise,ボイシ
Tucson,ツーソン
Providence,プロビデンス
Fresno,フレズノ
San Diego,サンディエゴ
San Francisco,サンフランシスコ
San Jose,サンノゼ
Carson City,カーソンシティ
Las Vegas,ラスベガス
El Paso,エル・パソ
Juneau,ジュノー
Milwaukee,ミルウォーキー
Madison,マディソン
Des Moines,デモイン
Saint Paul,セントポール
Lincoln,リンカーン
Charleston,チャールストン
Hartford,ハートフォード
Trenton,トレントン
Albany,オールバニ
Detroit,デトロイト
Lansing,ランシング
Memphis,メンフィス
Nashville,ナッシュビル
Jackson,ジャクソン
Raleigh,ローリー
Richmond,リッチモンド
Dallas,ダラス
Fort Worth,フォートワース
Charlotte,シャーロット
Baltimore,ボルチモア
Columbia,コロンビア
Kansas City,カンザスシティ
Montgomery,モンゴメリー
New Orleans,ニューオーリンズ
Baton Rouge,バトンルージュ
Little Rock,リトルロック
Tallahassee,タラハシー
Miami,マイアミ
Jacksonville,ジャクソンビル
Topeka,トピカ
Springfield,スプリングフィールド
Portland,ポートランド
Salem,セイラム
Salt Lake City,ソルトレイクシティ
Cheyenne,シャイアン
Honolulu,ホノルル
Olympia,オリンピア
Bismarck,ビスマーク
Seattle,シアトル
Las Cruces,ラスクルーセス
Nampa,ナンパ
Scottsdale,スコッツデール
Chandler,チャンドラー
Chico,チコ
Chula Vista,チュラビスタ
Compton,コンプトン
Surprise,サプライズ
Tempe,テンピ
Yuma,ユマ
Concord,コンコード
Corona,コロナ
Daly City,デイリーシティ
Berkeley,バークレー
Downey,ダウニー
El Cajon,エルカホン
El Monte,エルモンテ
Escondido,エスコンディード
Burbank,バーバンク
Carlsbad,カールスバッド
Gilbert,ギルバート
Glendale,グレンデール
Scranton,スクラントン
Peoria,ピオリア
Mesa,メサ
Sioux Falls,スーフォールズ
Green Bay,グリーンベイ
Fremont,フリーモント
Fullerton,フラートン
Richmond,リッチモンド
Riverside,リバーサイド
Pueblo,プエブロ
Salinas,サリナス
San Bernardino,サンバーナーディーノ
San Mateo,サンマテオ
Santa Ana,サンタアナ
Santa Barbara,サンタバーバラ
Santa Clara,サンタクララ
Santa Clarita,サンタクラリタ
Santa Maria,サンタマリア
Santa Monica,サンタモニカ
Santa Rosa,サンタローザ
Westminster,ウェストミンスター
West Covina,ウェストコビーナ
Whittier,ウィッティア
Simi Valley,シミバレー
Stockton,ストックトン
Sunnyvale,サニーベール
Temecula,テメキュラ
Pomona,ポモナ
Rancho Cucamonga,ランチョクカモンガ
Colorado Springs,コロラドスプリングス
Hayward,ヘイワード
Huntington Beach,ハンティントンビーチ
Arvada,アーバダ
Aurora,オーロラ
Torrance,トーランス
Vallejo,ヴァレーホ
Visalia,バイセイリア
Inglewood,イングルウッド
Irvine,アーバイン
Mountain View,マウンテンビュー
Oakland,オークランド
Reno,リノ
Henderson,ヘンダーソン
San Angelo,サンアンジェロ
Lubbock,ラボック
Midland,ミッドランド
Odessa,オデッサ
North Las Vegas,ノースラスベガス
Amarillo,アマリロ
Boulder,ボルダー
Fort Collins,フォート・コリンズ
Greeley,グリーリー
Montpelier,モントピリア
Pittsburgh,ピッツバーグ
Reading,レディング
Oceanside,オーシャンサイド
Ontario,オンタリオ
Orange,オレンジ
Oxnard,オックスナード
Palmdale,パームデール
Palo Alto,パロアルト
Pasadena,パサデナ
Garden Grove,ガーデングローブ
Glendale,グレンデール
Modesto,モデスト
Moreno Valley,モレノバレー
Lakewood,レイクウッド
Lancaster,ランカスター
Long Beach,ロングビーチ
Anaheim,アナハイム
Bakersfield,ベーカーズフィールド
Bridgeport,ブリッジポート
Rockford,ロックフォード
Sterling Heights,スターリングハイツ
Troy,トロイ
Flint,フリント
Grand Rapids,グランドラピッズ
Stamford,スタンフォード
Waterbury,ウォーターベリー
Cedar Rapids,シーダーラピッズ
Davenport,ダベンポート
Virginia Beach,バージニアビーチ
Portland,ポートランド
Lowell,ローウェル
Lynn,リン
Springfield,スプリングフィールド
Worcester,ウースター
Augusta,オーガスタ
New Bedford,ニューベッドフォード
Toledo,トレド
Allentown,アレンタウン
Harrisburg,ハリスバーグ
Erie,エリー
Rochester,ロチェスター
Omaha,オマハ
Duluth,ダルース
Concord,コンコード
Manchester,マンチェスター
Nashua,ナシュア
Fargo,ファーゴ
Rochester,ロチェスター
Cleveland,クリーブランド
Syracuse,シラキュース
Yonkers,ヨンカーズ
Akron,アクロン
Elgin,エルジン
Evanston,エバンストン
New Haven,ニューヘイブン
Norwalk,ノーウォーク
Champaign,シャンペーン
Edison,エジソン
Jamaica,ジャマイカ地区
Jersey City,ジャージーシティ
Newark,ニューアーク
Paterson,パターソン
Buffalo,バッファロー
Dearborn,ディアボーン
Kalamazoo,カラマズー
Ann Arbor,アナーバー
Warren,ウォーレン
Minneapolis,ミネアポリス
Naperville,ネイパービル
Peoria,ピオリア
Fall River,フォールリバー
Brockton,ブロックトン
Cambridge,ケンブリッジ
South Bend,サウスベンド
Fort Wayne,フォートウェイン
Gary,ゲーリー
Hammond,ハモンド
Danbury,ダンベリー
Murfreesboro,マーフリーズボロ
Knoxville,ノックスビル
Norman,ノーマン
Chattanooga,チャタヌーガ
Clarksville,クラークスビル
Charleston,チャールストン
Roanoke,ロアノーク
Hampton,ハンプトン
Norfolk,ノーフォーク
Chesapeake,チェサピーク
Richardson,リチャードソン
Round Rock,ラウンドロック
Pasadena,パサデナ
Plano,プレイノ
Tyler,タイラー
Waco,ウェーコ
McAllen,マッカレン
Mesquite,メスキート
Irving,アービング
Wichita Falls,ウィチタフォールズ
Alexandria,アレクサンドリア
Arlington,アーリントン
Brownsville,ブラウンズビル
Grand Prairie,グランドプレーリー
Abilene,アビリーン
Arlington,アーリントン
College Station,カレッジステーション
Corpus Christi,コーパスクリスティ
Garland,ガーランド
Killeen,キリーン
Laredo,ラレド
Beaumont,ボーモント
Denton,デントン
Fayetteville,ファイエットビル
Greensboro,グリーンズボロ
High Point,ハイポイント
Cary,ケーリー
Annapolis,アナポリス
Durham,ダーラム
Cincinnati,シンシナティ
Dayton,デイトン
Asheville,アシュビル
Tulsa,タルサ
Wilmington,ウィルミントン
Camden,カムデン
St. Louis,セントルイス
Springfield,スプリングフィールド
Columbia,コロンビア
Independence,インディペンデンス
Jefferson City,ジェファーソンシティ
Mobile,モービル
Shreveport,シュリーブポート
Lafayette,ラファイエット
Metairie,メテリー
Savannah,サバンナ
Huntsville,ハンツビル
Tuscaloosa,タスカルーサ
Fort Smith,フォートスミス
Boca Raton,ボカラトン
Cape Coral,ケープコーラル
Dover,ドーバー
Wilmington,ウィルミントン
Columbus,コロンバス
Pensacola,ペンサコーラ
Pompano Beach,ポンパノビーチ
Tampa,タンパ
Melbourne,メルボルン
Miami Beach,マイアミビーチ
Orlando,オーランド
Clearwater,クリアウォーター
Fort Lauderdale,フォートローダーデール
Gainesville,ゲインズビル
Hialeah,ハイアリア
Hollywood,ハリウッド
West Palm Beach,ウェストパームビーチ
Athens,アセンズ
Lakeland,レイクランド
Birmingham,バーミングハム
Lexington,レキシントン
Louisville,ルイビル
Wichita,ウィチタ
Frankfort,フランクフォート
Evansville,エヴァンズヴィル
Eugene,ユージーン
Beaverton,ビーバートン
Provo,プロボ
Billings,ビリングス
Helena,ヘレナ
Kent,ケント
Everett,エバレット
Bellevue,ベルビュー
Renton,レントン
Spokane,スポーケン
Tacoma,タコマ
Vancouver,バンクーバー
Denali,デナリ
Anchorage,アンカレッジ
Northern America,北アメリカ
Roswell,ロズウェル
New Mexico,ニューメキシコ州
Meridian,メリディアン
Pocatello,ポカテッロ
Idaho Falls,アイダホフォールズ
Idaho,アイダホ州
Prescott,プレスコット
Chino,チノ
Clovis,クローヴィス
Flagstaff,フラッグスタッフ
Sierra Vista,シエラビスタ
Alameda,アラメダ
Costa Mesa,コスタメサ
Culver City,カルバーシティ
Cupertino,クパチーノ
Davis,デイビス
Bellflower,ベルフラワー
Beverly Hills,ビバリーヒルズ
Elk Grove,エルクグローブ
Buena Park,ブエナパーク
California,カリフォルニア州
Camarillo,カマリロ
Carson,カーソン
Cranston,クランストン
Pawtucket,ポータケット
Lake Havasu City,レイクハバスシティ
Oshkosh,オシュコシュ
Racine,ラシーン
Waukesha,ウォキショー
Fairfield,フェアフィールド
Fontana,フォンタナ
Redwood City,レッドウッドシティ
Rialto,リアルト
Roseville,ローズビル
Grand Junction,グランドジャンクション
San Leandro,サンレアンドロ
San Luis Obispo,サンルイスオビスポ
San Marcos,サンマルコス
San Pedro,サンペドロ
San Rafael,サンラフェル
Santa Cruz,サンタクルーズ
Walnut Creek,ウォールナットクリーク
Thousand Oaks,サウザンドオークス
Redlands,レッドランズ
Colorado,コロラド州
Hawthorne,ホーソーン
Hollywood,ハリウッド
Yorba Linda,ヨーバリンダ
Turlock,ターロック
Ventura,ベンチュラ
Victorville,ヴィクターヴィル
Indio,インディオ
Murrieta,マリエータ
Napa,ナパ
Norwalk,ノーウォーク
Nevada,ネバダ州
Wisconsin,ウィスコンシン州
Redding,レディング
Longmont,ロングモント
Utah,ユタ州
Arizona,アリゾナ州
Eau Claire,オークレア
Kenosha,ケノーシャ
La Crosse,ラクロス
Warwick,ウォリック
Burlington,バーリントン
Appleton,アップルトン
Palm Springs,パームスプリングス
Petaluma,ペタルーマ
Gardena,ガーデナ
Goleta,ゴリータ
Merced,マーセド
Milpitas,ミルピタス
Mission Viejo,ミッションビエホ
Monterey,モントレー
La Jolla,ラホヤ
Livermore,リバモア
Lodi,ローダイ
Los Altos,ロスアルトス
Antioch,アンティオック
Bristol,ブリストル
Johnstown,ジョンズタウン
Lancaster,ランカスター
Sioux City,スーシティ
Schaumburg,シャンバーグ
Waterloo,ウォータールー
Novi,ノバイ
Pontiac,ポンティアック
Saginaw,サギノー
East Lansing,イーストランシング
Morgantown,モーガンタウン
Parkersburg,パーカーズバーグ
Iowa City,アイオワシティ
Iowa,アイオワ州
Council Bluffs,カウンシルブラフス
Huntington,ハンティントン
Maine,メイン州
Pittsfield,ピッツフィールド
Quincy,クインシー
Somerville,サマービル
Lawrence,ローレンス
Waltham,ウォルサム
Woburn,ウーバン
Newton,ニュートン
Northampton,ノーサンプトン
Lima,ライマ
Lorain,ロレイン
Mansfield,マンスフィールド
Youngstown,ヤングスタウン
Bethlehem,ベスレヘム
Easton,イーストン
Bellevue,ベルビュー
Nebraska,ネブラスカ州
Portsmouth,ポーツマス
Rochester,ロチェスター
Grand Forks,グランドフォークス
Rome,ローム
Schenectady,スケネクタディ
Utica,ユーティカ
White Plains,ホワイト・プレインズ_
Mount Vernon,マウントバーノン
New Rochelle,ニューロシェル
New York,ニューヨーク州
Niagara Falls,ナイアガラフォールズ
Illinois,イリノイ州
Ames,エイムズ
New Britain,ニューブリテン
Cicero,シセロ
Arlington Heights,アーリントンハイツ
Bloomington,ブルーミントン
East Hartford,イーストハートフォード
Clifton,クリフトン
Elizabeth,エリザベス
Ithaca,イサカ
New Brunswick,ニューブランズウィック
Plainfield,プレインフィールド
Princeton,プリンストン
Binghamton,ビンガムトン
Elmira,エルマイラ
Battle Creek,バトルクリーク
Minnesota,ミネソタ州
Framingham,フレイミングハム
Brookline,ブルックライン
Chicopee,チコピー
Waukegan,ウォキーガン
Muncie,マンシー
West Virginia,ウェストバージニア州
Kokomo,コーコモー
Lafayette,ラファイエット
Andover,アンドーバー
Alabama,アラバマ州
Anniston,アニストン
Auburn,オーバーン
Jackson,ジャクソン
Johnson City,ジョンソンシティ
Franklin,フランクリン
Oklahoma,オクラホマ州
Mount Pleasant,マウントプレザント
Myrtle Beach,マートルビーチ
North Charleston,ノースチャールストン
Stillwater,スティルウォーター
Florence,フローレンス
Greenville,グリーンビル
Meridian,メリディアン
Mississippi,ミシシッピ州
Biloxi,ビロクシ
Gulfport,ガルフポート
Hattiesburg,ハッティズバーグ
Salisbury,ソールズベリー
Silver Spring,シルバースプリング
Tupelo,テューペロ
Frederick,フレデリック
Gaithersburg,ゲイザースバーグ
Germantown,ジャーマンタウン
Hagerstown,ヘイガーズタウン
Rockville,ロックビル
Rocky Mount,ロッキーマウント
Broken Arrow,ブロークンアロー
Hamilton,ハミルトン
New Bern,ニューバーン
North Carolina,ノースカロライナ州
Edmond,エドモンド
Lawton,ロートン
Springfield,スプリングフィールド
Reston,レストン
Portsmouth,ポーツマス
Lynchburg,リンチバーグ
Suffolk,サフォーク
Charlottesville,シャーロッツビル
Sugar Land,シュガーランド
Temple,テンプル
Texarkana,テクサーカナ
New Braunfels,ニューブローンフェルズ
Port Arthur,ポートアーサー
Blacksburg,ブラックスバーグ
Texas,テキサス州
Victoria,ビクトリア
Longview,ロングビュー
Spartanburg,スパータンバーグ
Summerville,サマービル
Bryan,ブライアン
Carrollton,キャロルトン
Harlingen,ハーリンジェン
Frisco,フリスコ
Galveston,ガルベストン
Lewisville,ルイスビル
Baytown,ベイタウン
Gastonia,ガストニア
Goldsboro,ゴールズボロ
Greenville,グリーンビル
Columbia,コロンビア
Cumberland,カンバーランド
Burlington,バーリントン
Laurel,ローレル
Bethesda,ベセスダ
Bowie,ブーイ
Concord,コンコード
York,ヨーク
Aiken,エイキン
Anderson,アンダーソン
Atlantic City,アトランティックシティ
Toms River,トムズリバー
Lee's Summit,リーズ・サミット
Missouri,ミズーリ州
Waldorf,ウォルドーフ
Joplin,ジョプリン
Kenner,ケナー
Lake Charles,レイクチャールズ
Louisiana,ルイジアナ州
Monroe,モンロー
Rome,ローム
Valdosta,バルドスタ
Macon,メイコン
Marietta,マリエッタ
Gainesville,ゲインズビル
Georgia,ジョージア州
Florence,フローレンス
Gadsden,ガズデン
Decatur,ディケーター
Dothan,ドーサン
Arkansas,アーカンソー州
Springdale,スプリングデール
Jonesboro,ジョーンズボロ
Fayetteville,フェイエットビル
Bradenton,ブレイデントン
Brandon,ブランドン
Newark,ニューアーク
Pembroke Pines,ペンブロークパインズ
Sarasota,サラソータ
Naples,ネイプルズ
North Port,ノースポート
Ocala,オカラ
Palm Bay,パームベイ
Panama City,パナマシティ
Daytona Beach,デイトナビーチ
Delray Beach,デルレイビーチ
Florida,フロリダ州
Fort Myers,フォートマイヤーズ
Winter Haven,ウィンターヘイブン
Albany,オールバニ
Augusta,オーガスタ
Jupiter,ジュピター
Kissimmee,キシミー
Covington,コビントン
Owensboro,オーエンズボロ
Bowling Green,ボーリンググリーン
Kansas,カンザス州
Lawrence,ローレンス
Manhattan,マンハッタン
Olathe,オレイサ
Decatur,ディケーター
Belleville,ベルビル
Bloomington,ブルーミントン
Carmel,カーメル
Terre Haute,テレホート
Medford,メドフォード
West Jordan,ウェストジョーダン
Bend,ベンド
Corvallis,コーバリス
Logan,ローガン
Ogden,オグデン
Orem,オレム
Gresham,グレシャム
Hillsboro,ヒルズボロ
Missoula,ミズーラ
Bozeman,ボーズマン
Butte,ビュート
Montana,モンタナ州
Oregon,オレゴン州
Great Falls,グレートフォールズ
Casper,キャスパー
Laramie,ララミー
Kennewick,ケニウィック
Kirkland,カークランド
Lakewood,レイクウッド
Hawaii,ハワイ州
Federal Way,フェデラルウェイ
North Dakota,ノースダコタ州
Auburn,オーバーン
Bellingham,ベリンハム
Bremerton,ブレマートン
Puyallup,ピュアラップ
Redmond,レドモンド
Pierre,ピア
Rapid City,ラピッドシティ
South Dakota,サウスダコタ州
Washington,ワシントン州
Yakima,ヤキマ
Fairbanks,フェアバンクス
Wyoming,ワイオミング州
Alaska,アラスカ州
Kentucky,ケンタッキー州
Virginia,バージニア州
Alamogordo,アラモゴード
Sheboygan,シボイガン
Caldwell,コールドウェル
Moscow,モスコー
Sedona,セドナ
Sun City,サンシティ
Aliso Viejo,アリソ・ビエホ
Danville,ダンビル
Brentwood,ブレントウード
East Los Angeles,イーストロサンゼルス
Encino,エンシノ
Goodyear,グッドイヤー
Newport,ニューポート
Kingman,キングマン
Fond du Lac,フォンデュラク
Thornton,ソーントン
Lakewood,レイクウッド
San Francisco International Airport,サンフランシスコ国際空港
Saratoga,サラトガ
Watsonville,ワトソンビル
Woodland,ウッドランド
Sierra Nevada,シエラネバダ山脈
South Gate,サウスゲイト
South San Francisco,サウスサンフランシスコ
Pittsburg,ピッツバーグ
Porterville,ポータービル
Redondo Beach,レドンドビーチ
Centennial,センテニアル
Yuba City,ユバシティ
Truckee,トラッキー
Spring Valley,スプリングバレー
Sunrise Manor,サンライズマナー
McCarran International Airport,マッカラン国際空港
Mesquite,メスキート
Paradise,パラダイス
Cedar City,シーダーシティ
Del Rio,デル・リオ
Eureka,ユーレカ
Janesville,ジェーンズビル
Brattleboro,ブラトルボロ
Vermont,バーモント州
Paradise,パラダイス
Gilroy,ギルロイ
Hanford,ハンフォード
Menlo Park,メンローパーク
Montebello,モンテベロ
Moraga,モラガ
Lake Forest,レイクフォレスト
Los Angeles International Airport,ロサンゼルス国際空港
Lynwood,リンウッド
Madera,マデラ
New Castle,ニューキャッスル
Norristown,ノリスタウン
Williamsport,ウィリアムズポート
Traverse City,トラバースシティ
Rochester,ロチェスター
Royal Oak,ロイヤルオーク
Stratford,ストラトフォード
Vienna,ヴィーナ
Lewiston,ルイストン
Plymouth,プリマス
Salem,セイラム
Holyoke,ホルヨーク
Lexington,レキシントン
Taunton,トーントン
Watertown,ウォータータウン
Westfield,ウェストフィールド
Bangor,バンゴー
Medford,メドフォード
Peabody,ピーボディ
Ohio,オハイオ州
Parma,パーマ
Lakewood,レイクウッド
Newark,ニューアーク
Altoona,アルトゥーナ
Kearney,カーニー
New Hampshire,ニューハンプシャー州
Dover,ドーバー
Dublin,ダブリン
Elyria,エリリア
Grand Island,グランドアイランド
Cuyahoga Falls,カヤホガフォールズ
Troy,トロイ
Poughkeepsie,ポキプシー
Newburgh,ニューバーグ
West Haven,ウェストヘイブン
Manchester,マンチェスター
Meriden,メリデン
Middletown,ミドルタウン
Milford,ミルフォード
New London,ニューロンドン
Norwich,ノーウィッチ
Greenwich,グリニッジ
Hamden,ハムデン
Winchester,ウィンチェスター
Union City,ユニオンシティ
Hoboken,ホーボーケン
Bayonne,ベイヨン
Jamestown,ジェームズタウン
John F. Kennedy International Airport,ジョン・F・ケネディ国際空港
Lakewood,レイクウッド
Paramus,パラマス
Passaic,パセーイク
Perth Amboy,パースアンボイ
Lake Champlain,シャンプレーン湖
Auburn,オーバーン
Harlem,ハーレム
Jackson,ジャクソン
Bay City,ベイシティ
Minnetonka,ミネトンカ
Bloomington,ブルーミントン
Logan International Airport,ジェネラル・エドワード・ローレンス・ローガン国際空港
Gloucester,グロスター
Urbana,アーバナ
Chelsea,チェルシー
Michigan City,ミシガンシティ
Indiana,インディアナ州
Valparaiso,ヴァルパレーゾ
West Lafayette,ウェストラファイエット
Amherst,アマースト
Arlington,アーリントン
Revere,リビア
Oak Ridge,オーク・リッジ
Pascagoula,パスカグーラ
Hendersonville,ヘンダーソンヴィル
North Myrtle Beach,ノースマートルビーチ
Bristol,ブリストル
Shawnee,ショーニー
South Carolina,サウスカロライナ州
Greenwood,グリーンウッド
Greer,グリア
Natchez,ナチェズ
Towson,タウソン
Southaven,サウスヘイブン
Vicksburg,ヴィックスバーグ
Greenbelt,グリーンベルト
Salisbury,ソールズベリー
Sanford,サンフォード
San Marcos,サンマルコス
Sherman,シャーマン
Martinsville,マーティンズビル
Salem,セイラム
Harrisonburg,ハリソンバーグ
Fredericksburg,フレデリックスバーグ
Petersburg,ピーターズバーグ
Manassas,マナサス
Danville,ダンビル
Texas City,テキサスシティ
Tennessee,テネシー州
Bristol,ブリストル
The Woodlands,ザ・ウッドランズ
Marshall,マーシャル
McKinney,マッキニー
Mission,ミッション
Dallas/Fort Worth International Airport,ダラス・フォートワース国際空港
Edinburg,エディンバーグ
Matthews,マシューズ
Monroe,モンロー
Statesville,ステイツビル
Thomasville,トマスビル
Hickory,ヒッコリー
Huntersville,ハンターズビル
Jacksonville,ジャクソンビル
Kannapolis,カナポリス
Kinston,キンストン
Lexington,レキシントン
College Park,カレッジパーク
Ellicott City,エリコットシティ
Maryland,メリーランド州
Clemson,クレムソン
Easley,イーズリー
Apex,アペックス
Chester,チェスター
Beaufort,ビューフォート
Hanover,ハノーバー
Wilson,ウィルソン
Winston-Salem,ウィンストン・セーラム
Vineland,バインランド
Cape Girardeau,ケープジラード
Northport,ノースポート
Selma,セルマ
Sandy Springs,サンディスプリングス
Brunswick,ブランズウィック
Decatur,ディケーター
Madison,マディソン
Hoover,フーバー
Bentonville,ベントンビル
Cullman,カルマン
Sylacauga,シラコーガ
New Castle,ニューキャッスル
Saint Augustine,セントオーガスティン
Titusville,タイタスビル
Miami Gardens,マイアミガーデンズ
Miramar,ミラマー
Coral Springs,コーラルスプリングス
Key West,キーウェスト
Newport,ニューポート
Ashland,アシュランド
Florence,フローレンス
Overland Park,オーバーランドパーク
Columbus,コロンバス
Springfield,スプリングフィールド
West Valley City,ウェストバレーシティ
Lake Oswego,レイクオスウィーゴ
Kalispell,カリスペル
Great Salt Lake,グレートソルト湖
Gillette,ジレット
Issaquah,イサクア
Lacey,レイシー
Hilo,ヒロ
Honolulu County,ホノルル郡
Minot,マイノット
Edmonds,エドモンズ
Bothell,ボセル
Lynnwood,リンウッド
Marysville,メアリーズビル
Pasco,パスコ
Pullman,プルマン
Richland,リッチランド
East Harlem,スパニッシュ・ハーレム
Kahului,カフルイ
North Slope Borough,ノーススロープ郡
Kodiak,コディアック
Wasilla,ワシラ
Massachusetts,マサチューセッツ州
Pennsylvania,ペンシルベニア州
White House,ホワイトハウス
Naval Station Norfolk Chambers Field,ノーフォーク海軍基地
Silicon Valley,シリコンバレー
Braintree,ブレインツリー
Arden-Arcade,アーデンアーケード
Beale Air Force Base,ビール空軍基地
Deming,デミング
Silver City,シルヴァーシティ
Los Alamos,ロスアラモス
Ruidoso,ルイドソ
Carlsbad,カールズバッド
Clovis,クローヴィス
Las Vegas,ラスベガス
Sun Valley,サンバレー
Twin Falls,ツインフォールズ
Coeur d'Alene,コー・ダリーン
Lewiston,ルイストン
Claremont,クレアモント
Clayton,クレイトン
Tombstone,トゥームストーン
Bishop,ビショップ
Blythe,ブライス
El Centro,エル・セントロ
Emeryville,エメリービル
Burbank Bob Hope Airport,ボブ・ホープ空港
Phoenix Sky Harbor International Airport,フェニックス・スカイハーバー国際空港
Central Falls,セントラルフォールズ
East Providence,イーストプロビデンス
North Kingstown,ノースキングスタウン
Rhode Island,ロードアイランド州
General Mitchell International Airport,ジェネラル・ミッチェル国際空港
Superior,スペリオル
West Bend,ウエストベンド
Foster City,フォスターシティ
Sacramento International Airport,サクラメント国際空港
Durango,デュランゴ
Florence,フローレンス
Glenwood Springs,グレンウッド・スプリングス
Salton Sea,ソルトン湖
San Diego International Airport,サンディエゴ国際空港
Norman Y. Mineta San José International Airport,ノーマン・Y・ミネタ・サンノゼ国際空港
San Pablo,サンパブロ
Sausalito,サウサリート
Dodge City,ドッジシティ
West Hollywood,ウェスト・ハリウッド
Solvang,ソルバング
Pinole,ピノール
Denver International Airport,デンバー国際空港
Healdsburg,ヒールスバーグ
Hercules,ハーキュリーズ
Hollister,ホリスター
Aspen,アスペン
Venice,ヴェニス
Oakley,オークレー
Reno/Tahoe International Airport,リノ・タホ国際空港
Enterprise,エンタープライズ
Nye County,ナイ郡
Arches National Park,アーチーズ国立公園
El Paso International Airport,エルパソ国際空港
Wheeling,ホイーリング
Ansonia,アンソニア
Fortuna,フォーチュナ
Susanville,スーザンビル
Sitka,シトカ
Arcata,アーケータ
Ketchikan,ケチカン
Manitowoc,マニトワック
Westerly,ウェスタリー
Woonsocket,ウーンソケット
Aberdeen,アバディーン
Brookings,ブルッキングズ
Colchester,コルチェスター
Rutland,ラトランド
South Burlington,サウスバーリントン
Ontario International Airport,オンタリオ国際空港
Orinda,オリンダ
Oroville,オーロビル
Paso Robles,パソロブレス
Grass Valley,グラスバレー
Half Moon Bay,ハーフムーンベイ
Oakland International Airport,オークランド国際空港
Mono Lake,モノ湖
Montclair,モントクレア
Lafayette,ラファイエット
Laguna Beach,ラグナ・ビーチ
Lake Tahoe,タホ湖
Livingston,リビングストン
Long Beach Airport,ロングビーチ空港
Martinez,マーティネズ
Monroeville,モンロービル
Auburn,オーバーン
Azusa,アズサ
Bradley International Airport,ブラッドレー国際空港
Lebanon,レバノン
Wilkes-Barre,ウィルクスバリ
Bluefield,ブルーフィールド
South Portland,サウスポートランド
Waterville,ウォータービル
Westbrook,ウェストブルック
Port Huron,ポートヒューロン
Martinsburg,マーティンズバーグ
Shelton,シェルトン
Torrington,トリントン
Wallingford,ウォリングフォード
Fairmont,フェアモント
Washington Dulles International Airport,ワシントン・ダレス国際空港
Marshalltown,マーシャルタウン
Randolph,ランドルフ
Shrewsbury,シュルーズベリー
Portland International Jetport,ポートランド国際ジェットポート
Saco,ソコー
Leominster,レミンスター
Malden,モールデン
Marlborough,マールボロ
West Springfield,ウェストスプリングフィールド
Weymouth,ウェイマス
Auburn,オーバーン
Biddeford,ビデフォード
Brunswick,ブランズウィック
Methuen,マスーアン
Natick,ネイティック
Newburyport,ニューベリーポート
Steubenville,スチューベンビル
Marysville,メアリーズビル
Butler,バトラー
Bensalem,ベンセイラム
Pittsburgh International Airport,ピッツバーグ国際空港
Greensburg,グリーンズバーグ
Hazleton,ヘイズルトン
West Fargo,ウェストファーゴ
Eagan,イーガン
Edina,イーダイナ
Londonderry,ロンドンデリー
Merrimack,メリマック
Hector International Airport,ヘクター国際空港
Derry,デリー
Hampton,ハンプトン
Keene,キーン
Laconia,ラコニア
Lebanon,レバノン
Findlay,フィンドレー
Hastings,ヘイスティングズ
Saratoga Springs,サラトガスプリング
Defiance,ディファイアンス
Washington Heights,ワシントンハイツ
Watertown,ウォータータウン
West Point,ウェストポイント
Plattsburgh,プラッツバーグ
Rego Park,レゴ・パーク地区
Spring Valley,スプリング・バレー
Ashtabula,アシュタビューラ
La Guardia Airport,ラガーディア空港
Lake Placid,レークプラシッド
Lockport,ロックポート
Long Beach,ロングビーチ
Middletown,ミドルタウン
North Tonawanda,ノーストナワンダ
Clarksburg,クラークスバーグ
Galesburg,ゲイルズバーグ
Hoffman Estates,ホフマンエステーツ
West Hartford,ウエストハートフォード
Willimantic,ウィリマンティック
Chicago Midway International Airport,シカゴ・ミッドウェー国際空港
Chicago O'Hare International Airport,シカゴ・オヘア国際空港
Danville,ダンビル
Lansing,ランシング
Maywood,メイウッド
Enfield,エンフィールド
Fairfield,フェアフィールド
Groton,グロトン
Williamsburg,ウィリアムズバーグ
Somerset,ソメルセット
Teterboro Airport,テターボロ空港
Fort Lee,フォートリー
Hackensack,ハッケンサック
Somersworth,サマーズワース
Kingston,キングストン
Kearny,カーニー
Linden,リンデン
Long Branch,ロングブランチ
Middletown,ミドルタウン
Morristown,モリスタウン
New Jersey,ニュージャージー州
Newark Liberty International Airport,ニューアーク・リバティー国際空港
Chinatown,チャイナタウン
Amherst,アムハースト
Amsterdam,アムステルダム
Batavia,バタビア
Glen Cove,グレンコーブ
Glens Falls,グレンズフォールズ
Coney Island,コニーアイランド
Corning,コーニング
Endicott,エンディコット
Hibbing,ヒビング
Auburn Hills,オーバーンヒルズ
Northfield,ノースフィールド
Ypsilanti,イプシランティ
Winona,ウィノナ
Minneapolis-St Paul International Airport,ミネアポリス・セントポール国際空港
Everett,エバレット
Falmouth,ファルマス
Fitchburg,フィッチバーグ
Franklin,フランクリン
Danvers,ダンバース
Dedham,デダム
Noblesville,ノーブルズビル
Agawam,アガワム
Attleboro,アトルボロ
Beverly,ビバリー
Billerica,ビレリカ
Connecticut,コネチカット州
Derby,ダービー
Memphis International Airport,メンフィス国際空港
Smyrna,スマーナ
Mauldin,モールディン
North Augusta,ノースオーガスタ
Brentwood,ブレントウッド
Cayce,ケイシー
Simpsonville,シンプソンビル
Gaffney,ガフニー
Goose Creek,グースクリーク
Hilton Head Island,ヒルトンヘッドアイランド
Takoma Park,タコマパーク
Havre de Grace,ハバディグレイス
Ocean City,オーシャンシティ
Shelby,シェルビー
Mount Airy,マウント・エアリー
Raleigh-Durham International Airport,ローリー・ダーラム国際空港
Reidsville,リーズビル
Moore,ムーア
Loveland,ラブランド
Zanesville,ゼインズビル
Radford,ラドフォード
Ronald Reagan Washington National Airport,ロナルド・レーガン・ワシントン・ナショナル空港
Falls Church,フォールズチャーチ
Norfolk International Airport,ノーフォーク国際空港
Staunton,スタントン
Fairfax,フェアファックス
Lexington,レキシントン
Dallas Love Field,ダラス・ラブフィールド空港
George Bush Intercontinental Airport,ジョージ・ブッシュ・インターコンチネンタル空港
Austin-Bergstrom International Airport,オースチン・バーグストロム国際空港
Denison,デニソン
Garner,ガーナー
Lumberton,ランバートン
Mooresville,ムーアズビル
Morganton,モーガントン
Wake Forest,ウェイクフォレスト
Southern Pines,サザンパインズ
Henderson,ヘンダーソン
Hendersonville,ヘンダーソンビル
Kernersville,カーナーズビル
Charlotte Douglas International Airport,シャーロット・ダグラス国際空港
Clayton,クレイトン
Aberdeen,アバディーン
Dunn,ダン
Eden,イーデン
Elizabeth City,エリザベスシティ
Asheboro,アシュボロ
West Chester,ウェストチェスター
Philadelphia International Airport,フィラデルフィア国際空港
Bridgeton,ブリッジトン
Ocean City,オーシャンシティ
Athens,アセンズ
Lambert–St. Louis International Airport,ランバート・セントルイス国際空港
Westminster,ウェストミンスター
Fulton,フルトン
Hannibal,ハンニバル
Branson,ブランソン
Kansas City International Airport,カンザスシティ国際空港
Monroe,モンロー
Lake Pontchartrain,ポンチャートレイン湖
Winchester,ウィンチェスター
Louis Armstrong New Orleans International Airport,ルイ・アームストロング・ニューオーリンズ国際空港
Hartsfield-Jackson Atlanta International Airport,ハーツフィールド・ジャクソン・アトランタ国際空港
Jacksonville,ジャクソンビル
Texarkana,テクサーカナ
Van Buren,ヴァンビューレン
District of Columbia,ワシントン・コロンビア特別区
Delaware,デラウェア州
Lewes,ルイス
Middletown,ミドルタウン
Milford,ミルフォード
Tampa International Airport,タンパ国際空港
Miami International Airport,マイアミ国際空港
Orlando International Airport,オーランド国際空港
Cocoa Beach,ココアビーチ
Everglades National Park,エバーグレーズ国立公園
Fort Lauderdale–Hollywood International Airport,フォートローダーデール・ハリウッド国際空港
Jacksonville International Airport,ジャクソンビル国際空港
Paducah,パデューカ
Birmingham–Shuttlesworth International Airport,バーミングハム国際空港
Radcliff,ラドクリフ
Cincinnati/Northern Kentucky International Airport,シンシナティ・ノーザンケンタッキー国際空港
Hopkinsville,ホプキンスビル
Independence,インディペンデンス
Mammoth Cave National Park,マンモス・ケーブ国立公園
Nicholasville,ニコラスビル
Salina,サライナ
Erlanger,アーランガー
Georgetown,ジョージタウン
Henderson,ヘンダーソン
Leavenworth,レブンワース
Richmond,リッチモンド
Indianapolis International Airport,インディアナポリス国際空港
Commonwealth of the Northern Mariana Islands,北マリアナ諸島
Yorktown,ヨークタウン
Portland International Airport,ポートランド国際空港
Redmond,レドモンド
Salt Lake City International Airport,ソルトレイクシティ国際空港
Aberdeen,アバディーン
Coos Bay,クーズベイ
Tigard,タイガード
Tualatin,テュアラティン
West Linn,ウェストリン
Park City,パークシティ
Keizer,カイザー
Klamath Falls,クラマスフォールズ
Albany,オールバニ
Ashland,アシュランド
Newberg,ニューバーグ
Oregon City,オレゴンシティ
Rock Springs,ロックスプリングス
Evanston,エバンストン
Lake Stevens,レイクスティーブンス
Longview,ロングビュー
Waipahu,ワイパフ
Hilo International Airport,ヒロ国際空港
Daniel K. Inouye International Airport,ホノルル国際空港
Centralia,セントラリア
Cheney,チーニー
Anacortes,アナコルテス
Arlington,アーリントン
Battle Ground,バトルグラウンド
Burien,ベリアン
Lynden,リンデン
Maple Valley,メイプルバレー
Mercer Island,マーサーアイランド
Monroe,モンロー
Mount Vernon,マウントバーノン
Mukilteo,ムキルテオ
Oak Harbor,オークハーバー
Port Angeles,ポートエンジェルス
Port Orchard,ポートオーチャード
Sammamish,サマミッシュ
Seattle-Tacoma International Airport,シアトル・タコマ国際空港
Shoreline,ショアライン
Sunnyside,サニーサイド
University Place,ユニバーシティプレース
Walla Walla,ワラワラ
Washougal,ワシューガル
Wenatchee,ワナッチー
West Richland,ウェストリッチランド
Bethel,ベセル
Kahului Airport,カフルイ空港
Kailua,カイルア
Kona International Airport,コナ国際空港
Fairbanks International Airport,フェアバンクス国際空港
Fox Islands,フォックス諸島
Lahaina,ラハイナ
Yellowstone National Park,イエローストーン国立公園
Nome,ノーム
Northwest Arctic Borough,ノースウエストアークティック郡
Kenai,キナイ
Kenai Peninsula Borough,キナイペニンシュラ郡
Kodiak Island Borough,コディアックアイランド郡
Lake and Peninsula Borough,レイクアンドペニンシュラ郡
Unalaska,ウナラスカ
Aleutians East Borough,アリューシャンズイースト郡
Anchorage International Airport,テッド・スティーブンス・アンカレッジ国際空港
Lake Mead,ミード湖
Richmond International Airport,リッチモンド国際空港
Orlando Sanford International Airport,オーランド・サンフォード国際空港
Appalachian Mountains,アパラチア山脈
Walt Disney World Resort,ウォルト・ディズニー・ワールド・リゾート
Scott Air Force Base,スコット空軍基地
West Bloomfield Township,ウェスト・ブルームフィールド
Tri-Cities,トリシティズ
Los Alamos National Laboratory,ロスアラモス国立研究所
Sunland Park,サンランドパーク
Chaco Culture National Historical Park,チャコ文化国立歴史公園
Grants,グランツ
Blackfoot,ブラックフット
Boise Air Terminal,ボイシ空港
Safford,サフォード
Coconino County,ココニノ郡
Clearlake,クリアレイク
Tucson International Airport,ツーソン国際空港
Williams,ウィリアムズ
Alamo,アラモ
Alcatraz Island,アルカトラズ島
Corcoran,コーコラン
Death Valley,デスヴァレー
Disneyland,ディズニーランド
Edwards,エドワーズ空軍基地
El Cerrito,エルサリート
Mohave County,モハーヴェ郡
Coventry,コベントリー
Cumberland,カンバーランド
East Greenwich,イーストグリニッジ
Middletown,ミドルタウン
Narragansett,ナラガンセット
North Providence,ノースプロビデンス
North Smithfield,ノーススミスフィールド
Portsmouth,ポーツマス
Fresno County,フレズノ郡
San Bernardino County,サンバーナーディーノ郡
Sequoia National Park,セコイア国立公園
Placerville,プラサービル
Ukiah,ユカイア
Indian Wells,インディアンウェルズ
Inyo County,インヨー郡
Jackson,ジャクソン
Nevada City,ネバダシティ
Bryce Canyon National Park,ブライスキャニオン国立公園
Capitol Reef National Park,キャピトル・リーフ国立公園
Rick Husband Amarillo International Airport,リック・ハズバンド・アマリロ国際空港
Big Bend National Park,ビッグ・ベンド国立公園
Weirton,ウィアトン
Red Bluff,レッドブラフ
Mount Shasta,シャスタ山
Crescent City,クレセントシティ
Lassen Volcanic National Park,ラッセン火山国立公園
Zion National Park,ザイオン国立公園
Skagway,スカグウェイ
Juneau International Airport,ジュノー国際空港
Menasha,メナシャ
Warren,ウォーレン
West Warwick,ウェストウォリック
Barre,バリ
Bennington,ベニントン
Burlington International Airport,バーリントン国際空港
Vergennes,バージェンズ
Winooski,ウィヌースキー
Pottstown,ポッツタウン
Penn State University Park Airport,ユニバーシティパーク空港
Marysville,メアリーズビル
Lindsay,リンジー
Avalon,アバロン
Indiana,インディアナ
Kingston,キングストン
Washington,ワシントン
West Mifflin,ウェストミフリン
Barrington,バーリントン
Bristol,ブリストル
Rochelle,ロシェル
Putnam,パットナム
Des Moines International Airport,デモイン国際空港
Wallops Flight Facility,ワロップス飛行施設
Waynesboro,ウェインズボロ
Hallowell,ハロウェル
Sandwich,サンドウィッチ
Old Orchard Beach,オールドオーチャードビーチ
Old Town,オールドタウン
Orono,オロノ
Presque Isle,プレスクアイル
Scarborough,スカボロー
Eastport,イーストポート
Falmouth,ファルマス
Hyannis,ハイアニス
Southbridge,サウスブリッジ
Uxbridge,アクスブリッジ
Wilmington,ウィルミントン
Winthrop,ウィンスロップ
Acadia National Park,アーカディア国立公園
Brewer,ブルワー
North Adams,ノースアダムズ
Palmer,パーマー
Milan,ミラン
Wooster,ウースター
Rainy Lake,レイニー湖
Duluth International Airport,ダルース国際空港
East Grand Forks,イーストグランドフォークス
Bedford,ベドフォード
Berlin,バーリン
Claremont,クレアモント
Conway,コンウェイ
Milford,ミルフォード
Salem,セイラム
Durham,ダーラム
Exeter,エクセター
Franklin,フランクリン
Hooksett,フックセット
Marquette,マーケット
Michigan,ミシガン州
Eppley Airfield,エプリー・エアフィールド
Delaware,デラウェア
Pearl River,パール・リバー
Stewart International Airport,スチュワート国際空港
Suffern,サファーン
Monsey,モンゼイ
New City,ニュー・シティ
Oswego,オスウェゴ
Winsted,ウィンステッド
Litchfield,リッチフィールド
Buffalo Grove,バッファローグローブ
La Harpe,ラ・ハープ
Lake Forest,レイクフォレスト
East Rutherford,イーストラザフォード
Windham,ウィンダム
Haverstraw,ハベストロー
Central Park,セントラル・パーク
Armonk,アーモンク
Beacon,ビーコン
Lake George,ジョージ湖
Dobbs Ferry,ドブス・フェリー
East Village,イースト・ヴィレッジ
Austin,オースティン
Mille Lacs Lake,ミラックス湖
Near North Side,ニアー・ノース・サイド
Easthampton,イーストハンプトン
Harvard University,ハーバード大学
Bridgewater,ブリッジウォーター
Chatham,チャタム
Concord,コンコード
Vienna,ビエナ
Amesbury,エイムズベリー
Barnstable,バーンスタブル
Bay City,ベイシティ
Nashville International Airport,ナッシュビル国際空港
Great Smoky Mountains National Park,グレート・スモーキー山脈国立公園
Elizabethton,エリザベストン
Newberry,ニューベリー
Clarksdale,クラークスデール
Boone,ブーン
Owings Mills,オーウィングス・ミルズ
Roanoke Rapids,ロアノークラピッズ
Wilmington,ウィルミントン
Jamestown,ジェームズタウン
Poquoson,ポコソン
Christiansburg,クリスチャンズバーグ
William P Hobby Airport,ウィリアム・P・ホビー空港
Sullivans Island,サリバンズアイランド
Fredericksburg,フレデリックスバーグ
Fuquay-Varina,フキーバリナ
Havelock,ハブロック
Holly Springs,ホリースプリングス
Hope Mills,ホープミルズ
Kitty Hawk,キティホーク
Laurinburg,ローリンバーグ
Lenoir,レノア
Carrboro,カーボロ
Albemarle,アルベマール
Beavercreek,ビーバークリーク
Ferguson,ファーガソン
Crowley,クロウリー
Rayne,レイン
Eunice,ユーニス
Opelousas,オペルーサス
Baton Rouge Metropolitan Airport,バトンルージュ・メトロポリタン空港
Dahlonega,ダロネガ
Dublin,ダブリン
Jackson,ジャクソン
Bald Knob,ボールドノブ
Thomasville,トーマスビル
Tuscumbia,タスカンビア
Tuskegee,タスキーギ
Eureka Springs,ユーレカスプリングス
Cape Canaveral,ケープカナベラル
Delaware City,デラウェアシティ
New Castle Airport,ニューカッスル空港
Harrington,ハリントン
Rehoboth Beach,レホボスビーチ
Seaford,シーフォード
Palm Beach,パームビーチ
Key West International Airport,キーウェスト国際空港
Boaz,ボアズ
Lawrenceburg,ローレンスバーグ
Madisonville,マディソンビル
Murray,マレー
Blue Grass Airport,ブルーグラス空港
Hays,ヘイズ
Lansing,ランシング
Abilene,アビリーン
Guam,グアム
Roseburg,ローズバーグ
Cornelius,コーネリアス
Crater Lake National Park,クレーターレイク国立公園
Florence,フローレンス
Forest Grove,フォレストグローヴ
La Grande,ラグランド
Astoria,アストリア
Newport,ニューポート
Glacier National Park,グレイシャー国立公園
Elko County,エルコ郡
Pyramid Lake,ピラミッド湖
Devils Tower,デビルスタワー
Fremont County,フレモント郡
Grand Teton National Park,グランドティトン国立公園
Green River,グリーン・リバー
Kelso,ケルソー
Kenmore,ケンモア
Waimea,ワイメア
Enumclaw,イーナムクロー
Theodore Roosevelt National Park,セオドア・ルーズベルト国立公園
Des Moines,デモイン
East Wenatchee,イーストワナッチー
Ellensburg,エレンズバーグ
Camas,キャマス
Cascade Range,カスケード山脈
Moses Lake,モーゼスレイク
Mountlake Terrace,マウントレイクテラス
North Cascades National Park,ノース・カスケード国立公園
Mount Rainier,レーニア山
SeaTac,シータック
Sedro-Woolley,セドロウーリー
Sequim,スクイム
Spokane International Airport,スポケーン国際空港
Tumwater,タムウォーター
Bainbridge Island,ベインブリッジアイランド
Woodinville,ウッディンビル
Barrow,バロー
Cordova,コードバ
Denali Borough,デナリ郡
Glacier Bay National Park and Preserve,グレイシャーベイ国立公園
Kailua-Kona,カイルア・コナ
Homer,ホーマー
Maunaloa,マウナ・ロア山
Maunakea,マウナ・ケア山
Seward,スワード
North Pole,ノースポール
Pribilof Islands,プリビロフ諸島
King Salmon Airport,キングサーモン空港
Kodiak Island,コディアック島
Matanuska-Susitna Borough,マタヌスカ・スシトナ郡
Valdez,バルディーズ
North America,北アメリカ
Austin Straubel International Airport,オースチン・ストローベル国際空港
Syracuse Hancock International Airport,シラキューズ・ハンコック国際空港
Tulsa International Airport,タルサ国際空港
Northwest Arkansas Regional Airport,ノースウエストアーカンソー地方空港
Naval Station Mayport,メイポート海軍補給基地
Naval Air Station North Island,ノースアイランド海軍航空基地
National Mall,ナショナル・モール
Miller Park,ミラー・パーク
Dollywood,ドリーウッド
Universal Orlando Resort,ユニバーサル・オーランド・リゾート
Millennium Park,ミレニアム・パーク
Kapolei,カポレイ
Block Island,ブロック島
One World Trade Center,1 ワールドトレードセンター
Fort Leonard Wood,フォート・レオナード・ウッド
Redstone Arsenal,レッドストーン兵器廠
Edwards Air Force Base,エドワーズ空軍基地