동해시,東海市・(江原特別自治道)
강북구,江北区・(ソウル特別市)
관악구,冠岳区
계양구,桂陽区
강동구,江東区・(ソウル特別市)
서울 지하철 3호선,ソウル交通公社3号線
부평구청역,富平区庁駅
신분당선,新盆唐線
독도,竹島
수도권 전철 3호선,首都圏電鉄3号線
당진시,唐津市・(忠清南道)
동두천시,東豆川市
문경시,聞慶市
목포시,木浦市
밀양시,密陽市
마석역,磨石駅
갈매역,葛梅駅
상봉역,上鳳駅
금곡역 (남양주),金谷駅・(京畿道)
상천역,上泉駅・(京畿道)
청평역,清平駅
퇴계원역,退渓院駅
중랑역,中浪駅
선바위역,ソンバウィ駅
가평역,加平駅
대성리역,大成里駅
평내호평역,坪内好坪駅
망우역,忘憂駅
사릉역,思陵駅
대구광역시,大邱広域市
대한민국,大韓民国
서산시,瑞山市
서귀포시,西帰浦市
고성군 (경상남도),固城郡
삼성전자,サムスン電子
고창군,高敞郡
고흥군,高興郡
남구 (포항시),南区・(浦項市)
남동구,南洞区
곡성군,谷城郡
고성군 (강원특별자치도),高城郡・(江原特別自治道)
대덕구,大徳区
덕양구,徳陽区
달서구,達西区
단원구,檀園区
노원구,蘆原区
1988년 하계 올림픽,1988年ソウルオリンピック
자유한국당,自由韓国党
대전역,大田駅
대전광역시,大田広域市
아산시,牙山市
순천시 (전라남도),順天市
시흥시,始興市
속초시,束草市
성남시,城南市
담양군,潭陽郡
달성군,達城郡
금산군,錦山郡
기장군,機張郡
단양군,丹陽郡
괴산군,槐山郡
구례군,求礼郡
군위군,軍威郡
동구 (대전광역시),東区・(大田広域市)
덕진구,徳津区
동구 (부산광역시),東区・(釜山広域市)
동구 (광주광역시),東区・(光州広域市)
동구 (대구광역시),東区・(大邱広域市)
무안군,務安郡
도봉구,道峰区
강남구,江南区・(ソウル特別市)
서초구,瑞草区
서울메트로,ソウルメトロ
원인재역,源仁斎駅
송도역,松島駅・(仁川広域市)
수원시,水原市
서울역,ソウル駅
청량리역,清凉里駅
용산역,龍山駅・(ソウル特別市)
삼성그룹,サムスングループ
서울특별시,ソウル特別市
세종특별자치시,世宗特別自治市
경주시,慶州市
동대문구,東大門区
동구 (인천광역시),東区・(仁川広域市)
서천군,舒川郡
동남구,東南区
성주군,星州郡
동구 (울산광역시),東区・(蔚山広域市)
동안구,東安区・(安養市)
동래구,東萊区
안동시,安東市
광산구,光山区
강화군,江華郡
거창군,居昌郡
광진구,広津区
고령군,高霊郡
한국어,朝鮮語
경인선,京仁線
광명역,光明駅・(京畿道)
"민주당 (대한민국, 2011년)",民主党・(韓国・2011-2014)
서울 지하철 7호선,ソウル交通公社7号線
양산시,梁山市
고속터미널역,高速ターミナル駅
보령시,保寧市
부천시,富川市
인천국제공항,仁川国際空港
인천광역시,仁川広域市
영등포구,永登浦区
충주역,忠州駅
사천시,泗川市
삼척시,三陟市
낙성대역,落星垈駅
도라산역,都羅山駅
경기도,京畿道
가평군,加平郡
강서구 (부산광역시),江西区・(釜山広域市)
강진군,康津郡
강서구 (서울특별시),江西区・(ソウル特別市)
만안구,万安区
마산회원구,馬山会原区
마산합포구,馬山合浦区
마포구,麻浦区
부평구,富平区
북구 (광주광역시),北区・(光州広域市)
부산진구,釜山鎮区
안성시,安城市・(京畿道)
안산시,安山市
권선구,勧善区
금정구,金井区
구로구,九老区
기흥구,器興区
금천구,衿川区
남구 (광주광역시),南区・(光州広域市)
무주군,茂朱郡
안양시,安養市
보은군,報恩郡
보성군,宝城郡
남구 (대구광역시),南区・(大邱広域市)
남구 (부산광역시),南区・(釜山広域市)
미추홀구,弥鄒忽区
남구 (울산광역시),南区・(蔚山広域市)
산청군,山清郡
부여군,扶餘郡
봉화군,奉化郡
부안군,扶安郡
북구 (대구광역시),北区・(大邱広域市)
북구 (포항시),北区・(浦項市)
북구 (울산광역시),北区・(蔚山広域市)
북구 (부산광역시),北区・(釜山広域市)
분당구,盆唐区
여수시,麗水市・(全羅南道)
양주시,楊州市
영주시,栄州市
순창군,淳昌郡
오산시,烏山市
영천시,永川市
양평군,楊平郡
양양군,襄陽郡
양구군,楊口郡
신안군,新安郡
영광군 (전라남도),霊光郡
연천군,漣川郡
여주시,驪州市
동작구,銅雀区
2018년 동계 올림픽,2018年平昌オリンピック
서울숲역,ソウルの森駅
여의도,汝矣島
63빌딩,63ビル
분당선,盆唐線
부산광역시,釜山広域市
대한민국의 성매매,大韓民国における売買春
기흥역,器興駅
남해군,南海郡
하동군,河東郡・(慶尚南道)
서울평화상,ソウル平和賞
이어도,蘇岩礁
동해,日本海
서북구,西北区
서구 (인천광역시),西区・(仁川広域市)
서대문구,西大門区
성동구,城東区・(ソウル特別市)
서구 (광주광역시),西区・(光州広域市)
서구 (대구광역시),西区・(大邱広域市)
서구 (대전광역시),西区・(大田広域市)
서구 (부산광역시),西区・(釜山広域市)
상당구,上党区・(清州市)
상록구,常緑区
사상구,沙上区
사하구,沙下区
옥천군,沃川郡
옹진군 (인천광역시),甕津郡・(仁川広域市)
예산군,礼山郡
예천군,醴泉郡
읍,邑・(朝鮮)
의정부시,議政府市
의왕시,義王市
원주시,原州市
이천시,利川市・(京畿道)
익산시,益山市
영암군,霊岩郡
영월군,寧越郡
영동군,永同郡
영양군,英陽郡
영덕군,盈徳郡
기아 (기업),起亜自動車
중앙선,中央線・(韓国)
금강산선,金剛山電気鉄道
옥수역,玉水駅・(ソウル特別市)
통영시,統営市
파주시,坡州市
청송군,青松郡
포항시,浦項市
청도군,清道郡
청양군,青陽郡
평택시,平沢市
포천시,抱川市
함안군,咸安郡
태안군,泰安郡
청원군,清原郡
칠곡군,漆谷郡
함양군,咸陽郡
황해,黄海
종로구,鐘路区
해남군,海南郡
합천군,陜川郡
함평군,咸平郡
홍성군,洪城郡
수인선,水仁線
강남역,江南駅・(ソウル特別市)
수도권 전철,首都圏電鉄
경부선,京釜線
왕십리역,往十里駅
죽전역 (용인),竹田駅・(京畿道)
YG 엔터테인먼트,YGエンターテインメント
중구 (인천광역시),中区・(仁川広域市)
화순군,和順郡
홍천군,洪川郡
중구 (서울특별시),中区・(ソウル特別市)
중구 (울산광역시),中区・(蔚山広域市)
동아시아,東アジア
대한해협,朝鮮海峡
쓰시마 해협,対馬海峡
성산구,城山区
소사구,素砂区
송파구,松坡区
장성군,長城郡
수성구,寿城区
성북구,城北区・(ソウル特別市)
처인구,処仁区
중랑구,中浪区
중원구,中院区
해운대구,海雲台区
진해구,鎮海区・(昌原市)
팔달구,八達区
흥덕구,興徳区
서울 지하철 9호선,ソウル市メトロ9号線
경의선,京義線
한국철도공사,韓国鉄道公社
서울 지하철 2호선,ソウル交通公社2号線
영도구,影島区
영통구,霊通区
대한항공 007편 격추 사건,大韓航空機撃墜事件
대한민국 표준어,標準語・(大韓民国)
용인시,龍仁市
선릉역,宣陵駅
경춘선,京春線
2012년 코리아 그랑프리,2012年韓国グランプリ
수도권 전철 1호선,首都圏電鉄1号線
훈민정음,訓民正音
싸이월드,サイワールド
충주시,忠州市
현대 (기업),ヒュンダイ
정자역,亭子駅
수영구,水営区
수정구,寿井区
양천구,陽川区
연제구,蓮堤区
연수구,延寿区
수지구,水枝区
대우자동차판매 (1966년),大宇自動車販売
제주도,済州島
정석비행장,静石飛行場
동북아시아,北東アジア
일산동구,一山東区
중구 (대구광역시),中区・(大邱広域市)
일산서구,一山西区
의창구,義昌区
중구 (대전광역시),中区・(大田広域市)
중구 (부산광역시),中区・(釜山広域市)
은평구,恩平区
장안구,長安区・(水原市)
오정구,梧亭区
원미구,遠美区
용산구,龍山区・(ソウル特別市)
유성구,儒城区
철원군 (남),鉄原郡・(南)
완산구,完山区
전주시,全州市
제천시,堤川市
제주시,済州市
정읍시,井邑市
완도군,莞島郡
울진군,蔚珍郡
울주군,蔚州郡
완주군,完州郡
음성군,陰城郡
의령군,宜寧郡
임실군,任実郡
의성군,義城郡
인제군,麟蹄郡
진안군,鎮安郡
증평군,曽坪郡
진천군,鎮川郡
창녕군,昌寧郡
진도군,珍島郡
천안시,天安市
진주시,晋州市・(慶尚南道)
춘천시,春川市
청주시,清州市
태백시,太白市
장수군,長水郡
정선군,旌善郡
장흥군,長興郡
한국과학기술원,KAIST
서울대학교,ソウル大学校
포미닛,4minute
연세대학교,延世大学校
고려대학교,高麗大学校
한양대학교,漢陽大学校
포항공과대학교,浦項工科大学校
충청북도,忠清北道
하남시,河南市
충청남도,忠清南道
화천군,華川郡
상주시,尚州市
화성시,華城市
홍대입구역,弘大入口駅
천안아산역,天安牙山駅
김포공항역,金浦空港駅
오송역,五松駅
대구역,大邱駅
동대구역,東大邱駅
서대전역,西大田駅
디지털미디어시티역,デジタルメディアシティ駅
김천역,金泉駅
개화역,開花駅
공덕역,孔徳駅
수원역,水原駅・(京畿道)
울산역,蔚山駅
금정역,衿井駅
경주역,慶州駅
천안역,天安駅
의왕역,義王駅
화서역,華西駅
안양역,安養駅
금천구청역,衿川区庁駅
울림엔터테인먼트,Woollimエンターテインメント
횡성군,横城郡
부산 도시철도,釜山都市鉄道
인피니트,INFINITE
인천공항1터미널역,仁川国際空港1ターミナル駅
신논현역,新論峴駅
호남선,湖南線
흑석역,黒石駅・(ソウル特別市)
부산대학교,釜山大学校
검암역,黔岩駅
공항화물청사역,空港貨物ターミナル駅
부산역,釜山駅
계양역,桂陽駅
성균관대학교,成均館大学校
강원특별자치도,江原特別自治道
경상남도,慶尚南道
이화여자대학교,梨花女子大学校
대한민국의 행정 구역,大韓民国の地方行政区画
경상북도,慶尚北道
가산디지털단지역,加山デジタル団地駅
가좌역,加佐駅
임진강역,臨津江駅
병점기지선,餅店基地線
경찰병원역,警察病院駅
한강,漢江
영등포역,永登浦駅
고양 자이크로 FC,高陽ザイクロFC
오적 필화 사건,五賊筆禍事件
서동탄역,西東灘駅
서울 지하철 8호선,ソウル交通公社8号線
신도림역,新道林駅
병점역,餅店駅
플레디스 엔터테인먼트,PLEDISエンターテインメント
세류역,細柳駅
신기역 (삼척),新基駅・(江原特別自治道)
주한 미군 지위 협정,在韓米軍地位協定
고등과학원,高等科学院
마로니에공원,マロニエ公園
광주교통공사 1000호대 전동차,光州広域市都市鉄道公社1000系電車
대한민국 제7대 국회의원 선거,第7代総選挙・(大韓民国)
봉정사,鳳停寺
군산화물선,群山貨物線
소태역,所台駅
서울의 봄,ソウルの春
현대자동차,現代自動車
전라남도,全羅南道
전북특별자치도,全北特別自治道
대모산입구역,大母山入口駅
보정역,宝亭駅
신갈역,新葛駅
수내역,薮内駅
구성역 (용인),駒城駅
구리시,九里市
이매역,二梅駅
미금역,美金駅
서현역,書峴駅
을지로입구역,乙支路入口駅
서대문역,西大門駅
낙동강,洛東江
신탄리역,新炭里駅
안암역,安岩駅
새절역,セジョル駅
소요산역,逍遥山駅
강변역,江辺駅
서초역,瑞草駅
잠실새내역,蚕室セネ駅
대한민국 제헌 국회의원 선거,初代総選挙・(大韓民国)
대한민국의 공휴일,大韓民国の祝日
용답역,龍踏駅
동덕여자대학교,同徳女子大学校
역촌역,駅村駅
독도 분쟁,竹島問題
현대캐피탈 스카이워커스,天安現代キャピタル・スカイウォーカーズ
평화의 댐,平和のダム
난지도,蘭芝島・(ソウル特別市)
마니산,摩尼山・(大韓民国)
수려선,水驪線
한국항공우주산업,韓国航空宇宙産業
수성구청역,寿城区庁駅
대한민국 제6대 국회의원 선거,第6代総選挙・(大韓民国)
대한민국 U-23 축구 국가대표팀,U-23サッカー大韓民国代表
동촌역,東村駅・(大邱地下鉄)
당리역,堂里駅
천주교정의구현전국사제단,天主教正義具現全国司祭団
디시인사이드,DCインサイド
광주대학교,光州大学校
이양역,梨陽駅
신답역,新踏駅
조계사,曹渓寺・(ソウル特別市)
남광주역,南光州駅
대한민국 중소기업청,中小企業庁・(大韓民国)
순천역 (전라남도),順天駅
아시아송 페스티벌,アジア・ソング・フェスティバル
광주방송,光州放送
한국도심공항,韓国都心空港
부산과학기술대학교,釜山科学技術大学校
.kr,.kr
제주특별자치도,済州特別自治道
대한민국 감사원,監査院
서천공주고속도로,舒川-公州高速道路
마포대교,麻浦大橋
대전대학교,大田大学校
대한민국 검찰청,検察庁・(大韓民国)
대한민국 제8대 국회의원 선거,第8代総選挙・(大韓民国)
서경대학교,西京大学校
서울특별시경찰청,ソウル地方警察庁
낙동강역,洛東江駅
청라언덕역,青蘿の丘駅
국가철도공단,国家鉄道公団
안심역,安心駅
GS25,GS25
무안광주고속도로,務安-光州高速道路
대한민국 법제처,法制処
소양강댐,昭陽江ダム
서광주역,西光州駅
삼성카드,サムスン・カード
삼성의료원,三星医療院
마곡사,麻谷寺
평택파주고속도로,平沢坡州高速道路
가톨릭대학교,カトリック大学校
광주광역시,光州広域市
압구정로데오역,狎鴎亭ロデオ駅
도곡역,道谷駅
선정릉역,宣靖陵駅
한티역,ハンティ駅
강남구청역,江南区庁駅
중앙대학교,中央大学校
건국대학교,建国大学校
구리역,九里駅・(京畿道)
팔당역,八堂駅
서경주역 (중앙선),西慶州駅・(中央線)
서빙고역,西氷庫駅
도심역,陶深駅
운서역,雲西駅
덕소역,徳沼駅
응봉역,鷹峰駅
이촌역,二村駅
회기역,回基駅
도농역,陶農駅
한남역,漢南駅
현대자동차그룹,現代自動車グループ
대한민국 해양경찰청,海洋警察庁
1968년 하계 올림픽 대한민국 선수단,1968年メキシコシティーオリンピックの韓国選手団
신촌역 (경의선),新村駅・(韓国鉄道公社)
수색역,水色駅
대한민국 기획재정부,企画財政部
고려대역,高麗大駅
한국항공대역,韓国航空大駅
수서역,水西駅
영주역,栄州駅
오빈역,梧浜駅
운길산역,雲吉山駅
가천대역,嘉泉大駅
태평역,太平駅・(京畿道)
신원역 (양평),新院駅
야탑역,野塔駅
복정역,福井駅・(ソウル特別市)
국수역,菊秀駅
아신역,我新駅
모란역,牡丹駅・(京畿道)
양수역,両水駅
일산역,一山駅
능곡역,陵谷駅
운정역,雲井駅・(京畿道)
대한민국의 고속도로,高速国道
백마역,白馬駅・(京畿道)
곡산역,谷山駅・(京畿道)
행신역,幸信駅
탄현역,炭峴駅
이수역,総神大入口（梨水）駅
개포동역,開浦洞駅
대곡역 (고양),大谷駅・(京畿道)
풍산역 (고양),楓山駅
조선대학교,朝鮮大学校・(韓国)
봉천역,奉天駅
양평역 (양평),楊平駅
서울특별시장,ソウル特別市長
영남대학교,嶺南大学校
성수역,聖水駅
가천대학교,嘉泉大学校
양천구청역,陽川区庁駅
양평역 (서울),楊坪駅
경주역 (폐역),慶州駅・(廃駅)
1992년 동계 올림픽 대한민국 선수단,1992年アルベールビルオリンピックの韓国選手団
대한민국 해군,大韓民国海軍
파주역,坡州駅
대한민국 문화체육관광부,文化体育観光部
월롱역,月籠駅
국회의사당 (대한민국),国会議事堂・(大韓民国)
금릉역,金陵駅
금촌역,金村駅
투니버스,トゥーニバース
도림천역,道林川駅
구의역,九宜駅
용두역,龍頭駅
대한민국 문화재청,文化財庁
한국교육방송공사,韓国教育放送公社
역삼역,駅三駅
경주 불국사 다보탑,仏国寺多宝塔
V-리그 (대한민국),Vリーグ・(韓国)
서울시립대학교,ソウル市立大学校
사천공항,泗川空港
광복절,光復節・(韓国)
광양축구전용구장,光陽サッカー専用球場
테헤란로,テヘラン路
삼성역,三成駅
번영로 (부산),釜山第一都市高速道路
광역철도,広域電鉄
동해의 이름에 대한 논쟁,日本海呼称問題
헬로비너스,HELLOVENUS
올림픽대로,オリンピック大路
중앙로역 (대구),中央路駅・(大邱広域市)
온천장역,温泉場駅
이리역 폭발 사고,裡里駅爆発事故
대한민국 국민권익위원회,国民権益委員会
인사동,仁寺洞
유성온천,儒城温泉
마산역,馬山駅
천호역,千戸駅
암사역,岩寺駅
2002년 FIFA 월드컵,2002・FIFAワールドカップ
안양대학교,安養大学校
마산종합운동장 야구장,馬山総合運動場野球場
대한민국 제9대 국회의원 선거,第9代総選挙・(大韓民国)
대전 도시철도,大田都市鉄道
렛츠런파크 부산경남,釜山慶南競馬場
건국훈장,建国勲章
죽전역 (대구),竹田駅・(大邱広域市)
신윤복필 풍속도 화첩,蕙園伝神帖
부산대역,釜山大駅
KBS 연기대상,KBS演技大賞
신천역 (대구),新川駅・(大邱広域市)
가락시장역,可楽市場駅
남조선로동당,南朝鮮労働党
교대역 (서울),教大駅・(ソウル特別市)
민주주의민족전선,民主主義民族戦線
오금역,梧琴駅
당고개역,タンゴゲ駅
대구 도시철도,大邱都市鉄道
사당역,舎堂駅
선문대학교,鮮文大学校
대한민국 국방부,国防部・(大韓民国)
대한민국의 원자력 발전,韓国の原子力発電所
한국노동조합총연맹,韓国労働組合総連盟
서대문형무소,西大門刑務所
군포시,軍浦市
군산시,群山市
구미시,亀尾市
김천시,金泉市
김제시,金堤市
한국디지털미디어고등학교,韓国デジタルメディア高等学校
한서대학교,韓瑞大学校
범일역 (한국철도공사),凡一駅・(韓国鉄道公社)
포항역,浦項駅
안양외국어고등학교,安養外国語高等学校
순천왜성,順天倭城
세계일보,世界日報・(韓国)
담티역,タムティ駅
포석정,鮑石亭
남춘천역,南春川駅
굴봉산역,屈峰山駅
춘천역,春川駅
문산역,文山駅
마곡나루역,麻谷ナル駅
공항시장역,空港市場駅
양천향교역,陽川郷校駅
백양리역,白楊里駅
서울고속버스터미널,ソウル高速バスターミナル
동서울종합터미널,東ソウル総合バスターミナル
김천(구미)역,金泉（亀尾）駅
신방화역,新傍花駅
강촌역,江村駅
김유정역,金裕貞駅
신목동역,新木洞駅
국회의사당역,国会議事堂駅
염창역,塩倉駅
샛강역,セッカン駅
노들역,ノドゥル駅
당산역,堂山駅
증미역,曽米駅
노량진역,鷺梁津駅
가양역,加陽駅
선유도역,仙遊島駅
등촌역,登村駅
산성역,山城駅・(京畿道)
문정역,文井駅
단대오거리역,丹垈オゴリ駅
수진역,寿進駅
송파역,松坡駅
장지역,長旨駅
동해중부선 (일제강점기),慶東線
남한산성입구역,南漢山城入口駅
신흥역 (성남),新興駅・(京畿道)
한국 표준시,韓国標準時
거제시,巨済市
강릉시,江陵市
울산광역시,蔚山広域市
울릉도,鬱陵島
뚝섬역,トゥクソム駅
한양대역,漢陽大駅
구로디지털단지역,九老デジタル団地駅
동의대학교,東義大学校
서면 (부산),西面
상왕십리역,上往十里駅
이대역,梨大駅
신정네거리역,新亭ネゴリ駅
신공덕역,新孔徳駅
동화사,桐華寺
방배역,方背駅
대흥사,大興寺・(海南郡)
경산시,慶山市
고양시,高陽市
계룡시,鶏龍市
광명시,光明市
과천시,果川市
공주시,公州市
동중국해,東シナ海
광주시 (경기도),広州市・(京畿道)
광양시,光陽市
전북대학교,全北大学校
한강철교,漢江鉄橋
KBS춘천방송총국,KBS春川放送総局
한강대교,漢江大橋
대한민국 대법원,大法院・(大韓民国)
서울특별시청사,ソウル特別市庁
소요산,逍遥山
한국전자통신연구원,韓国電子通信研究院
수도권제2순환고속도로,首都圏第二循環高速道路
국립목포해양대학교,木浦海洋大学校
마야인,マヤ人
안동 하회마을,河回村
KBO 리그,KBOリーグ
방송소앞역,放送所前駅
정선선,旌善線
국립금오공과대학교,金烏工科大学校
한국관광대학교,韓国観光大学
병영역,兵営駅
구룡역 (순천),九龍駅・(全羅南道)
벽도역,碧桃駅
대한민국의 종교,大韓民国の宗教
숭실대학교,崇実大学校
한국도로공사,韓国道路公社
성수대교,聖水大橋
한국일보,韓国日報
산인역,山仁駅
속초역,束草駅
송석역,松石駅
삼가역 (폐역),三街駅・(旧駅)
산양역,山陽駅・(慶尚北道)
빈정역,浜汀駅
세교리역,細橋里駅
사천역,泗川駅
복암역,福巌駅
세교역,細橋駅
서대문역 (폐역),西大門駅・(朝鮮総督府鉄道)
서소문역,西小門駅
서악역,西岳駅
상동역 (남원),上洞駅・(全羅北道)
상색역,上色駅
선진역,船津駅・(慶尚南道)
서경주신호소,西慶州信号所
보문역 (예천),普門駅・(慶尚北道)
수덕역 (전라남도),水徳駅
수철리역,水鉄里駅
시동역,詩洞駅
삼죽역,三竹駅
불정역,仏井駅
북광주역,北光州駅
삼천포역,三千浦駅
석정리역,石亭里駅
부산잔교역,釜山桟橋駅
신반포역,新盤浦駅
구반포역,旧盤浦駅
사평역,砂平駅
국립서울현충원,国立ソウル顕忠院
동작역,銅雀駅
인하대학교,仁荷大学校
대한민국 제6공화국,第六共和国・(大韓民国)
초록정치연대,草緑政治連帯
서원 (한국),書院・(韓国)
대한민국 농림축산식품부,農林畜産食品部
대한민국 환경부,環境部
대한민국 고용노동부,雇用労働部
"민주당 (대한민국, 2000년)",新千年民主党
대한민국 병무청,兵務庁
대한민국 행정안전부,行政安全部
대한민국 제11대 대통령 선거,1980年大韓民国大統領選挙
무궁화대훈장,無窮花大勲章
엑스포과학공원,エキスポ科学公園
광주송정역,光州松汀駅
기림사,祗林寺
고운사,孤雲寺
문양역,汶陽駅
KBS 2TV,KBS第2テレビジョン
지산 월드 락 페스티벌,ジサン・バレー・ロック・フェスティバル
대한민국 국가인권위원회,国家人権委員会
대한민국 국가안전보장회의,国家安全保障会議・(大韓民国)
금호강,琴湖江
대한민국의 뉴라이트,ニューライト・(韓国)
잠실대교,蚕室大橋
상동역 (밀양),上東駅
남해,南海・(韓国)
대한민국 친일반민족행위자재산조사위원회,親日反民族行為者財産調査委員会
석모도,席毛島
한신대학교,韓神大学校
남원시,南原市
남양주시,南楊州市
논산시,論山市
숭실대입구역,崇実大入口駅
신대방삼거리역,新大方サムゴリ駅
청담역,清潭駅
반포역,盤浦駅
장승배기역,チャンスンベギ駅
내방역,内方駅
남성역,南城駅
상도역,上道駅・(ソウル特別市)
논현역,論峴駅
학동역,鶴洞駅
자양역 (서울),紫陽駅・(ソウル特別市)
김포시,金浦市
김해시,金海市
나주시,羅州市
수락산역,水落山駅
노원역,蘆原駅
도봉산역,道峰山駅
중계역,中渓駅
장암역,長岩駅
마들역,マドゥル駅
수도권 전철 4호선,首都圏電鉄4号線
만촌역,晩村駅
부전역 (한국철도공사),釜田駅・(韓国鉄道公社)
대한민국 국회도서관,国会図書館・(大韓民国)
경기방송,京畿放送
매포역,梅浦駅
경기만,京畿湾
네이버 (기업),ネイバー・(企業)
HD현대삼호,現代三湖重工業
서산영덕고속도로,唐津-盈徳高速道路
KBS대전방송총국,KBS大田放送総局
전주역,全州駅
대한민국 금융위원회,金融委員会
동구청역,東区庁駅
부전선,釜田線
반야월역,半夜月駅
대한민국 친일반민족행위진상규명위원회,親日反民族行為真相糾明委員会
마전역 (양주),麻田信号場
KT스카이라이프,KTスカイライフ
경남신문,慶南新聞
대한민국의 대외 관계,大韓民国の国際関係
서울 국제 만화 애니메이션 페스티벌,ソウル国際マンガ・アニメーション映画祭
한일전,日韓戦
온수역,温水駅
철산역,鉄山駅
한화그룹,ハンファグループ
보라매역,ポラメ駅
남구로역,南九老駅
대림역,大林駅・(ソウル特別市)
민주정의당,民主正義党
금호아시아나그룹,錦湖アシアナグループ
HJ중공업,韓進重工業
가은역,加恩駅
경포대역,鏡浦台駅
고평역,高坪駅
송학역 (제천),松鶴駅・(忠清北道)
가동역,佳洞駅
갈촌역,葛村駅
고지역,古池駅
간현역,艮峴駅
가릉역,佳陵駅・(旧駅)
경북풍산역,慶北豊山駅
개양역,開陽駅・(慶尚南道)
디지털미디어시티,デジタルメディアシティ
반월당역,半月堂駅
단양역,丹陽駅・(忠清北道)
주포역,周浦駅
대한민국 국세청,国税庁・(大韓民国)
88만 원 세대,88万ウォン世代
교대역 (대구),教大駅・(大邱広域市)
용산역 (대구),龍山駅・(大邱広域市)
상당역,上唐駅
미륵역,弥勒駅・(忠清北道)
서청주역,西清州駅
주산역,珠山駅
청소역,青所駅
가풍역,加豊駅
채화역,彩花駅
미호역,美湖駅
춘장대역,春長台駅
도안역 (증평),道安駅
산척역,山尺駅
금암역,琴巌駅
김제역,金堤駅
문암역 (음성),文岩駅・(忠清北道)
학성역,鶴城駅
고창담양고속도로,高敞-潭陽高速道路
남문산역,南文山駅
내동역,奈洞駅
낙산사역,洛山寺駅
금문역,琴聞駅
군산부두역,群山埠頭駅
KBS대구방송총국,KBS大邱放送総局
구랑리역,九郎里駅
내금강역,内金剛駅
남화순역,南和順駅
남울산역,南蔚山駅
공덕리역,孔徳里駅
구마산역,旧馬山駅
교원역,校原駅
군산항역 (폐역),群山港駅・(廃駅)
금오산역,金烏山駅
선운사,禅雲寺
광대리역,広大里駅
철원역,鉄原駅
남광주역 (폐역),南光州駅・(廃駅)
군자역 (폐역),君子駅・(京畿道)
김포역,金浦駅・(ソウル特別市)
노룡역,魯龍駅
대화역,大化駅
주엽역,注葉駅
마두역,馬頭駅
삼송역,三松駅・(京畿道)
화정역 (고양),花井駅
정발산역,鼎鉢山駅
백석역,白石駅・(京畿道)
연신내역,ヨンシンネ駅
원당역,元堂駅
지축역,紙杻駅
구파발역,旧把撥駅
경부고속철도,京釜高速線
이스타항공,イースター航空
덕곡역,徳谷駅
답내역,沓内駅
능내역,陵内信号場
당인리역,唐人里駅
대성역,大成駅・(慶尚南道)
다산역 (폐역),多山駅
대서역,大西駅・(京畿道)
담양역,潭陽駅
한국프로농구 2006-07,KBL・2006-07
대포역,大浦駅・(江原道)
달리역,達里駅
북한산 신라 진흥왕 순수비,北漢山新羅真興王巡狩碑
남창역,南倉駅
대구선,大邱線
국립과천과학관,大韓民国国立果川科学館
한국폴리텍VI대학,韓国ポリテク6大学
KBS광주방송총국,KBS光州放送総局
KBS부산방송총국,KBS釜山放送総局
청해진,清海鎮
화랑대역 (폐역),花郎台駅・(韓国鉄道公社)
KBS포항방송국,KBS浦項放送局
대구은행역,大邱銀行駅
김홍도 필 풍속도 화첩,檀園風俗図帖
정이품송,正二品松
대한민국 제10대 국회의원 선거,第10代総選挙・(大韓民国)
오정역,梧井駅
아천역,牙川駅
약대역,若大駅
양양역,襄陽駅
오류역,五柳駅
오천역,午川駅
안성역,安城駅・(京畿道)
신치역,新峙駅
예하역,礼下駅
여주역 (폐역),驪州駅・(旧駅)
양정역 (상주),楊亭駅・(慶尚北道)
양학동역,良鶴洞駅
신평역 (대구),新坪駅・(大邱広域市)
신현역 (문경),新峴駅・(慶尚北道)
신풍역 (여수),新豊駅・(全羅南道)
신음역,新音駅
심포리역 (삼척),深浦里信号場
안성읍내역,安城邑内駅
연희역,延禧駅
신흥리역,新興里駅
연라리역,煙羅里駅
앵남역,鸚南駅
야음역,也音駅
아현리역,阿峴里駅
안양풀장역,安養プール場駅
신길역 (폐역),新吉駅・(京畿道)
오목역,梧木駅
양지역 (용인),陽智駅
신갈역 (폐역),新葛駅・(旧駅)
신마산역,新馬山駅
영산포역,栄山浦駅
하계역,下渓駅
어린이대공원역,子供大公園駅
공릉역,孔陵駅
용마산역,龍馬山駅
먹골역,モッコル駅・(ソウル特別市)
중화역 (서울),中和駅・(ソウル特別市)
군자역,君子駅
사가정역,四佳亭駅
태릉입구역,泰陵入口駅
중곡역,中谷駅
면목역,面牧駅
교외선,ソウル郊外線
상인역,上仁駅
경대병원역,慶大病院駅
경주 한국수력원자력 FC,慶州韓国水力原子力FC
문화일보,文化日報
강매역,江梅駅
용계역,龍渓駅・(大邱広域市)
선린인터넷고등학교,善隣インターネット高等学校
남해대교,南海大橋
한양여자대학교,漢陽女子大学校
삼성중공업,サムスン重工業
동대문운동장,東大門運動場
STX (기업),STXグループ
삼익악기,三益楽器
광주대구고속도로,光州-大邱高速道路
남해고속도로,南海高速道路
국제업무지구역,国際業務地区駅
건대입구역,建大入口駅
송도국제도시,松島国際都市
이스트소프트,ESTsoft
이춘재 연쇄 살인 사건,華城連続殺人事件
대한민국 여성가족부,女性家族部・(大韓民国)
대한민국 국가보훈부,国家報勲部
대한민국 헌법,大韓民国憲法
대한민국 제18대 국회의원 선거,第18代総選挙・(大韓民国)
대한민국 제19대 국회의원 선거,第19代総選挙・(大韓民国)
금강,錦江・(韓国)
열린우리당,ウリ党
종묘 제례,宗廟祭礼祭
대한민국의 인구,大韓民国の人口統計
DSP 미디어,DSPメディア
인천SSG랜더스필드,文鶴野球場
무궁화호,ムグンファ号
국민중심당,国民中心党
충남대학교,忠南大学校
임진각국민관광지,臨津閣
KS X 1001,KS・X・1001
대구시민운동장 야구장,大邱市民運動場野球場
우송대학교,又松大学校
태백산,太白山・(韓国)
서산 해미읍성,海美邑城
직지사,直指寺
사월역,沙月駅
추풍령,秋風嶺
서부정류장역,西部停留場駅
한국여자프로농구,韓国女子バスケットボールリーグ
대한민국의 IMF 구제금융 요청,IMFによる韓国救済
성남아트센터,城南アートセンター
부천경찰서 성고문 사건,富川警察署性拷問事件
심천역,深川駅・(忠清北道)
KBS강릉방송국,KBS江陵放送局
KBS순천방송국,KBS順天放送局
상동역 (부천),上洞駅
부천시청역,富川市庁駅
목포역,木浦駅
춘의역,春衣駅
광명사거리역,光明サゴリ駅
까치울역,カチウル駅
천왕역,天旺駅
부천종합운동장역,富川総合運動場駅
굴포천역,掘浦川駅
신중동역,新中洞駅
신풍역,新豊駅・(ソウル特別市)
삼산체육관역,三山体育館駅
N서울타워,Nソウルタワー
잠실역,蚕室駅
매일경제신문,毎日経済新聞
현충로역,顕忠路駅
석촌역,石村駅
대곡역 (대구),大谷駅・(大邱広域市)
소말리아 해역 호송전대,清海部隊
KBS목포방송국,KBS木浦放送局
몽촌토성역,夢村土城駅
탄천,炭川
강동구청역,江東区庁駅
여의도공원,汝矣島公園
도고온천역,道高温泉駅
반야월역 (한국철도공사),半夜月駅・(韓国鉄道公社)
문학역,文鶴駅
매산역,梅山駅・(京畿道)
미양역,薇陽駅
만성역,万聖駅
박람회역,博覧会駅
미평역,美坪駅
미생정역,孝昌駅
매류역,梅柳駅
무촌역,茂村駅
만수역 (화순),万水駅
명산역,明山駅
망월역,望月駅
반구역,盤邱駅
미룡역,美龍駅
미산역,眉山駅・(慶尚北道)
구덕야구장,九徳野球場
동예천역,東醴泉駅
상지대학교,尚志大学校
대한민국 해양수산부,海洋水産部
육군특수전사령부,特殊戦司令部
동교역,東交駅
마전역 (안성),麻田駅・(京畿道)
도림역,道林駅・(全羅南道)
도암역,道岩駅
마성역,麻城駅・(慶尚北道)
장산역,萇山駅
한국국민당 (1981년),韓国国民党
마항역,馬項駅
대한민국의 고교 야구,韓国の高校野球
동목포역,東木浦駅
TBS (대한민국의 방송사),交通放送
두원역,杜院駅
동순천역,東順天駅
마평역,麻坪駅
용인서울고속도로,龍仁-ソウル高速道路
동막역 (서울),東幕駅・(ソウル特別市)
동촌역 (한국철도공사),東村駅・(韓国鉄道公社)
충무로역,忠武路駅
금호역 (서울),金湖駅
수도권 전철 5호선,ソウル交通公社5号線
신사역,新沙駅
서울 지하철 4호선,ソウル交通公社4号線
서울 지하철 6호선,ソウル交通公社6号線
동대입구역,東大入口駅
약수역,薬水駅・(ソウル特別市)
압구정역,狎鴎亭駅
양재역,良才駅
대치역,大峙駅・(ソウル特別市)
잠원역,蚕院駅
부천국제판타스틱영화제,富川国際ファンタスティック映画祭
매봉역,メボン駅
남부터미널역,南部ターミナル駅
일원역,逸院駅
학여울역,ハンニョウル駅
대한민국의 국가무형문화재,国家無形文化財
대청역,テチョン駅
경복궁역,景福宮駅
불광역,仏光駅
무악재역,毋岳チェ駅
독립문역,独立門駅
녹번역,碌磻駅
안국역,安国駅・(ソウル特別市)
종로3가역,鐘路3街駅
종로5가역,鐘路5街駅
을지로3가역,乙支路3街駅
홍제역,弘済駅
부산 도시철도 1호선,釜山交通公社1号線
대한민국 제18대 대통령 선거,2012年大韓民国大統領選挙
부산 도시철도 4호선,釜山交通公社4号線
서울 지하철 1호선,ソウル交通公社1号線
부산 도시철도 2호선,釜山交通公社2号線
부산 도시철도 3호선,釜山交通公社3号線
부산-김해 경전철,釜山-金海軽電鉄
대한민국의 선거,韓国の選挙
S-LCD,S-LCD
동해남부선,東海南部線
광주무등경기장 야구장,光州無等総合競技場野球場
용인 경전철,龍仁軽電鉄
당산철교,堂山鉄橋
금산사,金山寺・(金堤市)
대전한화생명이글스파크,大田ハンバッ運動場野球場
대구대학교,大邱大学校
전쟁기념관 (대한민국),戦争記念館・(韓国)
교보문고,教保文庫
국립국악원,韓国国立国楽院
영남에어,嶺南エア
한국예술종합학교,韓国芸術総合学校
광주역,光州駅
중부고속도로,中部高速道路
넷마블,ネットマーブル
대한민국의 도시 철도,韓国の地下鉄
해인사,海印寺・(陜川郡)
한남대교,漢南大橋
대한민국 제11대 국회의원 선거,第11代総選挙・(大韓民国)
정글 엔터테인먼트,Jungle・Entertainment
북악산,北岳山
연등회,燃灯会
서울 지하철,ソウル地下鉄
성서산업단지역,城西産業団地駅
한국국제협력단,韓国国際協力団
서울일본인학교,ソウル日本人学校
안동 도산서원,陶山書院
정하역,井下駅
이천역 (수려선),利川駅・(旧駅)
율현역,栗峴駅
의암역,衣岩駅
신경주대학교,慶州大学校
죽림역,竹林駅・(慶尚南道)
유산역,酉山駅
용월역,龍月駅・(京畿道)
장동역 (화순),壮東駅
월곡역 (폐역),月谷駅・(京春線)
옥정역,玉井駅・(全羅南道)
원북역,院北駅
용인역,龍仁駅
주천역,注川駅
인하대역,仁荷大駅
월정리역,月井里駅
장산역 (담양),長山駅・(全羅南道)
장호원역,長湖院駅
죽당역,竹堂駅
죽산읍내역,竹山邑内駅
죽산역,竹山駅
장단역,長湍駅
제일역,霽日駅
정봉역 (청주),丁峰駅・(忠清北道)
원정역,元亭駅
증약역,増若駅
입교역,笠橋駅
원천역,遠川駅
진성역,晋城駅・(慶尚南道)
어천역,漁川駅
어정역 (폐역),漁汀駅
행죽역,行竹駅
야목역,野牧駅
황성역,隍城信号場
2013년 K리그1,Kリーグクラシック・2013
입석리역,立石里駅・(忠清北道)
화성역,華城駅・(京畿道)
고색역,古索駅
사리역,四里駅
호당역,虎堂駅
호명역,虎鳴駅
장락역,長楽駅
석불역,石仏駅・(京畿道)
오봉역,五峯駅
애오개역,エオゲ駅
형산강,兄山江
개똥녀,犬糞女
영산강,栄山江
녹사평역,緑莎坪駅
한국 광복군,韓国光復軍
대흥역,大興駅
올림픽대교,オリンピック大橋
버티고개역,ポティゴゲ駅
화랑대역,花郎台駅・(ソウル交通公社)
서울고등학교,ソウル高等学校
행주대교,幸州大橋
징비록,懲毖録
북천역,北川駅・(慶尚南道)
오두산 통일전망대,烏頭山統一展望台
울산왜성,蔚山倭城
KBS울산방송국,KBS蔚山放送局
인왕산,仁王山・(ソウル特別市)
서울 원각사지 십층석탑,円覚寺址十層石塔
오뚜기,オットギ
청주야구장,清州総合運動場野球場
KBS제주방송총국,KBS済州放送総局
영동역,永同駅
칠성시장역,七星市場駅
평능역,平陵駅
대한민국 제12대 국회의원 선거,第12代総選挙・(大韓民国)
평촌역 (진주),坪村駅・(慶尚南道)
진주수목원역,晋州樹木園駅
표교역,標橋駅
인크루트,インクルト
대한민국 제15대 국회의원 선거,第15代総選挙・(大韓民国)
진해비행장,鎮海飛行場
한강리역,漢江里駅
초구역,草邱駅
예천비행장,醴泉飛行場
청평호반역,清平湖畔駅
초량역 (폐역),草梁駅・(韓国鉄道公社)
학산역,鶴山駅・(慶尚北道)
카라 (음악 그룹),KARA
아차산역,峨嵯山駅
한국은행 화폐박물관,韓国銀行貨幣博物館
공항철도 (기업),空港鉄道・(企業)
대한민국 재향군인회,韓国在郷軍人会
대구 도시철도 3호선,大邱交通公社3号線
제25보병사단 (대한민국),第25歩兵師団・(韓国陸軍)
제2신속대응사단,第2歩兵師団・(韓国陸軍)
제3보병사단 (대한민국),第3歩兵師団・(韓国陸軍)
밀양 여중생 집단 성폭행 사건,密陽女子中学生集団性暴行事件
외대앞역,外大前駅
광운대역,光云大駅
월곡역,月谷駅
이태원역,梨泰院駅
한화 이글스,ハンファ・イーグルス
봉화산역,烽火山駅
월드컵경기장역 (서울),ワールドカップ競技場駅・(ソウル特別市)
북제주군,北済州郡
광흥창역,広興倉駅
남산역 (김천),南山駅・(慶尚北道)
주평역,舟坪駅
제9보병사단 (대한민국),第9歩兵師団・(韓国陸軍)
아카데미과학,アカデミー科学
괴동역,槐東駅
청천역,清泉駅
문경역,聞慶駅
제7보병사단 (대한민국),第7歩兵師団・(韓国陸軍)
제철역,製鉄駅
684부대,空軍2325戦隊209派遣隊
제8기동사단,第8機械化歩兵師団・(韓国陸軍)
봉화역 (봉화),奉化駅
금호역 (영천),琴湖駅
진남역,鎮南駅
백원역 (상주),白元駅
송암역,松岩駅・(慶尚北道)
장산역 (예천),獐山駅
신동화물역,新洞貨物駅
하양역,河陽駅
봉정역,鳳亭駅
석굴암,石窟庵
전국민주노동조합총연맹,全国民主労働組合総連盟
익산역,益山駅
중국국제항공 129편 추락 사고,中国国際航空129便墜落事故
금련산역,金蓮山駅
롯데백화점,ロッテ百貨店
약목역,若木駅
경화역,慶和駅・(慶尚南道)
국가기록원,国家記録院
백석대학교,白石大学校
마산항역,馬山港駅
반성역,班城駅
진해역,鎮海駅
장유역,長有駅
대구가톨릭대학교,大邱カトリック大学校
동탄신도시,東灘新都市
동부산대학교,東釜山大学
청주대학교,清州大学校
남창원역,南昌原駅
덕산역,徳山駅・(慶尚南道)
신창원역,新昌原駅
양산화물역,梁山貨物駅
통해역,統海駅
성주사역,聖住寺駅
전남과학대학교,全南科学大学校
사직야구장,社稷野球場
괴목역,槐木駅
상평역,上坪駅
북전주역,北全州駅
덕진역,徳津駅
성산역 (순천),星山駅
옹정역,甕井駅
대불역,大仏駅・(全羅南道)
가정역 (섬진강 기차마을),柯亭駅
강남 (서울),江南・(ソウル特別市)
송천역,松川駅・(全羅北道)
곡성역 (섬진강 기차마을),谷城駅・(蟾津江汽車村)
신광양항역,新光陽港駅
초강역,楚江駅
아중역,牙中駅
군산화물역,群山貨物駅
춘포역,春浦駅
옥구역,沃溝駅
광양항역,光陽港駅
장흥역 (양주),長興駅・(京畿道)
개정역,開井駅
봉천역 (임실),鳳泉駅
산성역 (남원),山城駅・(全北特別自治道)
적량역,積良駅
침곡역,寝谷駅
초남역,草南駅
여수부두역,麗水埠頭駅
안평역 (장성),安平駅・(全羅南道)
흥국사역,興国寺駅
장성화물역,長城貨物駅
여수항역,麗水港駅
태금역,太金駅
황길역,黄吉駅
대방역,大方駅
석수역,石水駅
군포역,軍浦駅
독산역,禿山駅
명학역,鳴鶴駅
관악역,冠岳駅
남영역,南営駅
당정역,堂井駅
신길역,新吉駅
아모레퍼시픽,アモーレパシフィック
한국 우주인 배출 사업,韓国宇宙人輩出事業
키움 히어로즈,キウム・ヒーローズ
목동야구장,木洞野球場
엠넷,Mnet
망월사역,望月寺駅
성균관대역,成均館大駅
오산역,烏山駅・(京畿道)
슈퍼컵 (대한민국),韓国スーパーカップ
평택역,平沢駅
RWE,RWE
오산대역,烏山大駅
호서대학교,湖西大学校
세마역,洗馬駅・(京畿道)
창조한국당,創造韓国党
제주어,済州語
동대문역사문화공원역,東大門歴史文化公園駅
신민당 (1967년),新民党
해운대 두산위브더제니스,海雲台斗山We've・the・Zenith
울산 HD FC,蔚山HD・FC
회룡역,回龍駅
오리역,梧里駅
KBS안동방송국,KBS安東放送局
신이문역,新里門駅
송정역 (서울),松亭駅・(ソウル特別市)
가덕산,加徳山
구산역,亀山駅・(ソウル特別市)
국도 제6호선,国道6号線・(韓国)
월계역,月渓駅
선평역,仙坪駅
삼척역,三陟駅
아우라지역,アウラジ駅
석항역,石項駅
사북역,舎北駅
삼척해변역,三陟海辺駅
별어곡역,別於谷駅
삼화역,三和駅・(江原特別自治道)
쌍룡역,双龍駅・(江原特別自治道)
과학기술위성 1호,韓国科学技術院衛星4号
연당역,淵堂駅
장전역,長箭駅
KBS전주방송총국,KBS全州放送総局
청령포역,清冷浦信号場
대한민국 제14대 국회의원 선거,第14代総選挙・(大韓民国)
부산진역 (도시철도),釜山鎮駅・(釜山交通公社)
연하역,蓮下信号場
동래온천,東萊温泉
영월역,寧越駅
정선역,旌善駅
자미원역,紫味院信号場
대한민국의 천연기념물,大韓民国指定天然記念物
동관왕묘,東關王廟
예미역,礼美駅
오산화성고속도로,烏山-華城高速道路
조동역,鳥洞信号場
봉은사,奉恩寺
LG그룹,LGグループ
안동댐,安東ダム
안산와스타디움,安山ワースタジアム
고한역,古汗駅
신선대역,神仙台駅
구절리역,九切里駅
거제해맞이역,巨堤ヘマジ駅
주례역 (한국철도공사),周礼駅・(韓国鉄道公社)
문곡역,文曲駅
서면역 (동해남부선),西面駅・(朝鮮総督府鉄道)
정읍역,井邑駅
외고산역,外高山駅
울산항역,蔚山港駅
서울주교좌성당,聖公会ソウル主教座聖堂
한국폴리텍대학,韓国ポリテク大学
KBS진주방송국,KBS晋州放送局
좌천역 (한국철도공사),佐川駅・(韓国鉄道公社)
묵호항역,墨湖港駅
"민주당 (대한민국, 1955년)",民主党・(韓国・1955-1965)
대한민국 제16대 국회의원 선거,第16代総選挙・(大韓民国)
민둥산역,ミンドゥンサン駅
우암역,牛岩駅
나전역,羅田駅
대한민국 제13대 국회의원 선거,第13代総選挙・(大韓民国)
가야역 (한국철도공사),伽倻駅・(韓国鉄道公社)
탄부역,炭釜信号場
추암역,湫岩駅
함백역,咸白駅
만민중앙교회,万民中央教会
올림픽 슬라이딩 센터,アルペンシア・スライディングセンター
금란교회,金蘭教会
합천 해인사 대장경판,高麗八万大蔵経
인천문학경기장,仁川文鶴競技場
2010년 동계 올림픽 대한민국 선수단,2010年バンクーバーオリンピックの韓国選手団
건양대학교,建陽大学校
2008년 하계 올림픽 대한민국 선수단,2008年北京オリンピックの韓国選手団
쇼박스,ショーボックス
명덕역,明徳駅・(大邱広域市)
창원역,昌原駅
화명역 (도시철도),華明駅・(釜山交通公社)
상월곡역,上月谷駅
고잔역,古桟駅
증산역 (서울),繒山駅
마포구청역,麻浦区庁駅
독바위역,トクパウィ駅
제기동역,祭基洞駅
돌곶이역,トルゴジ駅
의정부역,議政府駅
KBS홀,KBSホール・(韓国)
가능역,佳陵駅
망원역,望遠駅
밤섬,栗島
범어사역,梵魚寺駅
삼각지역,三角地駅
벡스코,BEXCO
2006년 동계 올림픽 대한민국 선수단,2006年トリノオリンピックの韓国選手団
잘만테크,ZALMAN
구몬교육연구회,公文教育研究会
2012년 하계 올림픽 대한민국 선수단,2012年ロンドンオリンピックの韓国選手団
1996년 하계 올림픽 대한민국 선수단,1996年アトランタオリンピックの韓国選手団
LG전자,LGエレクトロニクス
대한민국-베트남 관계,越韓関係
한대앞역,漢大前駅
신길온천역,新吉温泉駅
소사역,素砂駅
이마트,イーマート
도봉역,道峰駅
한국어 신문 목록,韓国の新聞社一覧
역곡역,駅谷駅
응암역,鷹岩駅
LG 트윈스,LGツインズ
국립중앙극장,韓国国立劇場
삼성 라이온즈,サムスン・ライオンズ
국가재건최고회의,国家再建最高会議
송광사,松広寺
운현궁,雲峴宮
농업협동조합 (대한민국),農業協同組合・(韓国)
스타필드 코엑스몰,コエックスモール
대원미디어,テウォンメディア
가톨릭관동대학교,カトリック関東大学校
계룡역,鶏龍駅
대우건설,大宇建設
한국학중앙연구원,韓国学中央研究院
태화강역,太和江駅
OCN (텔레비전 채널),オリオン・シネマ・ネットワーク
평택지제역,平沢芝制駅
쌍용역,双龍駅・(忠清南道)
진위역,振威駅
배방역,排芳駅
두정역,斗井駅
직산역,稷山駅
봉명역,鳳鳴駅
성환역,成歓駅
아산역,牙山駅
서정리역,西井里駅
송탄역,松炭駅
길음역,吉音駅
수유역,水踰駅
제물포역,済物浦駅
영종도,永宗島
종묘,宗廟・(ソウル特別市)
대통령배 전국축구대회,大統領杯全国サッカー大会
대한예수교장로회(통합),大韓イエス教長老会・(統合)
신라대학교,新羅大学校
KBS창원방송총국,KBS昌原放送総局
LG유플러스,LGユープラス
대한민국 중앙선거관리위원회,中央選挙管理委員会・(大韓民国)
한국폴리텍VII대학,韓国ポリテク7大学
민족문제연구소,民族問題研究所
쌍방울 레이더스,サンバンウル・レイダース
난중일기,乱中日記
대한민국의 자동차 산업,韓国車
서울아산병원,ソウル峨山病院
무공훈장 (대한민국),武功勲章・(大韓民国)
FC 안양,FC安養
백운역,白雲駅
동암역,銅岩駅
하이트맥주 주식회사,ハイトビール
신설동역,新設洞駅
새마을호,セマウル号
부평역,富平駅
미아사거리역,弥阿サゴリ駅
신정역,新亭駅
정왕역,正往駅
일성록,日省録
격렬비열도,格列飛列島
한국개발연구원,韓国開発研究院
명동역,明洞駅
학동·증심사입구역,鶴洞・証心寺入口駅
극락강역,極楽江駅
피의 능선 전투,血の稜線の戦い
경기고등학교,京畿高等学校
백제어,百済語
일산선,一山線
나눔의 집,ナヌムの家
내장산,内蔵山
체육훈장,体育勲章
새만금 간척 사업,セマングム
송파나루역,松坡ナル駅
부산항대교,釜山港大橋
백석문화대학교,白石文化大学校
BBK 주가 조작 사건,BBK事件
석촌고분역,石村古墳駅
항공·철도사고조사위원회,航空・鉄道事故調査委員会・(大韓民国)
남양산역,南梁山駅
수도권 전철 경의선,首都圏電鉄京義線
불암역,仏岩駅
호포역,湖浦駅
인제대역,仁済大駅
김해대학역,金海大学駅
김해시청역,金海市庁駅
전주이씨대동종약원,全州李氏大同宗約院
양산역,梁山駅
지내역,池内駅
연지공원역,蓮池公園駅
부원역,府院駅
수로왕릉역,首露王陵駅
가야대역,加耶大駅
봉황역,鳳凰駅
장신대역,長神大駅
박물관역,博物館駅・(慶尚南道)
광주 FC,光州FC
온양온천역,温陽温泉駅
한국고속철도,韓国高速鉄道
아리랑국제방송,アリラン国際放送
신창역,新昌駅
장항선,長項線
간석역,間石駅
1956년 하계 올림픽 대한민국 선수단,1956年メルボルンオリンピックの韓国選手団
용산전자상가,龍山電子商街
상계역,上渓駅
도원역,桃源駅
창동역,倉洞駅
쌍문역,双門駅
송내역,松内駅
충주 험멜 FC,忠州ヒュンメルFC
모란 민속장,牡丹市場
이북5도위원회,以北五道
국방과학연구소,国防科学研究所・(大韓民国)
HD현대미포,現代尾浦造船
코리아 인터내셔널 서킷,韓国インターナショナル・サーキット
2NE1,2NE1
포항 스틸러스,浦項スティーラース
2010년 코리아 그랑프리,2010年韓国グランプリ
양지 축구단,陽地
5·18 광주 민주화 운동,光州事件
오마이뉴스,オーマイニュース
소정리역,小井里駅
전의역,全義駅
전동역,全東信号場
서울월드컵경기장,ソウルワールドカップ競技場
보도연맹 학살 사건,保導連盟事件
서창역,瑞倉信号場
서울종합운동장 야구장,蚕室野球場
반월역,半月駅
창신역,昌信駅
초지역,草芝駅
압구정동,狎鴎亭
예술의전당,芸術の殿堂
KIA 타이거즈,起亜タイガース
미아역,弥阿駅
동대문역,東大門駅
도화역,道禾駅
중동역 (부천),中洞駅・(京畿道)
태종대,太宗台
상록수역,常緑樹駅
남태령역,南泰嶺駅
대야미역,大夜味駅
오이도역,烏耳島駅
문화훈장 (대한민국),文化勲章・(韓国)
도메인 핵,ドメインハック
안동 전투,安東の戦い
K리그1,Kリーグ1
캠프 험프리스,ハンフリーズ基地
동아대학교,東亜大学校
서해대교,西海大橋
맥심커피배,マキシムコーヒー杯入神連勝最強戦
충북 청주 FC,忠北清州FC
대한민국의 맥주,韓国のビール
세천역,細川駅
대전조차장역,大田操車場
회덕역,懐徳駅
연기군,燕岐郡
신탄진역,新灘津駅
대한민국의 국가,愛国歌・(大韓民国)
영등포구청역,永登浦区庁駅
잠실나루역,蚕室ナル駅
녹천역,鹿川駅
선학역,仙鶴駅
방화역,傍花駅
범계역,ポムゲ駅
굽은다리역,クブンダリ駅
방학역,放鶴駅
여의나루역,汝矣ナル駅
우장산역,雨装山駅
개화산역,開花山駅
거문도,巨文島
평촌역,坪村駅・(京畿道)
경마공원역,競馬公園駅
개봉역,開峰駅
대공원역 (과천),大公園駅・(京畿道)
부개역,富開駅
아현역,阿峴駅
평창군,平昌郡
내판역,内板信号場
조치원역,鳥致院駅
부강역,芙江駅
니트족,ニート
1990년 다이너스티컵,ダイナスティカップ1990
닌텐도 3DS 게임 목록,ニンテンドー3DSのゲームタイトル一覧
아리랑,アリラン
서강대역,西江大駅
대공원역 (대구),大公園駅・(大邱広域市)
KBS원주방송국,KBS原州放送局
수도권 전철 중앙선,首都圏電鉄中央線
딘타이펑,鼎泰豊
광주 도시철도 1호선,光州広域市都市鉄道公社1号線
송도 인천타워,仁川タワー
한국 요리,朝鮮料理
화악산 (경기/강원),華岳山・(京畿道・江原特別自治道)
대전 도시철도 1호선,大田広域市都市鉄道公社1号線
서울특별시 도시철도공사,ソウル特別市都市鉄道公社
대한민국 원,大韓民国ウォン
대구 도시철도 1호선,大邱交通公社1号線
대구 도시철도 2호선,大邱交通公社2号線
한국외국어대학교,韓国外国語大学校
2011년 세계 육상 선수권 대회,2011年世界陸上競技選手権大会
디지털 미디어 시티 랜드마크 빌딩,ソウルDMCランドマークビルディング
오류동역,梧柳洞駅
정관장 레드스파크스,大田正官庄レッドスパークス
거가대교,巨加大橋
대구 지하철 화재 참사,大邱地下鉄放火事件
국립한국해양대학교,韓国海洋大学校
자갈치시장,チャガルチ市場
마장역,馬場駅・(ソウル特別市)
을지로4가역,乙支路4街駅
서울 SK 나이츠,ソウルSKナイツ
합천 해인사 장경판전,海印寺大蔵経板殿
다이아몬드 타워,釜山タワー
한국도로공사 하이패스,韓国道路公社ハイパス
목동역,木洞駅
화곡역,禾谷駅
발산역,鉢山駅
고덕역,高徳駅
답십리역,踏十里駅
신내역,新内駅・(ソウル特別市)
남제주군,南済州郡
방이역,芳荑駅
행당역,杏堂駅
오목교역,梧木橋駅
별내역,別内駅
전대·에버랜드역,前垈・エバーランド駅
달월역,達月駅
왜성 (건축),倭城
사직동 (서울),社稷洞・(鐘路区)
수원시청역,水原市庁駅
한복,韓服
매교역,梅橋駅
매탄권선역,梅灘勧善駅
공항동,空港洞
서울역 버스 환승센터,ソウル駅バス乗換センター
브레이브 엔터테인먼트,Braveエンターテインメント
부천 FC 1995,富川FC・1995
부천종합운동장,富川総合運動場
경기도청북부청사역,京畿道庁北部庁舎駅
경전철의정부역,軽電鉄議政府駅
콘스탄티노폴리스 세계 총대주교청,コンスタンティノープル総主教庁
매사냥,鷹狩
용인중앙시장역,運動場・松潭大駅
둔전역 (용인),屯田駅
명지대역,明知大駅
초당역,草堂駅
고진역,古陳駅
강남대역,江南大駅
김량장역,金良場駅
어정역,御井駅・(京畿道)
지석역,支石駅
동백역 (용인),東栢駅
보평역,ポ坪駅
삼가역,三街駅
시청·용인대역,市庁・龍仁大駅
명일역,明逸駅
아시아나항공,アシアナ航空
광나루역,クァンナル駅
광운대학교,光云大学校
상수역,上水駅・(ソウル特別市)
거여역,巨余駅
마포역,麻浦駅
마천역,馬川駅
까치산역,カチ山駅
경인교대입구역,京仁教大入口駅
보문역,普門駅
길동역,吉洞駅
마곡역,麻谷駅
올림픽공원역,オリンピック公園駅・(ソウル特別市)
무의도,舞衣島
울산 현대모비스 피버스,蔚山現代モービスフィバス
문학경기장역,文鶴競技場駅
북촌 한옥마을,北村韓屋村
현대건설 힐스테이트,水原現代建設ヒルステート
케이티프리텔,KTF
인천터미널역,仁川ターミナル駅
인천대입구역,仁川大入口駅
강동역,江東駅
상일동역,上一洞駅
부평시장역,富平市場駅
GS칼텍스 KIXX,GSカルテックス・ソウルKIXX
범골역,ポムコル駅
송산역 (의정부),松山駅・(京畿道)
발곡역,鉢谷駅
지식정보단지역,知識情報団地駅
노량진수산시장,鷺梁津水産市場
어룡역 (의정부),魚龍駅
서울 사직단,ソウル社稷壇
거창 양민 학살 사건,居昌事件
작전역,鵲田駅
동오역,東梧駅
캠퍼스타운역,キャンパスタウン駅
인천시청역,仁川市庁駅
새말역,セマル駅
곤제역,昆弟駅
의정부중앙역,議政府中央駅
효자동 (서울),孝子洞・(鐘路区)
흥선역,興宣駅
탑석역,塔石駅
강서구청역,江西区庁駅
의정부시청역,議政府市庁駅
효자역 (의정부),孝子駅・(京畿道)
청담동,清潭洞
청운동,清雲洞
구덕운동장,九徳総合運動場
성남중앙공원,盆唐中央公園
대한민국 산업통상자원부,産業通商資源部
반크,Voluntary・Agency・Network・of・Korea
한국정보통신대학교,韓国情報通信大学校
라이따이한,ライダイハン
GS칼텍스배,GSカルテックス杯プロ棋戦
아주대학교,亜洲大学校
종로 (서울),鐘路
분황사,芬皇寺
경주 계림,鶏林
오대산,五台山・(江原特別自治道)
대한항공,大韓航空
JTBC,JTBC
세계평화통일가정연합,世界平和統一家庭連合
망포역,網浦駅
영통역,霊通駅
상갈역,上葛駅
청명역,清明駅・(京畿道)
1988년 하계 올림픽 육상,1988年ソウルオリンピックの陸上競技
테크노파크역,テクノパーク駅
박촌역,朴村駅
임학역,林鶴駅
부평삼거리역,富平三ゴリ駅
계산역,桂山駅
귤현역,橘峴駅
단국대학교,檀国大学校
2PM,2PM
2011년 코리아 그랑프리,2011年韓国グランプリ
KG모빌리티,KGモビリティ
평강역 (부산),平江駅
대저역,大渚駅
공항역 (부산),空港駅・(釜山広域市)
등구역,登亀駅
금사역,錦糸駅
신연수역,新延寿駅
동수역,東樹駅
체육공원역,体育公園駅
덕두역,徳斗駅
구서역,久瑞駅
대사역,大沙駅
서부산유통지구역,西釜山流通地区駅
낙민역,楽民駅
동래역 (도시철도),東萊駅・(釜山交通公社)
좌천역 (도시철도),佐川駅・(釜山交通公社)
명륜역,明倫駅
초량역,草梁駅
강릉공항,江陵飛行場
간석오거리역,間石五ゴリ駅
동막역,東幕駅
화엄사,華厳寺・(求礼郡)
센트럴파크역,セントラルパーク駅
동춘역,東春駅
경부고속도로,京釜高速道路
목포공항,木浦空港
예술회관역,芸術会館駅
갈산역 (인천),葛山駅
서동역,書洞駅
못골역,モッコル駅・(釜山広域市)
범일역 (도시철도),凡一駅・(釜山交通公社)
남산역 (부산),南山駅・(釜山広域市)
두실역,斗実駅
대한불교조계종,曹渓宗
문현역,門峴駅
대연역,大淵駅
경성대·부경대역,慶星大・釜慶大駅
고촌역 (부산),古村駅
노포역,老圃駅
지게골역,チゲゴル駅
국제금융센터·부산은행역,国際金融センター・釜山銀行駅
안평역 (부산),安平駅・(釜山広域市)
신인왕전 (한국),BCカード杯新人王戦
대한독립촉성노동총연맹,大韓独立促成全国労働総同盟
이화동 (서울),梨花洞・(鐘路区)
가회동,嘉会洞
씨제스 스튜디오,C-JES
CGV,CJ・CGV
수도기계화보병사단,首都機械化歩兵師団・(韓国陸軍)
부산불꽃축제,釜山国際花火祭り
명동역 (안동),鳴洞駅
1988년 하계 올림픽 수영,1988年ソウルオリンピックの競泳競技
세븐일레븐,セブン-イレブン・(米国)
감삼역,甘三駅
영산대역,霊山大駅
대명역,大明駅
해운대역,海雲台駅
고려사,高麗史
충북대학교,忠北大学校
독도박물관,独島博物館
울산대학교,蔚山大学校
1988년 하계 올림픽 대한민국 선수단,1988年ソウルオリンピックの韓国選手団
부산 오픈 국제 남자 챌린저 테니스 대회,プサン・オープン・チャレンジャー
한국프로농구 2007-08,KBL・2007-08
TS 엔터테인먼트,TSエンターテインメント
세종대학교,世宗大学校
흥국생명 핑크스파이더스,仁川興国生命ピンクスパイダーズ
대한민국 제3대 대통령 선거,1956年大韓民国大統領選挙
연평도,延坪島
대한민국 통일부,統一部
한화솔라원,Qセルズ
S.E.S.,S.E.S.
대한민국 제2대 대통령 선거,1952年大韓民国大統領選挙
피에스타 (음악 그룹),FIESTAR
중림동,中林洞
광희동,光熙洞
하단역 (부산),下端駅
AOA (음악 그룹),AOA・(音楽グループ)
백마고지역,白馬高地駅
동대신역,東大新駅
토함산,吐含山
한국방송통신대학교,韓国放送通信大学校
남해도,南海島
경주국립공원,慶州国立公園
종합운동장역 (서울),総合運動場駅・(ソウル特別市)
구룡역 (서울),九龍駅・(ソウル特別市)
의정부 경전철,議政府軽電鉄
배산역,盃山駅
서대신역,西大新駅
망미역,望美駅
광안역,広安駅
민락역,民楽駅・(釜山広域市)
종합운동장역 (부산),総合運動場駅・(釜山広域市)
연산역 (부산),蓮山駅
물만골역,ムルマンゴル駅
대한민국의 법,韓国法
거제역,巨堤駅
남천역,南川駅
토성역,土城駅・(釜山広域市)
시청역 (부산),市庁駅・(釜山広域市)
교대역 (부산),教大駅・(釜山広域市)
수영역,水営駅
동백역 (부산),冬柏駅
반여농산물시장역,盤如農産物市場駅
벡스코역,BEXCO駅・(釜山交通公社)
센텀시티역,センタムシティ駅
윷놀이,ユンノリ
중동역 (부산),中洞駅・(釜山広域市)
덕포역,徳浦駅
용유차량기지,龍遊車両事業所
안지랑역,アンジラン駅
자갈치역,チャガルチ駅
윗반송역,上盤松駅
중앙역 (부산),中央駅・(釜山広域市)
남포역 (부산),南浦駅・(釜山広域市)
석대역,石坮駅
창원시,昌原市
종각역,鐘閣駅
군산공항,群山空港
부천역,富川駅・(京畿道)
영대병원역,嶺大病院駅
교남동,橋南洞
일본 상품 불매운동,日本製品不買運動
K리그2,Kリーグ2
수덕사,修徳寺
KBS 바둑왕전,KBS杯バドゥク王戦
코스닥,KOSDAQ
대경대학교,大慶大学校
홍익대학교,弘益大学校
호암미술관,湖巌美術館
미남역,美南駅
명장역,鳴蔵駅
과학기술위성 2호,STSAT-2A
통도사,通度寺
한국가스공사,韓国ガス公社
구남역,亀南駅
양정역 (부산),楊亭駅
부전역 (도시철도),釜田駅・(釜山交通公社)
개금역,開琴駅
구명역,亀明駅
동의대역,東義大駅
전포역,田浦駅・(釜山広域市)
수안역,寿安駅
부암역,釜岩駅
가야역 (도시철도),伽倻駅・(釜山交通公社)
금곡역 (부산),金谷駅・(釜山広域市)
충렬사역,忠烈祠駅
사직역,社稷駅
범내골역,ポムネゴル駅
삼청동,三清洞
혜화동,恵化洞
부암동 (서울),付岩洞
평창동,平倉洞
무악동,毋岳洞
신동역,新洞駅
사곡역,沙谷駅
대한민국 제1차 국민투표,1962年大韓民国の国民投票
구미역,亀尾駅
왜관역,倭館駅
대신역,大新駅・(慶尚北道)
추풍령역,秋風嶺駅
국립고궁박물관,国立古宮博物館
아포역,牙浦駅
직지사역,直指寺駅
황간역,黄澗駅
신암역,新岩信号場
연화역,蓮花駅
소공동,小公洞
제5회 전국동시지방선거,第5回全国同時地方選挙・(韓国)
대한민국 U-17 축구 국가대표팀,U-17サッカー大韓民国代表
경방,京紡
동서대학교,東西大学校
R리그,Rリーグ
강창역,江倉駅
천안 전투,天安の戦い
창신동,昌信洞
대한독립촉성국민회,大韓独立促成国民会
군종신부와 부상병 학살 사건,斗満虐殺事件
춘사영화제,春史大賞映画祭
119 (응급 전화번호),119番
시청역 (서울),市庁駅・(ソウル特別市)
한국철도공사 8000호대 전기 기관차,韓国鉄道8000形電気機関車
반포대교,盤浦大橋
스타쉽 엔터테인먼트,STARSHIPエンターテインメント
남산정역,南山亭駅
1988년 하계 올림픽 복싱,1988年ソウルオリンピックのボクシング競技
냉정역,冷井駅
괴정역,槐亭駅
숙등역,淑嶝駅
덕천역 (부산),徳川駅
사상역 (도시철도),沙上駅
대티역,大峙駅・(釜山広域市)
괘법르네시떼역,掛法ルネシテ駅
율리역,栗里駅
만덕역,万徳駅
감전역,甘田駅・(釜山広域市)
동원역,東院駅
모덕역,毛徳駅
모라역,毛羅駅
수정역,水亭駅
주례역,周礼駅
청주방송,清州放送
대실역,テシル駅
신기역 (대구),新基駅・(大邱広域市)
방촌역,芳村駅・(大邱広域市)
각산역,角山駅
반고개역,パンゴゲ駅
송현역,松峴駅
율하역,栗下駅
진천역,辰泉駅
이곡역,梨谷駅
내당역,内唐駅
다사역,多斯駅
해안역,解顔駅
두류역,頭流駅
아양교역,峨洋橋駅
월촌역,月村駅
월배역,月背駅
선풍기 사망설,扇風機の都市伝説
대한민국 제5대 대통령 선거,1963年大韓民国大統領選挙
이원역,伊院駅
한강진역,漢江鎮駅
대한민국 제7대 대통령 선거,1971年大韓民国大統領選挙
지탄역,池灘駅
대한민국 제6대 대통령 선거,1967年大韓民国大統領選挙
옥천역,沃川駅
광곡역,広谷駅
코원시스템,Cowon
대우그룹,大宇財閥
BF (음악 그룹),BF・(音楽グループ)
소목장,指物
롯데마트,ロッテマート
한반도 비무장 지대,軍事境界線・(朝鮮半島)
연합뉴스,聯合ニュース
대한민국 제5차 국민투표,1980年大韓民国の国民投票
TvN,TvN
대한민국 제4차 국민투표,1975年大韓民国の国民投票
미사리 조정경기장,渼沙里漕艇競技場
필동,筆洞
인천논현역,仁川論峴駅
금정고등학교,金井高等学校・(韓国)
대한민국 제13대 대통령 선거,1987年大韓民国大統領選挙
회현동 (서울),会賢洞・(中区)
장충동,奨忠洞
대한민국 제12대 대통령 선거,1981年大韓民国大統領選挙
영남대역,嶺南大駅
수원 토막 살인 사건,水原バラバラ殺人事件
대한민국 정부 발표 친일반민족행위자 명단,親日反民族行為者
대한민국의 일본 대중문화 개방,韓国での日本大衆文化の流入制限
정평역 (경산),正坪駅
양재시민의숲역,良才市民の森駅
채널A,Channel・A
EXID,EXID
화천댐,華川ダム
K리그 승부조작 사건,Kリーグ八百長事件
광명 스피돔,光明ドーム競輪場
신당동 (서울),新堂洞・(行政洞)
임당역,林堂駅
포스코인터내셔널,ポスコインターナショナル
서울공항,ソウル空軍基地
속초공항,束草飛行場
청량리 588,清凉里・588
데일리NK,デイリーNK
국군체육부대,国軍体育部隊
대전 전투,大田の戦い
오산 공군기지,烏山空軍基地
한탄강,漢灘江
한국 피겨스케이팅 선수권 대회,韓国フィギュアスケート選手権
손오공 (기업),ソノコン
팬택,パンテック%26キュリテル
SK텔레콤,SKテレコム
한국철도공사 8500호대 전기 기관차,韓国鉄道公社8500形電気機関車
대한민국의 검열,韓国における検閲
대한야구소프트볼협회,大韓野球ソフトボール協会
광주무등경기장,光州無等総合競技場
한국프로농구 2008-09,KBL・2008-09
SKY (대학교),SKY・(大学)
두산에너빌리티,斗山重工業
대한민국의 자살,韓国における自殺
고양 원더스 (2011-2014),高陽ワンダーズ
청계산입구역,清渓山入口駅
브레이브걸스,BBGIRLS
KBO 퓨처스리그,フューチャースリーグ
고모역,顧母駅
온돌,オンドル
지천역,枝川駅・(慶尚北道)
1952년 하계 올림픽 대한민국 선수단,1952年ヘルシンキオリンピックの韓国選手団
SK하이닉스,SKハイニックス
대한성공회,大韓聖公会
서대구역,西大邱駅
인천축구전용경기장,仁川サッカー競技場
월명종합경기장 야구장,群山月明総合運動場野球場
대한체육회,大韓体育会
교동도,喬桐島
코리아 익스프레스 에어,コリアエクスプレスエア
조두순 사건,ナヨン事件
고상전역,高商前駅
애이콤프로덕션,AKOM
택견,テッキョン
경동시장,京東市場
박 (성씨),朴・(姓)
씨름,シルム
한자 문화권,漢字文化圏
창원축구센터,昌原サッカーセンター
고산역 (대구),孤山駅・(大邱広域市)
범어역,泛魚駅
일본항공 351편 공중 납치 사건,よど号ハイジャック事件
간도,間島
신매역,新梅駅
조선은행,朝鮮銀行
규장각,奎章閣
연호역,蓮湖駅
동서울대학교,東ソウル大学
공동경비구역,共同警備区域
부산 실내사격장 화재,釜山射撃場火災
아리랑 3호,アリラン3号
아시안 하이웨이 6호선,アジアハイウェイ6号線
대한민국 여자 농구 국가대표팀,バスケットボール女子大韓民国代表
천안함 피격 사건,天安沈没事件
303고지 학살,303高地の虐殺
진주역,晋州駅
서울올림픽주경기장,ソウルオリンピック主競技場
국립경주박물관,国立慶州博物館
서강대학교,西江大学校
HL 안양,HLアニャン
대한민국 국회,国会・(大韓民国)
신분당선 (기업),新盆唐線・(企業)
대한민국 이라크 평화·재건 사단,ザイトゥーン部隊
SK그룹,SKグループ
한국 정교회,韓国正教会
한글날,ハングルの日
포스코타워-송도,ポスコタワー-松島
국립중앙박물관,国立中央博物館
아시안 하이웨이 1호선,アジアハイウェイ1号線
미스코리아,ミス・コリア
우리은행,ウリィ銀行
르노코리아자동차,ルノーコリア自動車
동의보감,東医宝鑑
신갈 분기점,新葛ジャンクション
평안북도 (대한민국),平安北道・(大韓民国)
평안남도 (대한민국),平安南道・(大韓民国)
황해도 (대한민국),黄海道・(大韓民国)
양재 나들목,良才インターチェンジ
여행경보,危険情報
함경북도 (대한민국),咸鏡北道・(大韓民国)
죽도 (울릉군),竹嶼
북한강,北漢江
청와대,青瓦台
한미연합군사령부,米韓連合司令部
대한민국의 병역 제도,大韓民国の徴兵制度
대한민국 저작권법,著作権法・(大韓民国)
한국씨티은행,韓国シティ銀行
대한민국의 자동차 운전면허,韓国の運転免許
컴투스,Com2uS
진해 해군기지,鎮海海軍基地
2004-05 아시아리그 아이스하키,アジアリーグアイスホッケー2004-2005
안강-기계 전투,慶州の戦い
2003-04 아시아리그 아이스하키,アジアリーグアイスホッケー2003-2004
한일공동선언,日韓共同宣言
문수역,文殊駅
2005-06 아시아리그 아이스하키,アジアリーグアイスホッケー2005-2006
한국 서울 성전,韓国ソウル神殿
대한민국의 지리,大韓民国の地理
가산동,加山洞
중양절,重陽
숭례문,崇礼門
대한민국 야구 국가대표팀,野球大韓民国代表
경주 월성,月城・(慶州)
추전역,杻田駅・(江原特別自治道)
광주월드컵경기장,光州ワールドカップ競技場
수원월드컵경기장,水原ワールドカップ競技場
티웨이항공,ティーウェイ航空
부산 아이파크,釜山アイパーク
국립중앙도서관,韓国国立中央図書館
실미도,実尾島
에어부산,エアプサン
안랩,アンラボ
한국전력 빅스톰,水原韓国電力ビクストーム
대한민국 제14대 대통령 선거,1992年大韓民国大統領選挙
수도권 (대한민국),首都圏・(韓国)
대한민국 제6차 국민투표,1987年大韓民国の国民投票
2002년 아시안 게임,2002年アジア競技大会
한국항공우주연구원,韓国航空宇宙研究院
한진해운,韓進海運
강화도,江華島
대한민국의 교통표지,韓国の道路標識
롯데월드타워,ロッテワールドタワー
대한민국의 대학 목록,大韓民国の大学一覧
한국야구위원회,韓国野球委員会
T 익스프레스,T-エクスプレス
에버랜드,エバーランド
전남대학교,全南大学校
남대문시장,南大門市場
롯데월드,ロッテワールド
금성사,金星社
대림대학교,大林大学校
대전과학고등학교,大田科学高等学校
대관령,大関嶺
1988년 하계 올림픽 축구,1988年ソウルオリンピックのサッカー競技
직지심체요절,直指心体要節
국립안동대학교,安東大学校
1988년 하계 패럴림픽,1988年ソウルパラリンピック
전국한자교육추진총연합회,全国漢字教育推進総聯合会
조선왕릉,朝鮮王陵
고창 화순 강화 고인돌 유적,高敞、和順、江華の支石墓群
나로우주센터,羅老宇宙センター
한국 수어,韓国手話
교동면,喬桐面
호남고속철도,湖南高速線
아침고요수목원,アチムゴヨ樹木園
성결대학교,聖潔大学校
수서평택고속선,水西平沢高速線
쿠쿠전자,クク電子
대한민국 아이스하키 국가대표팀,アイスホッケー韓国代表
코리아 오픈 (테니스),韓国オープン・(テニス)
인천 도시철도,仁川都市鉄道
판문점,板門店
MBK 엔터테인먼트,MBKエンターテインメント
대한민국 제15대 대통령 선거,1997年大韓民国大統領選挙
경남 FC,慶南FC
대한민국 국가청렴위원회,大韓民国国家清廉委員会
대한민국 제16대 대통령 선거,2002年大韓民国大統領選挙
불국사,仏国寺
경주 양동마을,良洞村
마라도,馬羅島
가거도,可居島
경주역사유적지구,慶州歴史地域
TBC (대한민국의 방송사),TBC・(韓国)
아시안 하이웨이,アジアハイウェイ
운산역,雲山駅
단촌역,丹村駅
업동역,業洞信号場
무릉역,武陵駅
죽령역,竹嶺信号場
풍기역,豊基駅
단성역,丹城駅
비봉역,飛鳳信号場
북영주역,北栄州信号場
우보역,友保駅
안정역,安定信号場
의성역,義城駅
이하역,伊下駅
희방사역,喜方寺駅
탑리역,塔里駅
도담역,嶋潭駅
평은역,平恩駅
옹천역,甕泉信号場
서지역,西枝信号場
마사역,麻仕駅
삼곡역,三谷駅・(忠清北道)
승문역,縄文駅
갑현역,甲峴信号場
화본역,花本駅
Kt wiz,KTウィズ
엘스비어,エルゼビア
봉림역,鳳林駅・(大邱広域市)
한국민속촌,韓国民俗村
북한산,北漢山
대한민국의 사형제,韓国における死刑
한라산,漢拏山
1988년 하계 올림픽 다이빙,1988年ソウルオリンピックの飛込競技
대한민국 국군,大韓民国国軍
광주 도시철도,光州都市鉄道
롯데 자이언츠,ロッテ・ジャイアンツ
경산역,慶山駅
가천역,佳川駅
물금역,勿禁駅
신거역,新巨駅
삼성역 (경산),三省駅
미전역,美田信号所
원동역,院洞駅
원더걸스,Wonder・Girls
삼랑진역,三浪津駅
남성현역,南省峴駅
청도역,清道駅
밀양역,密陽駅
FC 서울,FCソウル
수원 화성,水原華城
아무르판,アムールプレート
대한민국 여자 축구 국가대표팀,サッカー大韓民国女子代表
한국증권거래소,韓国証券取引所
2014년 아시안 게임,2014年アジア競技大会
2002년 동계 올림픽 대한민국 선수단,2002年ソルトレークシティオリンピックの韓国選手団
롯데하이마트,ロッテハイマート
화산역,花山駅・(慶尚北道)
대정역,大井駅・(京畿道)
송포역,松浦信号場
KBS 1TV,KBS・1TV
북영천역,北永川駅
신녕역,新寧駅
모량역,牟梁駅
임포역,林浦駅
건천역,乾川駅
율동역,栗洞信号場
영천역,永川駅
아화역,阿火駅
원릉역,元陵駅
삼릉역,三陵駅・(京畿道)
증평역,曽坪駅
정선 알파인 경기장,旌善アルペン競技場
송추역,松湫駅
달천역,達川駅
주덕역,周徳駅
청주공항역,清州空港駅
목행역,牧杏駅
삼탄역,三灘駅
일영역,日迎駅
소이역,蘇伊駅
보천역,甫川駅
용동역,龍東駅
가수원역,佳水院駅
공전역,公田駅
청주역,清州駅
온릉역,温陵駅
벽제역,碧蹄駅
흑석리역,黒石里駅
내수역,内秀駅
동량역,東良駅
오근장역,梧根場駅
음성역,陰城駅
부산대양산캠퍼스역,釜山大梁山キャンパス駅
네오위즈,Neowiz
창덕궁,昌徳宮
화명역 (한국철도공사),華明駅・(韓国鉄道公社)
부산진역 (한국철도공사),釜山鎮駅・(韓国鉄道公社)
구포역 (한국철도공사),亀浦駅
사상역 (한국철도공사),沙上駅・(韓国鉄道公社)
흑산도,黒山島
용문역 (양평),龍門駅・(京畿道)
국제대학교 (경기),国際大学校・(京畿道)
국군기무사령부,国軍機務司令部
시사저널,時事ジャーナル
작전계획 5029,作戦計画5029
신한국 프로레슬링,新韓国プロレス
스타제국,スター帝国
혜민서,恵民署
2002년 아시안 게임 유도,2002年アジア競技大会における柔道競技
서원대학교,西原大学校
무예제보,武芸諸譜
트리플 원,龍山ドリームタワー
수원 FC,水原FC
대구스타디움,大邱スタジアム
1960년 AFC 아시안컵,AFCアジアカップ1960
단성사,團成社
제주국제공항,済州国際空港
재벌,財閥・(韓国)
써클 차트,サークルチャート
경복궁,景福宮
김포국제공항,金浦国際空港
수원 삼성 블루윙즈,水原三星ブルーウィングス
2012년 세계 박람회,麗水国際博覧会
한국거래소,韓国取引所
국립국어원,国立国語院
광안리해수욕장,広安里
남북통일,朝鮮統一問題
휠라,フィラ
성남 FC,城南FC
마산시,馬山市
청계천,清渓川
서울대공원,ソウル大公園
티아라 (음악 그룹),T-ARA
한국기원,韓国棋院
1998년 동계 올림픽 대한민국 선수단,1998年長野オリンピックの韓国選手団
임진강,臨津江
아산만,牙山湾
노근리 양민 학살 사건,老斤里虐殺事件
채운역,彩雲信号場
강경역,江景駅
대한민국의 차량 번호판,韓国のナンバープレート
1995년 다이너스티컵,ダイナスティカップ1995
1998년 다이너스티컵,ダイナスティカップ1998
개태사역,開泰寺駅
한국켄트외국인학교,ケント外国人学校
1994년 동계 올림픽 대한민국 선수단,1994年リレハンメルオリンピックの韓国選手団
부황역,夫皇駅
1992년 다이너스티컵,ダイナスティカップ1992
가사 (문학),歌辞
부용역,芙蓉駅
황등역,黄登駅
2035년 9월 2일 일식,2035年9月2日の日食
신태인역,新泰仁駅
노령역,蘆嶺駅
2002년 아시안 게임 축구,2002年アジア競技大会におけるサッカー競技
천원역,川原駅
와룡역,臥龍駅
2005년 A3 챔피언스컵,A3チャンピオンズカップ2005
함열역,咸悦駅
감곡역,甘谷駅
백양사역,白羊寺駅
작은형제회,小さき兄弟会
당신의 여자,あなたの女
대한민국 미식축구 국가대표팀,アメリカンフットボール大韓民国代表
부석사,浮石寺・(栄州市)
대한민국의 교통,大韓民国の交通
사직실내체육관,社稷室内体育館
국립군산대학교,群山大学校
강화 양민 학살 사건,江華良民虐殺事件
ISO 3166-2:KR,ISO・3166-2:KR
대한민국 농구 국가대표팀,バスケットボール大韓民国代表
서울과학기술대학교,ソウル科学技術大学校
경남과학기술대학교,慶南科学技術大学校
국립목포대학교,木浦大学校
국립강릉원주대학교,江陵原州大学校
용인대학교,龍仁大学校
을지대학교,乙支大学校
한국철도대학,韓国鉄道大学
국립공주대학교,公州大学校
인제대학교,仁済大学校
청주교육대학교,清州教育大学校
총신대학교,総神大学校
국립한밭대학교,ハンバッ大学校
경인교육대학교,京仁教育大学校
배재대학교,培材大学校
공군사관학교 (대한민국),空軍士官学校・(韓国)
육군사관학교 (대한민국),陸軍士官学校・(韓国)
서울예술대학교,ソウル芸術大学校
한울원자력발전소,ハヌル原子力発電所
부산 롯데타워,釜山ロッテタウンタワー
대한민국의 교육,大韓民国の教育
대한민국의 정당,韓国の政党一覧
한빛원자력발전소,ハンビッ原子力発電所
인천 유나이티드 FC,仁川ユナイテッドFC
부산아시아드주경기장,釜山アジアド主競技場
제주월드컵경기장,済州ワールドカップ競技場
전남 드래곤즈,全南ドラゴンズ
문화방송,文化放送・(韓国)
울산문수축구경기장,蔚山文殊サッカー競技場
대전월드컵경기장,大田ワールドカップ競技場
임성리역,任城里駅
동백산역,東栢山駅
솔안역,ソラン信号場
무안역,務安駅
임곡역,林谷駅
하남역,河南駅・(光州広域市)
북송정역,北松汀信号所
고막원역,古幕院駅
도계역,道渓駅
장성역,長城駅
함평역,咸平駅
몽탄역,夢灘駅
통리역,桶里駅
강릉역,江陵駅
노안역,老安駅
2019년 1월 6일 일식,2019年1月6日の日食
일로역,一老駅
정동진역,正東津駅
민주사회를 위한 변호사모임,民主社会のための弁護士会
다시역,多侍駅
나주역,羅州駅
제주 러브랜드,済州ラブ・ランド
1986년 아시안 게임,1986年アジア競技大会
대한민국의 지역별 국내 총생산,大韓民国の域内総生産順リスト・(一人当たり購買力平価)
한강의 기적,漢江の奇跡
대한축구협회,大韓サッカー協会
KBS경인방송센터,KBS京仁放送センター
바다열차,海列車
SBS,SBS・(韓国)
대곡-소사선,大谷-素砂線
제주항공,チェジュ航空
부산국제영화제,釜山国際映画祭
설악산,雪岳山
부산동부경찰서,釜山東部警察署
부산북부경찰서,釜山北部警察署
부산사상경찰서,釜山沙上警察署
한국바둑리그,韓国囲碁リーグ
르노코리아자동차 갤러리,ルノーコリア自動車ギャラリー
부산서부경찰서,釜山西部警察署
주한 미국 대사관,駐韓アメリカ合衆国大使館
한 (정서),恨
부산중부경찰서,釜山中部警察署
부산강서경찰서,釜山江西警察署
부산사하경찰서,釜山沙下警察署
부산광역시경찰청,釜山地方警察庁
부처님 오신 날,灌仏会
광역시,広域市
환구단,圜丘壇
제주 화산섬과 용암 동굴,済州の火山島と溶岩洞窟群
해녀,海女・(韓国)
신촌역 (지하),新村駅・(ソウル交通公社)
이태원,梨泰院
올림픽 대한민국 선수단,オリンピックの韓国選手団
HDC영창,HDC英昌
대외경제정책연구원,対外経済政策研究院
대한민국 U-20 축구 국가대표팀,U-20サッカー大韓民国代表
천안 시티 FC,天安シティFC
덕수궁,徳寿宮
신화 (음악 그룹),神話・(音楽グループ)
제주 유나이티드 FC,済州ユナイテッドFC
양원역 (봉화),両元駅
석포역,石浦駅
1986년 한국시리즈,1986年の韓国シリーズ
1989년 한국시리즈,1989年の韓国シリーズ
승부역,承富駅
봉성역,鳳城駅
서울 경전철 신림선,ソウル軽電鉄新林線
서울 경전철 우이신설선,ソウル軽電鉄牛耳新設線
1983년 한국시리즈,1983年の韓国シリーズ
1984년 한국시리즈,1984年の韓国シリーズ
1990년 한국시리즈,1990年の韓国シリーズ
1992년 한국시리즈,1992年の韓国シリーズ
핸드볼 H리그,ハンドボール韓国リーグ
한국물가정보배 프로기전,物価情報杯プロ棋戦
문단역,文丹信号場
법전역,法田駅
1991년 한국시리즈,1991年の韓国シリーズ
1993년 한국시리즈,1993年の韓国シリーズ
1998년 한국시리즈,1998年の韓国シリーズ
1994년 한국시리즈,1994年の韓国シリーズ
1999년 한국시리즈,1999年の韓国シリーズ
1988년 한국시리즈,1988年の韓国シリーズ
1996년 한국시리즈,1996年の韓国シリーズ
흥전역,興田駅
서울 경전철 동북선,ソウル軽電鉄東北線
1987년 한국시리즈,1987年の韓国シリーズ
1997년 한국시리즈,1997年の韓国シリーズ
대한민국의 철도,大韓民国の鉄道
KBS 월드라디오,KBSワールドラジオ
영종대교,永宗大橋
청룡영화상,青龍映画賞
가거초,日向礁
우도,牛島・(済州市)
KTX-산천,韓国鉄道公社110000系電車
장충체육관,奨忠体育館
안면도,安眠島
서울중앙성원,ソウル中央モスク
KB국민은행,KB国民銀行
위니아전자,ウィニ電子ジャパン
경희대학교,慶熙大学校
동궁과 월지,東宮と月池
세종문화회관,世宗文化会館
한국철도공사 8200호대 전기 기관차,韓国鉄道8200形電気機関車
서해안고속도로,西海岸高速道路
조선왕조실록,朝鮮王朝実録
조선왕조의궤,朝鮮王室儀軌
어버이날,両親の日
한국어의 남북 간 차이,朝鮮語の南北差
삼양옵틱스,三洋オプティクス
Wii 게임 목록,Wiiのゲームタイトル一覧
경제정의실천시민연합,経済正義実践市民連合
북위 36도,北緯36度線
2011년 서울특별시장 보궐선거,2011年ソウル市長補欠選挙
동점역,銅店駅
북위 34도,北緯34度線
구포역 열차 전복 사고,亀浦駅列車転覆事故
수원신갈 나들목,水原新葛インターチェンジ
서울신문,ソウル新聞
월출산,月出山
전주대학교,全州大学校
티머니,Tマネー
서울광장,ソウル広場
대원씨아이,大元・C.I.
숙명여자대학교,淑明女子大学校
한성대학교,漢城大学校
경성대학교,慶星大学校
대한민국 미래창조과학부,未来創造科学部
수원대학교,水原大学校
고신대학교,高神大学校
칼빈대학교,カルビン大学校
ESA (기업),ソフトマックス・(ゲームソフト)
국립부경대학교,釜慶大学校
서울외국어고등학교,ソウル外国語高等学校
논산천안고속도로,論山-天安高速道路
상명대학교,祥明大学校
대한민국 제17대 대통령 선거,2007年大韓民国大統領選挙
일산구,一山区
대한민국 법무부,法務部・(大韓民国)
간송미술관,澗松美術館
롯데그룹,ロッテグループ
창경궁,昌慶宮
극동대학교,極東大学校
인천연수경찰서,仁川延寿警察署
부산기장경찰서,釜山機張警察署
김해중부경찰서,金海中部警察署
김해서부경찰서,金海西部警察署
양산경찰서,梁山警察署
부산남부경찰서,釜山南部警察署
부산연제경찰서,釜山蓮堤警察署
부산금정경찰서,釜山金井警察署
크래프톤,Bluehole
부산해운대경찰서,釜山海雲台警察署
부산동래경찰서,釜山東萊警察署
부산진경찰서,釜山鎮警察署
밀양경찰서,密陽警察署
속리산,俗離山
국가보안법 (대한민국),国家保安法・(大韓民国)
호남고속도로,湖南高速道路
부산교육대학교,釜山教育大学校
대한민국 기상청,大韓民国気象庁
흥인지문,興仁之門
대구교육대학교,大邱教育大学校
한림대학교,翰林大学校
성공회대학교,聖公会大学校
자유민주연합,自由民主連合
전주교육대학교,全州教育大学校
제헌절 (대한민국),制憲節
진주교육대학교,晋州教育大学校
한경국립대학교,韓京国立大学校
대종상,大鐘賞
계룡산,鶏龍山
우포늪,牛浦沼
대한민국의 정치,大韓民国の政治
리그컵 (대한민국),韓国リーグカップ
남산골 한옥마을,南山韓屋村
대한민국의 성소수자 권리,大韓民国におけるLGBTの権利
칠성사이다,チルソンサイダー
빼빼로,ペペロ
대한민국 핸드볼 국가대표팀,ハンドボール韓国代表
닌텐도 Wi-Fi 커넥션,ニンテンドーWi-Fiコネクション
나한정역,羅漢亭駅
임기역,林基駅
동아시아 공동체,東アジア共同体
분천역,汾川駅
녹동역 (봉화),鹿洞駅・(慶尚北道)
용산선,龍山線
거촌역,巨村駅
춘양역,春陽駅
현동역,県洞駅
숙대입구역,淑大入口駅
신용산역,新龍山駅
구로역,九老駅
인천역,仁川駅・(仁川広域市)
중앙역 (안산),中央駅・(京畿道)
수리산역,修理山駅
혜화역,恵化駅
한화오션,ハンファオーシャン
경원선,京元線
용인한국외국어대학교 부설고등학교,龍仁韓国外国語大学校付設高等学校
용두산공원,龍頭山公園
서울 삼성 썬더스,ソウル三星サンダース
내셔널리그 (대한민국의 축구),ナショナルリーグ・(韓国)
대구 FC,大邱FC
대한민국의 국립공원,韓国の国立公園
엔씨소프트,NCSOFT
충북선,忠北線
안산역,安山駅
한성대입구역,漢城大入口駅
성신여대입구역,誠信女大入口駅
삼례역,参礼駅
회현역,会賢駅
동익산역,東益山駅
주안역,朱安駅
안락역,安楽駅・(釜山広域市)
인덕원역,仁徳院駅
산본역,山本駅・(京畿道)
동산역,東山駅・(全北特別自治道)
대한민국 보건복지부,保健福祉部
신평역,新平駅
평택제천고속도로,平沢-堤川高速道路
동해고속도로,東海高速道路
제2경인고속도로,第二京仁高速道路
충무로,忠武路
수도권제1순환고속도로,首都圏第一循環高速道路
경인고속도로,京仁高速道路
대한민국 식품의약품안전처,食品医薬品安全処
10·26 사건,朴正煕暗殺事件
수원케이티위즈파크,水原総合運動場野球場
대한민국 경찰청,警察庁・(大韓民国)
삽교역,挿橋駅
간치역,艮峙駅
대천역,大川駅・(忠清南道)
효자역 (포항),孝子駅・(慶尚北道)
한국산업은행,韓国産業銀行
신곡역,新谷駅・(忠清南道)
화양역,華陽駅
광천역,広川駅
"민주당 (대한민국, 1991년)",民主党・(韓国・1991-1995)
포항 전투,浦項の戦い
대전선,大田線
수요집회,日本軍『慰安婦』問題解決全国行動
판도라TV,パンドラTV
대한민국 여자 아이스하키 국가대표팀,アイスホッケー女子韓国代表
인천아시아드주경기장,仁川アシアド主競技場
인천대학교,仁川大学校
영동선,嶺東線
아시아나항공 733편 추락 사고,アシアナ航空733便墜落事故
PC방,PCバン
하고사리역,下古士里駅
도경리역,桃京里信号場
여천역,麗川駅
미로역,未老駅
철암역,鉄岩駅
고사리역,古士里駅
율촌역,栗村駅
상정역,上鼎信号場
안인역,安仁駅
덕양역,徳陽駅
동운역,東雲駅・(全羅南道)
마차리역,馬次里駅
여수엑스포역,麗水エキスポ駅
KD운송그룹,KD運送グループ
현대모비스,現代モービス
묵호역,墨湖駅
망상해수욕장역,望祥海水浴場駅
망상역,望祥駅
백산역,栢山駅・(江原特別自治道)
동해역,東海駅・(江原特別自治道)
옥계역,玉渓駅・(江原特別自治道)
대전남부순환고속도로,大田南部循環高速道路
명지대학교,明知大学校
서울숲,ソウルの森
농심,農心
경북선,慶北線
아시아리그 아이스하키,アジアリーグアイスホッケー
LG디스플레이,LGディスプレイ
대한민국 정보통신부,情報通信部
1986년 아시안 게임 축구,1986年アジア競技大会におけるサッカー競技
가야대학교,加耶大学校
지앤지엔터테인먼트,G%26G・Entertainment
죽림온천역,竹林温泉駅
부산교통공사,釜山交通公社
제1·2차 원주 전투,第1次・第2次原州の戦い
신리역,新里駅・(全北特別自治道)
양정역 (남양주),養正駅
낙동강 방어선 전투,釜山橋頭堡の戦い
양원역 (서울),養源駅
중앙고속도로,中央高速道路
인천국제공항고속도로,仁川国際空港高速道路
영동고속도로,嶺東高速道路
국립순천대학교,順天大学校
전라선,全羅線
울산고속도로,蔚山高速道路
판소리,パンソリ
현대해상화재보험,現代海上火災保険
탄천종합운동장,炭川総合運動場
한국지엠,韓国GM
경향신문,京郷新聞
서울 삼전도비,大清皇帝功徳碑
강원대학교,江原大学校
독립문,独立門
효성 (기업),ヒョースン
송정역 (부산),松亭駅・(釜山広域市)
나원역,羅原駅
불국사역,仏国寺駅
기장역,機張駅
죽동역,竹東駅・(慶尚北道)
안강역,安康駅・(慶尚北道)
일광역,日光駅・(釜山広域市)
동방역,東方駅・(慶尚北道)
덕하역,徳下駅
동래역 (한국철도공사),東萊駅・(韓国鉄道公社)
모화역,毛火駅
센텀역,センタム駅
효문역,孝門駅
청령역,青令駅
월내역,月内駅
호계역,虎渓駅
신해운대역,新海雲台駅
재송역,栽松駅
서생역,西生駅
개운포역,開雲浦駅
입실역,入室駅
둔촌동역,遁村洞駅
합정역,合井駅
이순신대교,李舜臣大橋
남사당놀이,男寺党
영등포시장역,永登浦市場駅
한반도,朝鮮半島
한국대중음악상,韓国大衆音楽賞
석계역,石渓駅・(ソウル特別市)
1992년 하계 올림픽 대한민국 선수단,1992年バルセロナオリンピックの韓国選手団
대한민국 배구 국가대표팀,バレーボール大韓民国男子代表
충정로역,忠正路駅
신금호역,新金湖駅
여의도역,汝矣島駅
장한평역,長漢坪駅
승정원일기,承政院日記
한일 해저 터널,日韓トンネル
한미 관계,米韓関係
전북 현대 모터스,全北現代モータース
강릉실내종합체육관,江陵カーリングセンター
제3회 전국동시지방선거,第3回全国同時地方選挙・(韓国)
제4회 전국동시지방선거,第4回全国同時地方選挙・(韓国)
G1방송,G1・(放送局)
제6회 전국동시지방선거,第6回全国同時地方選挙・(韓国)
강릉종합경기장,江陵総合競技場
오수역,獒樹駅
관촌역,館村駅
봉덕역,鳳徳駅
서도역,書道駅
금지역,金池駅
압록역,鴨緑駅
임실역,任実駅
북위 37도,北緯37度線
구례구역,求礼口駅
동아시아 경기 대회,東アジア競技大会
남원역,南原駅
주생역,周生駅
곡성역,谷城駅
개운역,開雲駅
북위 38도,北緯38度線
사하역,沙下駅
용주사,龍珠寺
전국교직원노동조합,全国教職員労働組合
한국민주당,韓国民主党
한글 학회,ハングル学会
민주공화당 (대한민국),民主共和党・(韓国)
구일역,九一駅
경전선,慶全線
정부과천청사역,政府果川庁舎駅
광화문역,光化門駅
과천역,果川駅
신당역,新堂駅・(ソウル特別市)
개롱역,開籠駅
동인천역,東仁川駅
신례원역,新礼院駅
오가역,吾可駅
사방역,士方駅
부조역,扶助駅
예산역,礼山駅
양자동역,良子洞駅
한림정역,翰林亭駅
웅천역,熊川駅・(忠清南道)
원죽역,元竹駅
홍성역,洪城駅
판교역 (서천),板橋駅・(忠清南道)
서천역,舒川駅
남산 케이블카,南山ケーブルカー
서면역,西面駅
지리산,智異山
김해국제공항,金海国際空港
KR모터스,S%26Tモータース
보성역,宝城駅
대한민국의 금융기관 목록,大韓民国の銀行の一覧
경기대학교,京畿大学校
소백산맥,小白山脈
송원고등학교,松源高等学校
남평역,南平駅・(全羅南道)
동송정역,東松汀信号場
명봉역,鳴鳳駅
닌텐도 DS의 게임 목록,ニンテンドーDSのゲームタイトル一覧
효천역,孝泉駅
화순역,和順駅
제진역,猪津駅
옥산역,玉山駅・(慶尚北道)
대한민국의 대통령 선거,大韓民国大統領選挙
1991년 대한민국 지방 선거,1991年韓国地方議会議員選挙
대한민국 제19대 대통령 선거,2017年大韓民国大統領選挙
제1회 전국동시지방선거,第1回全国同時地方選挙・(韓国)
대한민국 제20대 국회의원 선거,第20代総選挙・(大韓民国)
제2회 전국동시지방선거,第2回全国同時地方選挙・(韓国)
국립지도박물관,地図博物館
국토지리정보원,国土地理情報院
대한민국 민주평화통일자문회의,民主平和統一諮問会議
신천지예수교 증거장막성전,新天地イエス教証しの幕屋聖殿
특례시 (대한민국),特例市・(韓国)
써클차트 뮤직 어워즈,サークルチャートミュージックアワード
센텀시티,センタムシティ
"사회당 (대한민국, 1998년)",社会党・(韓国)
자유당 (대한민국),自由党・(大韓民国)
IBK기업은행 알토스,IBK企業銀行アルトス
한국방송공사,韓国放送公社
대한민국의 설치순 도시 목록,大韓民国の都市の一覧
타타대우상용차,タタ大宇
호미곶면,虎尾串面
SK텔레텍,SKテレテック
대한민국의 대통령 목록,韓国大統領一覧
김포선,金浦線
강릉 아이스 아레나,江陵アイスアリーナ
대한민국의 기업 목록,韓国の企業一覧
대한민국의 경찰,大韓民国の警察
2AM,2AM
남포역 (보령),藍浦駅
장항역,長項駅
평창알펜시아리조트,アルペンシアリゾート
북위 35도,北緯35度線
오산리역,五山里駅
캠프 보니파스,キャンプ・ボニファス
임피역,臨陂駅
대한장기협회,大韓チャンギ協会
군산역,群山駅
대야역,大野駅・(全北特別自治道)
시스트란,SYSTRAN
하동역,河東駅・(慶尚南道)
진례역,進礼駅
군북역,郡北駅
함안역,咸安駅
진상역,津上駅
옥곡역,玉谷駅
진영역,進永駅
완사역,浣紗駅
용강신호소,龍岡信号所
다솔사역,多率寺駅
창원중앙역,昌原中央駅
유수역,柳樹駅
양보역,良甫駅
중리역,中里駅・(慶尚南道)
횡천역,横川駅・(慶尚南道)
예당역,礼堂駅
능주역,綾州駅
득량역,得粮駅
골약역,骨若駅
원창역,元倉駅
평화역,平和信号場
조성역,鳥城駅
광양역,光陽駅
벌교역,筏橋駅
가야산,伽耶山
제1보병사단 (대한민국),第1歩兵師団・(韓国陸軍)
2002년 FIFA 월드컵 G조,2002・FIFAワールドカップ・グループG
상주역,尚州駅
어등역,魚登駅
2002년 FIFA 월드컵 C조,2002・FIFAワールドカップ・グループC
2002년 FIFA 월드컵 D조,2002・FIFAワールドカップ・グループD
함창역,咸昌駅
점촌역,店村駅
예천역,醴泉駅
청리역,青里駅
2002년 FIFA 월드컵 A조,2002・FIFAワールドカップ・グループA
용궁역,龍宮駅
2002년 FIFA 월드컵 결선 토너먼트,2002・FIFAワールドカップ・決勝トーナメント
개포역,開浦駅
2002년 FIFA 월드컵 B조,2002・FIFAワールドカップ・グループB
금강대학교,金剛大学校
한국프로농구 2004-05,KBL・2004-05
한국프로농구 2003-04,KBL・2003-04
한국프로농구 2005-06,KBL・2005-06
굿네이버스,グッドネーバーズ・ジャパン
금관총,金冠塚
2002년 FIFA 월드컵 F조,2002・FIFAワールドカップ・グループF
2002년 FIFA 월드컵 H조,2002・FIFAワールドカップ・グループH
2002년 FIFA 월드컵 E조,2002・FIFAワールドカップ・グループE
윤도,風水羅盤
대한민국 공군,大韓民国空軍
엔트리브 소프트,Ntreev・Soft
B.A.P,B.A.P
HD현대중공업,HD現代重工業
태풍 볼라벤 (2012년),平成24年台風第15号
광주문화방송,光州文化放送
미아리 텍사스,ミアリテキサス
대한민국의 경제,大韓民国の経済
MBC강원영동 삼척방송국,三陟文化放送
금남로4가역,錦南路4街駅
문화전당역,文化殿堂駅
송정공원역,松汀公園駅
쌍촌역,双村駅
상무역,尚武駅
공항역 (광주),空港駅・(光州広域市)
화정역 (광주),花亭駅
부산문화방송,釜山文化放送
운천역 (광주),雲泉駅・(光州広域市)
양동시장역,良洞市場駅
돌고개역,トルゴゲ駅
도산역,道山駅
대전문화방송,大田文化放送
대구문화방송,大邱文化放送
평동역,平洞駅
농성역,農城駅
김대중컨벤션센터역,金大中コンベンションセンター駅
금남로5가역,錦南路5街駅
광주송정역 (도시철도),光州松汀駅駅
대동역,大洞駅
시청역 (대전),市庁駅・(大田広域市)
월평역,月坪駅
탄방역,炭坊駅
의정부 KB손해보험 스타즈,議政府KB損害保険スターズ
구암역 (대전),九岩駅
반석역,盤石駅
하나회,ハナフェ
서울 모터쇼,ソウルモーターショー
대구국제공항,大邱国際空港
엠넷 아시안 뮤직 어워드,Mnet・Asian・Music・Awards
JYP 엔터테인먼트,JYPエンターテインメント
대한민국 육군,大韓民国陸軍
대한민국의 사적,大韓民国指定史跡
대한민국 산림청,山林庁
우정사업본부,郵政事業本部
한진그룹,韓進グループ
경희궁,慶熙宮
에이핑크,Apink
보산역,保山駅・(京畿道)
광화문광장,光化門広場
월드컵경기장역 (대전),ワールドカップ競技場駅・(大田広域市)
광주기아챔피언스필드,光州起亜チャンピオンズフィールド
유성온천역,儒城温泉駅
노은역,老隠駅
대한민국의 아이돌,韓国のアイドル
판암역,板岩駅
신흥역 (대전),新興駅・(大田広域市)
갑천역,甲川駅
갈마역 (대전),葛馬駅
용문역 (대전),龍汶駅
한국의 역법,朝鮮の暦
대학로 (서울),大学路
대한민국 예비군,大韓民国郷土予備軍
탑골공원,タプコル公園
1999년 동계 아시안 게임,1999年アジア冬季競技大会
양주역,楊州駅
해군사관학교 (대한민국),海軍士官学校・(韓国)
을지로,乙支路
안산선,安山線
국사편찬위원회,国史編纂委員会
식목일 (대한민국),植木日
녹양역,緑楊駅
동구릉,東九陵
신흥사 (속초시),新興寺・(束草市)
백범김구기념관,白凡記念館
대한민국 축구 국가대표팀,サッカー大韓民国代表
한탄강역,漢灘江駅
계명대학교,啓明大学校
통합진보당,統合進歩党
동두천중앙역,東豆川中央駅
대한민국 특허청,特許庁・(大韓民国)
동두천역,東豆川駅
덕정역,徳亭駅
지행역,紙杏駅
하이원 서울가요대상,ソウル歌謡大賞
OBS경인TV,OBS京仁テレビ
매곡역,梅谷駅
서원주역,西原州駅
중구청역,中区庁駅
현충원역,顕忠院駅
일신역 (양평),日新駅
동화역,桐華駅
오룡역,五龍駅
정부청사역,政府庁舎駅
구절역,九切駅
동백정역,冬栢亭駅
서대전네거리역,西大田ネゴリ駅
지평역,砥平駅
공주역,公州駅
기동역,奇洞駅
지족역,智足駅
삼산역,三山駅・(京畿道)
양동역,楊東駅
중앙로역 (대전),中央路駅・(大田広域市)
주교역,舟橋駅
옥마역,玉馬駅
입장역,笠場駅
연무대역,錬武台駅
장항화물역,長項貨物駅
삼산역 (서천),三山駅・(忠清南道)
선장역,仙掌駅
석교역,石橋駅・(忠清南道)
성거역,聖居駅
신성역,新城駅・(忠清南道)
신도역,新都駅・(忠清南道)
온동역,温洞駅
옥서역,玉西駅
희원엔터테인먼트,ヒウォンエンタテインメント
원두역,元頭駅
신부역,新富駅・(忠清南道)
연산역 (논산),連山駅
장항잔교역,長項桟橋駅
대한민국의 보건,韓国の医療
한국공항공사,韓国空港公社
부여 송국리 유적,松菊里遺跡
함경남도 (대한민국),咸鏡南道・(大韓民国)
횡성소방서,横城消防署
2017년 FIFA U-20 월드컵,2017・FIFA・U-20ワールドカップ
송탄,松炭
호남고속도로지선,湖南高速道路支線
대광리역,大光里駅
신망리역,新望里駅
미래희망연대,未来希望連帯
백상예술대상,百想芸術大賞
남한산성,南漢山城
경주 국제 마라톤,慶州国際マラソン
고양 소노 스카이거너스,高陽ソノ・スカイガンナーズ
아리랑 1호,アリラン1号
한국체육대학교,韓国体育大学校
중부내륙선,中部内陸線
청주국제공항,清州国際空港
부산교통공사 축구단,釜山交通公社FC
국립창원대학교,昌原大学校
태백선,太白線
대전관저고등학교,大田関雎高等学校
K3리그 (아마추어),K3リーグ・(2007–2019)
휴맥스,HUMAX
2002년 아시안 게임 배드민턴,2002年アジア競技大会におけるバドミントン競技
반제민족민주전선,反帝民族民主戦線
인천 차이나타운,仁川チャイナタウン
인터파크트리플,Interpark
치앙마이 이니셔티브,チェンマイ・イニシアティブ
인천공항 자기부상철도,仁川空港磁気浮上鉄道
프로토자동차,プロト自動車
대한항공 점보스,仁川大韓航空ジャンボス
횡성경찰서,横城警察署
민주주의민족통일전국연합,民主主義民族統一全国連合
소양강,昭陽江
정안알밤휴게소,正安サービスエリア
스튜디오 미르,スタジオミール
"민주당 (대한민국, 1990년)",民主党・(韓国・1990-1991)
쌍용C%26E,双竜セメント工業
수원남부경찰서,水原南部警察署
포항북부경찰서,浦項北部警察署
칠곡경찰서,漆谷警察署
석도 (태안군),石島・(泰安郡)
수원서부경찰서,水原西部警察署
영동경찰서,永同警察署
진도경찰서,珍島警察署
예산경찰서,礼山警察署
민주국민당 (2000년),民主国民党・(韓国・2000-2004)
영천경찰서,永川警察署
해남소방서,海南消防署
제주특별자치도의 무형문화재,済州特別自治道無形文化財
홍천경찰서,洪川警察署
청도경찰서,清道警察署
제주특별자치도의 민속문화재,済州特別自治道民俗文化財
영덕경찰서,盈徳警察署
강원특별자치도 소방본부,江原道消防本部
제주특별자치도 소방안전본부,済州消防安全本部
서산경찰서,瑞山警察署
옥천경찰서,沃川警察署
하동소방서,河東消防署
청주청원경찰서,清州清原警察署
연천소방서,漣川消防署
연천경찰서,漣川警察署
분당경찰서,盆唐警察署
홍성경찰서,洪城警察署
포항남부경찰서,浦項南部警察署
해남경찰서,海南警察署・(全羅南道)
청주상당경찰서,清州上党警察署
청주흥덕경찰서,清州興徳警察署
아산경찰서,牙山警察署
부석사 (서산시),浮石寺・(瑞山市)
담양경찰서,潭陽警察署
만종역,万鍾駅
월곶역,月串駅
원주역,原州駅
호구포역,虎口浦駅
면 (행정 구역),面・(朝鮮)
소래포구역,蘇萊浦口駅
양양국제공항,襄陽国際空港
리 (행정 구역),里・(朝鮮の行政区画)
덕계역,徳渓駅
연수역,延寿駅
철도의 날,鉄道の日
코스피,韓国総合株価指数
펜타시큐리티,ペンタセキュリティ
1992년 세계 주니어 육상 선수권 대회,1992年世界ジュニア陸上競技選手権大会
운천역 (파주),雲泉駅・(京畿道)
서울랜드,ソウルランド
원광대학교,圓光大学校
부산 미국문화원 방화 사건,釜山アメリカ文化院放火事件
케이조선,STX造船海洋
국도 제1호선,国道1号線・(韓国)
대전 코레일 FC,大田コレイル
CJ그룹,CJグループ
1988년 하계 올림픽 하키,1988年ソウルオリンピックのホッケー競技
KNN,KNN・(放送局)
청산역,青山駅・(京畿道)
1988년 하계 올림픽 펜싱,1988年ソウルオリンピックのフェンシング競技
1988년 하계 올림픽 양궁,1988年ソウルオリンピックのアーチェリー競技
1988년 하계 올림픽 유도,1988年ソウルオリンピックの柔道競技
1988년 하계 올림픽 테니스,1988年ソウルオリンピックのテニス競技
태백산맥,太白山脈
전주월드컵경기장,全州ワールドカップ競技場
1988년 하계 올림픽 탁구,1988年ソウルオリンピックの卓球競技
창원종합운동장,昌原総合運動場
펜타포트 락 페스티벌,仁川ペンタポート・ロック・フェスティバル
연천역,漣川駅
게임물관리위원회,ゲーム物管理委員会
전곡역,全谷駅
대통합민주신당,大統合民主新党
돈의문,敦義門
한반도 대운하,朝鮮半島大運河
울진비행훈련원,蔚珍飛行場
섬진강,蟾津江
1988년 하계 올림픽 배구,1988年ソウルオリンピックのバレーボール競技
한국불교태고종,太古宗
인천 현대제철 레드엔젤스,仁川現代製鉄レッドエンジェルズ
해운대 엘시티 더샵,海雲台LCT・The・Sharp
2014년 동계 올림픽 대한민국 선수단,2014年ソチオリンピックの韓国選手団
숭례문 방화 사건,崇礼門放火事件
중소기업은행,中小企業銀行
인천교통공사,仁川交通公社
서울종합운동장,ソウル総合運動場
첨성대,慶州瞻星台
낙산사,洛山寺
중앙일보,中央日報
돌아오지 않는 다리,帰らざる橋
진주소방서,晋州消防署
속초경찰서,束草警察署
양산소방서,梁山消防署
과천경찰서,果川警察署
영주경찰서,栄州警察署
괴산경찰서,槐山警察署
양구경찰서,楊口警察署
과천소방서,果川消防署
양주경찰서,楊州警察署
춘천경찰서,春川警察署
목포경찰서,木浦警察署
양주소방서,楊州消防署
동두천경찰서,東豆川警察署
동해경찰서,東海警察署・(江原特別自治道)
2002년 아시안 게임 테니스,2002年アジア競技大会におけるテニス競技
대한민국 (연호),大韓民国・(年号)
레일크루즈 해랑,ヘラン
대한민국 국적법,大韓民国国籍法
천마산역,天摩山駅
충주경찰서,忠州警察署
경상남도경찰청,慶尚南道警察庁
한일 대륙붕 협정,日韓大陸棚協定
창녕소방서,昌寧消防署
경주경찰서,慶州警察署
정부조직법,政府組織法
창원시 소방본부,昌原消防本部
경상북도 소방본부,慶尚北道消防本部
충청남도 소방본부,忠清南道消防本部
대한민국의 축구 리그 시스템,韓国サッカーのリーグ構成
부여경찰서,扶餘警察署
충청북도 소방본부,忠清北道消防本部
경상남도 소방본부,慶尚南道消防本部
쇠말뚝,日帝風水謀略説
한일공동승차권,日韓共同きっぷ
한일역사공동연구위원회,日韓歴史共同研究
한일어업협정,日韓漁業協定
경산경찰서,慶山警察署
정선경찰서,旌善警察署
성주경찰서,星州警察署
조선일보,朝鮮日報
평화자동차,平和自動車
SM 엔터테인먼트,エスエム・エンタテインメント
원덕역,元徳駅
포스코,ポスコ
수원종합운동장,水原総合運動場
하나은행,KEBハナ銀行
KBO 한국시리즈,韓国シリーズ
인천대교,仁川大橋
스톤뮤직 엔터테인먼트,Stone・Music・Entertainment
T1 (e스포츠),T1・(eスポーツ)
성동역,城東駅・(ソウル特別市)
국립현대미술관,国立現代美術館・(韓国)
대한민국농구협회,大韓バスケットボール協会
다도해해상국립공원,多島海海上国立公園
무안국제공항,務安国際空港
원주 DB 프로미,原州DBプロミ
한국교원대학교,韓国教員大学校
현충일,顕忠日
울산과학기술원,蔚山科学技術院
한반도 군사 분계선,38度線
한국천문연구원,韓国天文研究院
마이산,馬耳山道立公園
조선호텔앤리조트,ウェスティン朝鮮ホテル
코리아헤럴드,コリア・ヘラルド
호미곶,虎尾串
골든 디스크 어워즈,ゴールデンディスク賞
일산대교,一山大橋
국도 제46호선,国道46号線・(韓国)
그라비티 (기업),グラビティ・(ゲーム会社)
공주교육대학교,公州教育大学校
서울 국제 마라톤,ソウル国際マラソン
신안산선,新安山線
월정사 (평창군),月精寺
대한민국 방송통신위원회,放送通信委員会
민주노동당 (대한민국),民主労働党・(韓国)
제주국제자유도시개발센터,済州国際自由都市開発センター
적선동,積善洞
대한민국–일본 관계,日韓関係
제주방송,済州国際自由都市放送
숭인동 (서울),崇仁洞・(鐘路区)
태화강,太和江
성신여자대학교,誠信女子大学校
대전방송,大田放送
논산경찰서,論山警察署
대구군위경찰서,軍威警察署
대한민국 행정중심복합도시건설청,行政中心複合都市建設庁
서귀포경찰서,西帰浦警察署
행궁,行宮
곡성경찰서,谷城警察署
한일청구권협정,財産及び請求権に関する問題の解決並びに経済協力に関する日本国と大韓民国との間の協定
동대문야구장,東大門野球場
관동팔경,関東八景
과천선,果川線
대한민국의 세계유산,大韓民国の世界遺産
서울여자대학교,ソウル女子大学校
원주공항,原州空港
제천조차장역,堤川操車場
반곡역,盤谷駅
구학역,九鶴駅
연교역,蓮交信号場
봉양역,鳳陽駅
창교역,倉交信号場
디알무비,DR・MOVIE
제천역,堤川駅
대일 전승 기념일,対日戦勝記念日
치악역,雉岳駅
부산일보,釜山日報
나주경찰서,羅州警察署
의성경찰서,義城警察署
장수소방서,茂鎮長消防署
돌산도,突山島
화천경찰서,華川警察署
울진경찰서,蔚珍警察署
흥아해운,興亜海運
육군항공사령부 (대한민국),陸軍航空作戦司令部
완도경찰서,莞島警察署
낙성대경제연구소,落星台経済研究所
울산광역시 소방본부,蔚山消防本部
유교역,流交信号場
고명역,高明駅
제8전투비행단 (대한민국),第8戦闘航空団
울산동부경찰서,蔚山東部警察署
울산울주경찰서,蔚山蔚州警察署
죽전휴게소,竹田サービスエリア
문경경찰서,聞慶警察署
울산남부경찰서,蔚山南部警察署
주한 일본 대사관,在大韓民国日本国大使館
금교역,金交信号場
서천화력선,舒川火力線
서천경찰서,舒川警察署
레이디스 코드,Ladies'・Code
오산경찰서,烏山警察署
울산중부경찰서,蔚山中部警察署
울산광역시경찰청,蔚山地方警察庁
전국축구선수권대회,全国サッカー選手権大会
명동,明洞
녹동역 (광주),鹿洞駅・(光州広域市)
블랙이글스,ブラックイーグルス
대한민국 제2대 국회의원 선거,第2代総選挙・(大韓民国)
농업박물관 (대한민국),農業博物館・(ソウル特別市)
안동역,安東駅・(慶尚北道)
가비엔제이,Gavy・N.J
백양사,白羊寺
숭의야구장,仁川公設運動場野球場
계명대역,啓明大駅
은해사,銀海寺
쌍계사,双磎寺
서대문독립공원,西大門独立公園
중동고등학교,中東高等学校
세종대로,世宗大路
전주방송,全州放送
한국콘텐츠진흥원,韓国コンテンツ振興院
영광소방서,霊光消防署
청양경찰서,青陽警察署
장흥경찰서,長興警察署
장성경찰서,長城警察署
음성경찰서,陰城警察署
영암소방서,霊岩消防署
티맥스소프트,TmaxSoft
도농복합시,都農複合形態市
김포경찰서,金浦警察署
금산경찰서,錦山警察署
부산영도경찰서,釜山影島警察署
통인동,通仁洞
김천경찰서,金泉警察署
부산 여고생 연쇄 성폭행 사건,釜山女子高校生連続性暴行事件
석전대제,釈奠
부산일본인학교,釜山日本人学校
진천경찰서,鎮川警察署
군포경찰서,軍浦警察署
예천경찰서,醴泉警察署
부산광역시 소방재난본부,釜山消防安全本部
무령왕릉,武寧王陵
어린이대공원 (서울),ソウル子供大公園
한국프로농구,韓国バスケットボールリーグ
경기 방언,ソウル方言
캐리비안 베이,カリビアンベイ
광안대교,広安大橋
용평리조트,龍平リゾート
부산 KCC 이지스,釜山KCCイージス
예맥어,濊貊語
판교테크노밸리,板橋テクノバレー
고성소방서 (경상남도),固城消防署
남해소방서,南海消防署
거제소방서,巨済消防署
사천소방서,泗川消防署
통영소방서,統営消防署
경찰 야구단,警察野球団
법주사,法住寺・(報恩郡)
광화문,光化門
단양팔경,丹陽八景
광주과학기술원,光州科学技術院
해군 특수전전단,大韓民国海軍特殊戦旅団
울릉분지,対馬海盆
한산도,閑山島
포항스틸야드,浦項スティールヤード
잠실실내체육관,蚕室体育館
순천완주고속도로,順天完州高速道路
광주광역시장,光州広域市長
광주 도시철도 2호선,光州広域市都市鉄道公社2号線
산청소방서,山清消防署
김화역,金化駅
광양군,光陽郡
의령소방서,宜寧消防署
거창소방서,居昌消防署
단군기원,檀君紀元
합천소방서,陜川消防署
중부내륙순환열차,中部内陸循環列車
비동역,肥洞駅
함양소방서,咸陽消防署
광동제약,廣東製薬
함안소방서,咸安消防署
백두대간협곡열차,白頭大幹峡谷列車
부산항,釜山港
새만금포항고속도로,益山-浦項高速道路
코리아컵,韓国FAカップ
강원 FC,江原FC
순천향대학교,順天郷大学校
오산 전투,烏山の戦い
대전 하나 시티즌,大田ハナシチズン
대구 한국가스공사 페가수스,大邱韓国ガス公社ペガサス
킨텍스,キンテックス
대한민국 럭비 유니언 국가대표팀,ラグビー大韓民国代表
서울양양고속도로,ソウル-襄陽高速道路
고양종합운동장,高陽総合運動場
대한민국 여자 배구 국가대표팀,バレーボール大韓民国女子代表
전주비행장,全州飛行場
창원 LG 세이커스,昌原LGセイカーズ
KT-1 웅비,KT-1・(航空機)
울산공항,蔚山空港
여수공항,麗水空港
인천 도시철도 2호선,仁川交通公社2号線
광주교육대학교,光州教育大学校
2015년 하계 유니버시아드,2015年夏季ユニバーシアード
포항경주공항,浦項慶州空港
KC-100,KAI・KC-100・ナラオン
개혁국민정당,改革国民政党
부안경찰서,扶安警察署
태백레이싱파크,太白レーシングパーク
대한민국의 람사르 등록 습지 목록,韓国のラムサール条約登録地一覧
인천삼산경찰서,仁川三山警察署
대한민국 국가정보원,大韓民国国家情報院
울릉군,鬱陵郡
개천절,開天節
진도 (섬),珍島
남북정상회담,南北首脳会談
광주공항,光州空港
네이버,ネイバー
영남일보배,嶺南日報杯プロ最高手戦
용문산 (경기),龍門山・(京畿道)
곤여만국전도,坤輿万国全図
한국은행,韓国銀行
KBS 한민족방송,KBS韓民族放送
삼국사기,三国史記
이명박 정부,李明博政権
LIG넥스원,LIGネクスワン
현대제철,現代製鉄
통근열차 (대한민국),通勤列車・(韓国)
부관훼리,釜関フェリー
경남대학교,慶南大学校
대한민국의 법학전문대학원,法学専門大学院
거창경찰서,居昌警察署
구리경찰서,九里警察署
구룡 다연장로켓,K-136・(多連装ロケット)
구리소방서,九里消防署
구룡포읍,九龍浦邑
대한민국의 흡연,韓国の喫煙
진보당 (1956년 대한민국),進歩党・(韓国)
철원소방서,鉄原消防署
KTV 국민방송,KTV国民放送
김해동부소방서,金海東部消防署
정교회 성모희보성당,釜山生神女福音聖堂
영암경찰서,霊岩警察署
영광경찰서,霊光警察署
한국영화아카데미,韓国映画アカデミー
한국진보연대,韓国進歩連帯
부산 해군기지,釜山海軍作戦基地
철원경찰서,鉄原警察署
한국교통방송,韓国交通放送
한국철도공사 4400호대 디젤 기관차,韓国鉄道4400形ディーゼル機関車
한국철도공사 7400호대 디젤 기관차,韓国鉄道7400形ディーゼル機関車
한국철도공사 7500호대 디젤 기관차,韓国鉄道7500形ディーゼル機関車
운부군옥,韻府群玉
여주경찰서,驪州警察署
고양경찰서,高陽警察署
용인서부경찰서,龍仁西部警察署
육군훈련소 인분 사건,韓国陸軍訓練所食糞事件
인제경찰서,麟蹄警察署
순천소방서,順天消防署
고흥경찰서,高興警察署
울릉경찰서,鬱陵警察署
고령경찰서,高霊警察署
여수소방서,麗水消防署
1972년 하계 올림픽 대한민국 선수단,1972年ミュンヘンオリンピックの韓国選手団
멜론 뮤직 어워드,Melon・Music・Awards
대한민국의 관광,大韓民国の観光
동아일보,東亜日報
WK리그,WKリーグ
낙성대,落星垈
유니버설 스튜디오 코리아,ユニバーサル・スタジオ・コリア
서울역사박물관,ソウル歴史博物館
대청도,大青島
KBS 월드,KBSワールド
진에어,ジンエアー
도산공원,島山公園
월성원자력발전소,月城原子力発電所
아시아자동차공업,亜細亜自動車
한국관광공사,韓国観光公社
도라전망대,都羅展望台
춘천교육대학교,春川教育大学校
큐브 엔터테인먼트,CUBEエンターテインメント
남산 (서울),南山
삼성 타워팰리스,サムスンタワーパレス
대구 10·1 사건,大邱10月事件
제6보병사단 (대한민국),第6歩兵師団・(韓国陸軍)
논현동 고시원 살인 사건,論峴洞考試院放火殺人事件
대한민국의 대통령,大統領・(大韓民国)
10월 유신,十月維新
대한민국 제3대 국회의원 선거,第3代総選挙・(大韓民国)
양재천,良才川
영진전문대학교,永進専門大学校
가야선,伽倻線
대한민국 제5대 국회의원 선거,第5代総選挙・(大韓民国)
KBS충주방송국,KBS忠州放送局
한류월드,韓流ワールド
주민등록번호,住民登録番号
국기에 대한 맹세,国旗への宣誓・(大韓民国)
월미도,月尾島
전국체육대회,大韓民国全国体育大会
환경운동연합,環境運動連合
각계역,覚渓駅
G마켓,Gmarket
12·12 군사 반란,粛軍クーデター
전남일보,全南日報
논산역,論山駅
한국인터넷진흥원,韓国インターネット振興院
KBS청주방송총국,KBS清州放送総局
Gugak FM,国楽FM放送
대한민국 제4대 국회의원 선거,第4代総選挙・(大韓民国)
봉선사,奉先寺・(南楊州市)
TJ미디어,TJメディア
NXC,NXC
DRX (e스포츠),DRX
Hit Your Heart,Hit・Your・Heart
한겨레,ハンギョレ
대한민국의 아이돌 그룹 목록,韓国のアイドルグループ一覧
대한민국의 인터넷,韓国のインターネット
한국투자공사,韓国投資公社
대한민국의 국보,大韓民国指定国宝
가족오락관,家族娯楽館
태릉국가대표선수촌,泰陵選手村
국립수목원,国立樹木園
내셔널축구선수권대회,ナショナルサッカー選手権大会
관문대로,釜山第三都市高速道路
공주 공산성,公山城
국립민속박물관,韓国国立民俗博物館
올림픽공원 (서울),オリンピック公園・(ソウル特別市)
울산종합운동장,蔚山総合運動場
강남대학교,江南大学校
TV조선,朝鮮放送
1984년 하계 올림픽 대한민국 선수단,1984年ロサンゼルスオリンピックの韓国選手団
천주교 서울대교구,カトリックソウル大司教区
국민방위군 사건,国民防衛軍事件
렛츠런파크 서울,ソウル競馬場
코리아컵 국제축구대회,コリアカップ国際サッカー大会
대학수학능력시험,大学修学能力試験
대한민국의 대통령 배우자,大韓民国のファーストレディの一覧
수원 KT 소닉붐,水原KTソニックブーム
울산방송,蔚山放送
용비어천가,竜飛御天歌
성균관,成均館
올림픽체조경기장,オリンピック体操競技場
대한국민항공,大韓国民航空社
신한은행,新韓銀行
2012년 K리그,Kリーグ・2012
두산 베어스,斗山ベアーズ
대한민국 해병대,大韓民国海兵隊
응봉산 (서울),鷹峰山
아르바이트,アルバイト
합천경찰서,陜川警察署
BGF리테일,BGFリテール
비에이치엔터테인먼트,BHエンターテインメント
창녕경찰서,昌寧警察署
함양경찰서,咸陽警察署
한국의 집,韓国の家
의령경찰서,宜寧警察署
대한민국의 아카데미 국제영화상 출품작,アカデミー国際長編映画賞韓国代表作品の一覧
에이팀,A・team
국도 제15호선,国道15号線・(韓国)
CTS기독교TV,CTS基督教テレビ
국도 제20호선,国道20号線・(韓国)
CU (편의점),CU・(コンビニエンスストア)
국도 제30호선,国道30号線・(韓国)
CGN (대한민국의 방송사),CGNTV
FNC 엔터테인먼트,FNCエンターテインメント
국도 제77호선,国道77号線・(韓国)
국도 제39호선,国道39号線・(韓国)
국립과학수사연구원,国立科学捜査研究院
국도 제48호선,国道48号線・(韓国)
국도 제79호선,国道79号線・(韓国)
국도 제56호선,国道56号線・(韓国)
롯데칠성음료,ロッテ七星飲料
한국철도공사 8100호대 전기 기관차,韓国鉄道8100形電気機関車
롯데시네마,ロッテシネマ
롯데웰푸드,ロッテ製菓
한국철도공사 368000호대 전동차,韓国鉄道公社368000系電車
경주 김유신묘,金庾信墓
거제도,巨済島
대한민국 중고등학교 기초한자 목록,漢文教育用基礎漢字
남강 (경상남도),南江・(慶尚南道)
백령도,白翎島
한국독립당,韓国独立党
담양소방서,潭陽消防署
나주소방서,羅州消防署
보성소방서,宝城消防署
부안소방서,扶安消防署
목포소방서,木浦消防署
강남순환로,江南循環路
갈기산 (강원/경기),葛基山
한일기본조약,日本国と大韓民国との間の基本関係に関する条約
월미바다열차,月尾海列車
여의도순복음교회,汝矣島純福音教会
코엑스,コエックス
국민참여당,国民参与党
삼풍백화점 붕괴 사고,三豊百貨店崩落事故
자격루,自撃漏
선진통일당,先進統一党
성무비행장,星武飛行場
2004년 하계 올림픽 대한민국 선수단,2004年アテネオリンピックの韓国選手団
군포소방서,軍浦消防署
거제경찰서,巨済警察署
창원서부경찰서,昌原西部警察署
진주경찰서,晋州警察署
진해경찰서,鎮海警察署
마산중부경찰서,馬山中部警察署
마산동부경찰서,馬山東部警察署
창원중부경찰서,昌原中部警察署
하동경찰서,河東警察署
아산 무궁화 축구단,牙山ムグンファFC
가톨릭관동대학교 체육관,カトリック関東大学校体育館
사천경찰서,泗川警察署
CJ제일제당,CJ第一製糖
고성경찰서 (경상남도),固城警察署
교수신문,教授新聞
통영경찰서,統営警察署
코리아나 호텔,コリアナホテル
서울성동경찰서,ソウル城東警察署
산청경찰서,山清警察署
남해경찰서,南海警察署
함안경찰서,咸安警察署
안양 정관장 레드부스터스,安養正官庄レッドブースターズ
국도 제88호선,国道88号線・(韓国)
두산그룹,斗山
KT,KT・(通信企業)
2000년 하계 올림픽 대한민국 선수단,2000年シドニーオリンピックの韓国選手団
설날 (한국),ソルラル
율동공원,栗洞公園
국도 제82호선,国道82号線・(韓国)
국도 제29호선,国道29号線・(韓国)
단원고등학교,檀園高等学校
김포 도시철도,金浦都市鉄道
김제소방서,金堤消防署
한중일 정상회의,日中韓首脳会談
판교역 (성남),板橋駅・(京畿道)
한국전력공사,韓国電力公社
고리원자력발전소,古里原子力発電所
코리아타임스,コリアタイムス
NC 다이노스,NCダイノス
HMM (기업),HMM・(企業)
파랑초,丁岩礁
LG화학,LG化学
부산외국어대학교,釜山外国語大学校
명동성당,明洞聖堂
대한민국-중화민국 관계,台韓関係
국립한국교통대학교,韓国交通大学校
3·20 전산 대란,2013年韓国サイバー攻撃
JPT,JPT日本語能力試験
국민대학교,国民大学校
국무회의,国務会議
김포 FC,金浦FC
그린세이버,グリーンセイバー・(アニメ)
국군의 날,国軍の日
국방부검찰단,大韓民国国防部検察団
김해평야,金海平野
경남도민일보,慶南道民日報
경기여자고등학교,京畿女子高等学校
경기도지사,京畿道知事
서울광진경찰서,ソウル広津警察署
서울동대문경찰서,ソウル東大門警察署
대전고등학교,大田高等学校
대한국민당 (1948년),大韓国民党
애니플러스,ANIPLUS
DBS크루즈훼리,DBSクルーズフェリー
충청북도의 유형문화재,忠清北道有形文化財
대전광역시의 민속문화재,大田広域市民俗文化財
서울서부경찰서,ソウル西部警察署
대동 분기점,大東ジャンクション
대전광역시경찰청,大田地方警察庁
대덕 분기점,大徳ジャンクション
대소 분기점,大所ジャンクション
대전광역시의 유형문화재,大田広域市有形文化財
서울혜화경찰서,ソウル恵化警察署
서울은평경찰서,ソウル恩平警察署
서울영등포경찰서,ソウル永登浦警察署
서울마포경찰서,ソウル麻浦警察署
대전 여고생 자살 사건,大田女子高生自殺事件
2017년 월드 베이스볼 클래식,2017・ワールド・ベースボール・クラシック
서울강동경찰서,ソウル江東警察署
서울종암경찰서,ソウル鍾岩警察署
아리랑 2호,アリラン2号
천리안 (위성),千里眼・(人工衛星)
2018년 동계 패럴림픽,2018年平昌パラリンピック
녹색당 (대한민국),緑色党
자유의 마을,自由の村
꼭지,コッチ・(テレビドラマ)
남동인더스파크역,南洞インダスパーク駅
망우선,忘憂線
나주평야,羅州平野
남서울대학교,南ソウル大学校
남부화물기지선,南部貨物基地線
국가보위입법회의,国家保衛立法会議
국민신당 (대한민국),国民新党・(韓国)
국립어린이과학관,国立ソウル科学館
CBS (대한민국의 방송사),基督教放送
김천 분기점,金泉ジャンクション
남한강,南漢江
근정전,勤政殿
국민보도연맹,国民保導連盟
국제신문,国際新聞
국가보위비상대책위원회,国家保衛非常対策委員会
남태령,南泰嶺
국민일보,国民日報
남포선,藍浦線
남북공동선언실천연대,南北共同宣言実践連帯
남산1호터널,南山1号トンネル
남포동 (부산),南浦洞
금호 분기점,琴湖ジャンクション
리움미술관,サムスン美術館・Leeum
국민생각,国民の考え
소청도,小青島
남이섬,南怡島
대한민국 제17대 국회의원 선거,第17代総選挙・(大韓民国)
제2연평해전,第2延坪海戦
정의당 (대한민국),正義党・(韓国)
미래에셋금융그룹,未来アセット金融グループ
대한민국의 지역주의,韓国の地域対立
7·4 남북 공동 성명,南北共同声明
3S 정책,3S政策
중앙119구조본부,中央119救助本部
2009년 아시아 청소년 야구 선수권 대회,第8回AAAアジア野球選手権大会
3·1절,三一節
6·15 남북 공동선언,6.15南北共同宣言
자유의 다리,自由の橋
9·28 사건,張勉副大統領暗殺未遂事件
2005년 아시아 청소년 야구 선수권 대회,第6回AAAアジア野球選手権大会
언론통폐합,言論統廃合
5·18기념공원,5.18記念公園
울릉공항,鬱陵空港
서울 몽촌토성,夢村土城
중부내륙고속도로,中部内陸高速道路
대한민국의 공항,大韓民国の空港の一覧
인천국제공항철도,仁川国際空港鉄道
1948년 하계 올림픽 대한민국 선수단,1948年ロンドンオリンピックの韓国選手団
인천 도시철도 1호선,仁川交通公社1号線
범어사,梵魚寺
강릉경찰서,江陵警察署
강일 나들목,江一インターチェンジ
강원도민일보,江原道民日報
강원특별자치도지사,江原特別自治道知事
국도 제4호선,国道4号線・(韓国)
척화비,斥和碑
국도 제7호선,国道7号線・(韓国)
광주원주고속도로,広州-原州高速道路
국도 제5호선,国道5号線・(韓国)
평택시흥고속도로,平沢-始興高速道路
효창공원앞역,孝昌公園前駅
신대방역,新大方駅
경북대학교,慶北大学校
동국대학교,東国大学校
1976년 하계 올림픽 대한민국 선수단,1976年モントリオールオリンピックの韓国選手団
동묘앞역,東廟前駅
청구역,青丘駅
경상국립대학교,慶尚国立大学校
대한민국의 보물,大韓民国指定宝物
동해선,東海線
대한민국의 지방자치단체,韓国の地方自治
대한민국의 철도역 목록,韓国の鉄道駅一覧
대한민국의 소방,大韓民国の消防
덕산선,徳山線
도로교통공단,道路交通公団
대한민국의 자동차 전용도로,韓国の自動車専用道路
동산고등학교,東山高等学校・(韓国)
동여도,東輿図
도서에 관한 대한민국 정부와 일본국 정부 간의 협정,図書に関する日本国政府と大韓民国政府との間の協定
대한예수교장로회(합동),大韓イエス教長老会・(合同)
동대구 분기점,東大邱ジャンクション
대한민국의 신호등,韓国の道路信号機
동지고등학교,同志高等学校
동래군,東萊郡
대한민국의 사적 및 명승,大韓民国指定史跡及び名勝
동아일보 백지 광고 사태,東亜日報の白紙広告
대한민국의 항공 교통,韓国の航空
대한민국의 철도 노선 목록,韓国の鉄道路線一覧
로드 FC,ROAD・FC
동북고등학교,東北高等学校・(韓国)
동서고가도로,釜山第二都市高速道路
대한항공 015편 착륙 사고,大韓航空015便着陸失敗事故
동대문역사문화공원,東大門歴史文化公園
도동 분기점,道洞ジャンクション
티오피미디어,TOPメディア
서울대입구역,ソウル大入口駅
문경 양민 학살 사건,聞慶虐殺事件
1964년 하계 올림픽 대한민국 선수단,1964年東京オリンピックの韓国選手団
서울교육대학교,ソウル教育大学校
YTN,YTN
금성고등학교 (경북),金城高等学校・(慶尚北道)
금강역,琴江駅
문산차량사업소,文山車両事業所
매일방송,毎日放送・(韓国)
낙화암,落花岩
강원특별자치도경찰청,江原地方警察庁
광주광역시의 민속문화재,光州広域市民俗文化財
광주광역시의 유형문화재,光州広域市有形文化財
경상북도의 유형문화재,慶尚北道有形文化財
경기도남부경찰청,京畿南部地方警察庁
경상북도의 무형문화재,慶尚北道無形文化財
경상남도의 기념물,慶尚南道記念物
경기감영도,京畿監営図屏
광복회,光復会・(韓国)
경상북도의 문화재자료,慶尚北道文化財資料
대구수성경찰서,大邱寿城警察署
대구서부경찰서,大邱西部警察署
경주 불국사 청운교·백운교,仏国寺青雲橋と白雲橋
경산 럭비구장,慶山ラグビー場
경상북도지사,慶尚北道知事
경상남도지사,慶尚南道知事
대구광역시장,大邱広域市長
대구남부경찰서,大邱南部警察署
대구동부경찰서,大邱東部警察署
대구달성소방서,大邱達城消防署
경성극장,ソウル劇場
대구경북과학기술원,大邱慶北科学技術院
대구교통공사,大邱交通公社
계양 나들목,桂陽インターチェンジ
계산성당,桂山聖堂
대한민국 개인정보보호위원회,個人情報保護委員会・(大韓民国)
박문사,博文寺
반민족행위처벌법,反民族行為処罰法
부산여자대학교,釜山女子大学校
부산광역시의 유형문화재,釜山広域市有形文化財
민주화실천가족운동협의회,民主化実践家族運動協議会
미전선,美田線
민주국민당 (1949년),民主国民党・(韓国・1949-1955)
민주헌법쟁취국민운동본부,民主憲法争取国民運動本部
민주한국당,民主韓国党
민중당 (1990년),民衆党・(韓国・1990-1992)
백범일지,白凡逸志
백제예술대학교,百済芸術大学
부산신항선,釜山新港線
부산근대역사관,釜山近代歴史館
부산고등학교,釜山高等学校
부민관,京城府民館
부산광역시의 무형문화재,釜山広域市無形文化財
부산광역시의 기념물,釜山広域市記念物
부산역전 대화재,釜山大火
대구중부경찰서,大邱中部警察署
매일신문,毎日新聞・(韓国)
묵호항선,墨湖港線
매일유업,毎日乳業
마산항제1부두선,馬山港第1埠頭線
보국훈장,保国勲章
용산 초등학생 살해 사건,龍山小学生性暴行殺害事件
둔촌오륜역,遁村五輪駅
참여연대,参与連帯
오송선,五松線
옥구선,沃溝線
온산선,温山線
오산고등학교 (서울),五山高等学校
파주축구국가대표훈련원,坡州蹴球國家代表訓錬院
에어인천,エア・インチョン
함백선,咸白線
해운대,海雲台
현대문학상,現代文学賞
한국교육과정평가원,韓国教育課程評価院
화성종합경기타운,華城総合運動場
한국방송광고진흥공사,韓国放送広告振興公社
한국언론진흥재단,韓国言論振興財団
현대 유니콘스,現代ユニコーンズ
한국언론재단,韓国言論財団
바나나컬쳐 엔터테인먼트,バナナカルチャー
한국마사회,韓国馬事会
인제스피디움,インジェ・スピーディウム
현종산,縣鐘山
회덕 분기점,懐徳ジャンクション
홍성 지진,洪城地震
대한빙상경기연맹,大韓氷上競技聯盟
논산소방서,論山消防署
통근형 디젤 액압 동차,韓国鉄道日本製動車
뉴시스,ニューシス
녹도,鹿島・(保寧市)
대한민국의 국방부 장관,大韓民国国防部長官
원주대학,原州大学
장성화물선,長城貨物線
인천광역시의 무형문화재,仁川広域市無形文化財
우면산터널,牛眠山トンネル
한국어족,朝鮮語族
유신정우회,維新政友会
울산항선,蔚山港線
용산고등학교,龍山高等学校・(ソウル特別市)
인천전문대학,仁川専門大学
일직 분기점,日直ジャンクション
울산광역시의 유형문화재,蔚山広域市有形文化財
자유공원 (인천),仁川自由公園
울산비행장,蔚山飛行場・(初代)
월드컵공원,ワールドカップ公園
의창,義倉
장생포선,長生浦線
월간조선,月刊朝鮮
용화교,龍華教
대한민국 제헌 국회,大韓民国制憲議会
대한민국 민방위대,民防衛隊
대한민국 국가과학기술자문회의,国家科学技術諮問会議
대한민국의 명승,大韓民国指定名勝
대한민국 소방방재청,消防防災庁
제1함대 (대한민국),第1艦隊・(韓国海軍)
제2함대 (대한민국),第2艦隊・(韓国海軍)
대한민국 관세청,関税庁
대한민국의 반국가단체,反国家団体
대한민국의 도청 소재지,大韓民国の道庁所在地
대한민국 독립유공자,独立有功者
대한민국 통계청,統計庁
대한민국 철도청,鉄道庁・(韓国)
대한민국 방위사업청,防衛事業庁
제15특수임무비행단,第15混成航空団
대한민국 중소기업특별위원회,大韓民国中小企業特別委員会
제1야전군,第1軍・(韓国陸軍)
제18전투비행단 (대한민국),第18戦闘航空団
대한민국 농촌진흥청,農村振興庁
대한민국의 버스 교통,韓国のバス
대한민국의 대학 입시 제도,大韓民国の入学試験
대한민국의 국가등록문화재,大韓民国登録文化財
제19전투비행단,第19戦闘航空団
육군제2작전사령부,第2軍・(韓国陸軍)
제3야전군,第3軍・(韓国陸軍)
대한민국 조달청,調達庁
대한민국 기획예산처,企画予算処
대한민국 국정홍보처,大韓民国国政広報処
대한민국 특임장관실,特任長官室
제3함대 (대한민국),第3艦隊・(韓国海軍)
제7기동전단,第7機動戦団
우리카드 우리WON,ソウル・ウリィカード・ウリィWON
서울외국어대학원대학교,ソウル外国語大学院大学校
새정치국민회의,新政治国民会議
삼척비행장,三陟飛行場
서울 암사동 유적,岩寺先史遺跡
서울기독대학교,ソウル基督大学校
서울전차,ソウル市電
서울특별시의 무형문화재,ソウル特別市無形文化財
서울신학대학교,ソウル神学大学校
상원중학교 (서울),上原中学校・(ソウル)
서북청년회,西北青年会
마산소방서,馬山消防署
삼양라면,三養ラーメン
국민체육진흥공단,国民体育振興公団
서오산 분기점,西烏山ジャンクション
서울특별시의 문화재자료,ソウル特別市文化財資料
청주 상당산성,上党山城
서운 분기점,瑞雲ジャンクション
서울 서남부 연쇄살인 사건,ソウル西南部連続殺人事件
삼척선,三陟線
새한국당,新韓国党・(1992)
서울관악경찰서,ソウル冠岳警察署
서울 일본인 학교 습격 사건,ソウル日本人学校園児襲撃事件
서생포왜성,西生浦倭城
부천 판타스틱스튜디오,富川ファンタスティックスタジオ
스나이퍼 사운드,Sniper・Sound
신한국당,新韓国党
부산전차,釜山市電
BBS불교방송,仏教放送
북전주선,北全州線
북평선,北坪線
비룡 분기점,飛龍ジャンクション
내가네트워크,ネガネットワーク
노컷뉴스,ノーカットニュース
부산종합버스터미널,釜山総合高速バスターミナル
OK금융그룹 읏맨,安山OK金融グループ・ウッメン
리그 오브 레전드 챔피언스 코리아,League・of・Legends・Champions・Korea
일산소방서,一山消防署
남해고속도로제3지선,南海高速道路第三支線
삽교천,挿橋川
미전신호소 열차 충돌 사고,美田信号所列車衝突事故
국도 제2호선,国道2号線・(韓国)
신림역,新林駅
제주대학교,済州大学校
국도 제17호선,国道17号線・(韓国)
구로차량사업소,九老車両事業所
국도 제3호선,国道3号線・(韓国)
문래역,文来駅
누리로,ヌリロ
세명대학교,世明大学校
세종포천고속도로,世宗抱川高速道路
전북일보,全北日報
대한민국 외교부,外交部・(大韓民国)
대한민국 교육부,教育部・(大韓民国)
칠장,漆工
대한민국 국토교통부,国土交通部
한국음악콘텐츠협회,韓国音楽コンテンツ産業協会
가은선,加恩線
MBC 연기대상,MBC演技大賞
강경선,江景線
갤럭시아에스엠,IBスポーツ
SBS 연기대상,SBS演技大賞
가파도,加波島
인현동 화재 참사,仁川仁峴洞ビヤホール火災
간절곶,艮絶串
V-리그 승부조작 사건,Vリーグ八百長事件
운봉급 전차상륙함,雲峰級揚陸艦
내물왕릉,奈勿王陵
동양 (기업),東洋グループ
우암선,牛岩線
서울중부경찰서,ソウル中部警察署
서울송파경찰서,ソウル松坡警察署
서울강남경찰서,ソウル江南警察署
내부순환로,内部循環路
노무현 대통령 탄핵소추 및 심판,盧武鉉韓国大統領弾劾訴追
서생면,西生面
대구광역시의 유형문화재,大邱広域市有形文化財
대구 상인동 가스 폭발 사고,大邱上仁洞ガス爆発事故
문경선,聞慶線
서울수서경찰서,ソウル水西警察署
서울용산경찰서,ソウル龍山警察署
대구광역시의 민속문화재,大邱広域市民俗文化財
진해선,鎮海線
해군작전사령부,海軍作戦司令部・(韓国海軍)
서울남대문경찰서,ソウル南大門警察署
서울성북경찰서,ソウル城北警察署
서울서대문경찰서,ソウル西大門警察署
서울종로경찰서,ソウル鐘路警察署
경인 아라뱃길,京仁アラベッキル
경기도의 유형문화재,京畿道有形文化財
경기도의 민속문화재,京畿道民俗文化財
고군산군도,古群山群島
경일대학교,慶一大学校
경상북도의 기념물,慶尚北道記念物
관음도,観音島・(韓国)
경기도의 무형문화재,京畿道無形文化財
경기도의 기념물,京畿道記念物
광주선,光州線
괴동선,槐東線
경정장,競艇場
경인방송,京仁放送
광양항선,光陽港線
고척스카이돔,高尺スカイドーム
경인공업지대,京仁工業地帯
광양제철선,光陽製鉄線
공주 석장리 유적,公州石壮里遺跡
고금도,古今島
공군공중전투사령부,空中戦闘司令部・(韓国空軍)
공군공중기동정찰사령부,空中機動偵察司令部・(韓国空軍)
대전 도시철도 2호선,大田広域市都市鉄道公社2号線
금정터널,金井トンネル
강릉 분기점,江陵ジャンクション
강경읍,江景邑
강변북로,江辺北路
강원특별자치도의 유형문화재,江原特別自治道有形文化財
강원특별자치도의 민속문화재,江原特別自治道民俗文化財
강원특별자치도의 기념물,江原特別自治道記念物
전라남도의 민속문화재,全羅南道民俗文化財
장항화물선,長項貨物線
전세권,伝貰
전국대학생대표자협의회,全国大学生代表者協議会
조선방역지도,朝鮮方域之図
전등사,伝燈寺
전라남도의 무형문화재,全羅南道無形文化財
정문경,多鈕細文鏡
제주특별자치도의 유형문화재,済州特別自治道有形文化財
전라남도의 유형문화재,全羅南道有形文化財
장충단공원,奨忠壇公園
중석불 사건,重石ドル事件
중부대학교,中部大学校
제주해협,済州海峡
제주특별자치도의 기념물,済州特別自治道記念物
정교회 성 니콜라스 대성당,ソウル聖ニコラス大聖堂
제3경인고속화도로,第三京仁高速化道路
진돗개 경보,珍島犬警報
전북특별자치도의 유형문화재,全北特別自治道有形文化財
전북특별자치도의 민속문화재,全北特別自治道民俗文化財
전북특별자치도의 기념물,全北特別自治道記念物
삼양사,三養社
삼포세대,三放世代
대한민국 육군대학,韓国陸軍大学
대한적십자사,大韓赤十字社
고성경찰서 (강원특별자치도),高城警察署
고령소방서,高霊消防署
대마도 (진도군),大馬島・(珍島郡)
고양소방서,高陽消防署
고시원,考試院・(宿泊施設)
대상 (기업),大象・(企業)
공주경찰서,公州警察署
광주서부경찰서,光州西部警察署
광양소방서,光陽消防署
남양주남부경찰서,南楊州警察署
화순경찰서,和順警察署
당진경찰서,唐津警察署・(忠清南道)
제천경찰서,堤川警察署
전라남도 소방본부,全南消防本部
귀함별황자총통,別黄字銃筒捏造事件
함평경찰서,咸平警察署
성남수정경찰서,城南寿井警察署
대아고속해운,大亜高速海運
대전중부경찰서,大田中部警察署
광주광역시 소방안전본부,光州消防安全本部
광양경찰서,光陽警察署
원주경찰서,原州警察署
가평소방서,加平消防署
무안경찰서,務安警察署
반민족행위특별조사위원회,反民族行為特別調査委員会
대불선,大仏線
남원소방서,南原消防署
파주경찰서,坡州警察署
광명경찰서,光明警察署
가평경찰서,加平警察署
화순소방서,和順消防署
성남중원경찰서,城南中院警察署
기쁜소식선교회,グッドニュース宣教会
광주동부경찰서,光州東部警察署
기흥휴게소,器興サービスエリア
서울금천경찰서,ソウル衿川警察署
서울도봉경찰서,ソウル道峰警察署
구포왜성,亀浦倭城
경기도 소방재난본부,京畿道災難安全本部
인천미추홀경찰서,仁川弥鄒忽警察署
광주북부경찰서,光州北部警察署
삼척경찰서,三陟警察署
제2포병여단 (대한민국),第2砲兵旅団・(韓国陸軍)
제11기동사단,第11機動師団
제5보병사단 (대한민국),第5歩兵師団・(韓国陸軍)
제20기계화보병사단,第20機械化歩兵師団・(韓国陸軍)
코레일 패스,KORAILパス
서울중랑경찰서,ソウル中浪警察署
일산동부경찰서,一山東部警察署
인천부평경찰서,仁川富平警察署
인천강화경찰서,仁川江華警察署
인천광역시 소방본부,仁川消防本部
서울노원경찰서,ソウル蘆原警察署
보령경찰서,保寧警察署
원흥역,元興駅
서울특별시 소방재난본부,ソウル消防災難本部
서울동작경찰서,ソウル銅雀警察署
민간인출입통제구역,民間人出入統制区域
서울강북경찰서,ソウル江北警察署
서울양천경찰서,ソウル陽川警察署
단양경찰서,丹陽警察署
구미경찰서,亀尾警察署
인천계양경찰서,仁川桂陽警察署
광주광산경찰서,光州光山警察署
광주남부경찰서,光州南部警察署
서울방배경찰서,ソウル方背警察署
서울강서경찰서,ソウル江西警察署
서울서초경찰서,ソウル瑞草警察署
경기도 북부소방재난본부,京畿道北部消防災難本部
인천남동경찰서,仁川南洞警察署
인천서부경찰서,仁川西部警察署
광주 여중생 집단 성폭행 사건,光州女子中学生集団性暴行事件
민족자주연맹,民族自主連盟
박근혜 정부,朴槿恵政権
성남종합운동장,城南スタジアム
강남대로,江南大路
창비,創作と批評
곡부 공씨,曲阜孔氏
차귀도,遮帰島
청남대,青南台
청주 분기점,清州ジャンクション
한겨레민주당,ハンギョレ民主党
태백역,太白駅
충청북도의 기념물,忠清北道記念物
충청남도의 민속문화재,忠清南道民俗文化財
충청남도의 기념물,忠清南道記念物
"민주당 (대한민국, 1995년)",民主党・(韓国・1995-1997)
초록봉,草録峰
친한파,親韓
포항 냉수리 신라비,迎日冷水碑
창조 (잡지),創造・(朝鮮の雑誌)
평택 분기점,平沢ジャンクション
청송경찰서,青松警察署
풍납토성,風納土城
코오롱그룹,コーロングループ
테크노마트,テクノマート
갑천도시고속도로,川辺都市高速化道路
판교 분기점,板橋ジャンクション・(京畿道)
통일국민당 (대한민국),統一国民党・(韓国)
철도박물관 (대한민국),鉄道博物館・(韓国)
피마길,ピマッコル
통일민주당,統一民主党
대한민국-카자흐스탄 관계,カザフスタンと韓国の関係
부산중부소방서,中部消防署・(釜山広域市)
SNL 코리아,SNL・KOREA
부산북부소방서,北部消防署・(釜山広域市)
전북특별자치도 소방본부,全北消防本部
보은경찰서,報恩警察署
백산학회,白山学会
시흥경찰서,始興警察署
삼성SDS,サムスンSDS
삼성혈,三姓穴
삼전역,三田駅・(ソウル特別市)
삼악산 (강원),三岳山・(江原特別自治道)
독도헬기장,独島ヘリポート
아시아인스티튜트,アジアインスティチュート
부산-김해경전철 (기업),釜山-金海軽電鉄・(企業)
2002년 아시안 게임 소프트볼,2002年アジア競技大会におけるソフトボール競技
서울노원소방서,蘆原消防署
서울대학교 사범대학 부설고등학교,ソウル大学校師範大学附属高等学校
서울도봉소방서,道峰消防署
서울구치소,ソウル拘置所
제주항공우주박물관,済州航空宇宙博物館
제주특별자치도자치경찰단,済州特別自治道自治警察団
부산울산고속도로 (기업),釜山-蔚山高速道路
부산진소방서,釜山鎮消防署
안양 초등학생 납치 살해 사건,安養小学生拉致殺害事件
양산화물선,梁山貨物線
신광양항선,新光陽港線
수원 공군기지,水原空軍基地
매듭장,メドゥプ
예술고등학교,芸術高等学校
오륙도,五六島
여천선,麗川線
아리랑 5호,アリラン5号
시화호,始華湖
신민주공화당,新民主共和党
양산 분기점,梁山ジャンクション
연천 530GP 사건,漣川軍部隊銃乱射事件
영일만,迎日湾
부산서부시외버스터미널,釜山西部バスターミナル
부산신항역,釜山新港駅
세종연구소,世宗研究所
동경이,トンギョンイ
선암사,仙巌寺
서울특별시 부시장,ソウル特別市副市長
서울특별시의회,ソウル特別市議会
서울 석촌동 고분군,石村洞古墳群
볼음도,ポル音島
서울강서소방서,江西消防署・(ソウル特別市)
보인고등학교,輔仁高等学校
멜론 (온라인 음악 서비스),Melon・(音楽配信)
울진소방서,蔚珍消防署
성류굴,聖留窟
분당소방서,盆唐消防署
선학학원,学校法人鮮文学院
석보상절,釈譜詳節
수도국산 달동네 박물관,水道局山タルトンネ博物館
석도 (보령시),石島・(保寧市)
평창올림픽스타디움,平昌オリンピックスタジアム
세종북부경찰서,世宗警察署
성동고등학교,城東高等学校・(ソウル特別市)
옥인동,玉仁洞
서울특별시의 민속문화재,ソウル特別市民俗文化財
수도방위사령부,首都防衛司令部
서울특별시의 유형문화재,ソウル特別市有形文化財
수도권 매립지,首都圏埋立地・(大韓民国)
대한민국의 국가민속문화재,国家民俗文化財
대전서부경찰서,大田西部警察署
봉화경찰서,奉化警察署
평택경찰서,平沢警察署
대전광역시 소방본부,大田消防本部
보성경찰서,宝城警察署
밀양소방서,密陽消防署
강진소방서,康津消防署
대전둔산경찰서,大田屯山警察署
대통령배 (경마),大統領杯・(韓国競馬)
대구광역시 소방안전본부,大邱消防安全本部
안성경찰서,安城警察署・(京畿道)
대구성서경찰서,大邱城西警察署
천안서북경찰서,天安西北警察署
안동경찰서,安東警察署
부천오정경찰서,富川梧亭警察署
영월경찰서,寧越警察署
평화의 소녀상,慰安婦像
대구북부경찰서,大邱北部警察署
대구 초등학생 집단 성폭행 사건,大邱小学生集団性暴行事件
대한예수교장로회(고려개혁),大韓イエス教長老会・(高麗改革)
부천소사경찰서,富川素砂警察署
연세대학교 한국어학당,延世大学校・韓国語学堂
대전동부경찰서,大田東部警察署
광주경찰서,広州警察署
대구달서경찰서,大邱達西警察署
태백경찰서,太白警察署
상주경찰서,尚州警察署
평창경찰서,平昌警察署
언양 분기점,彦陽ジャンクション
대전대덕경찰서,大田大徳警察署
대구달성경찰서,大邱達城警察署
대한민국의 역대 정당,大韓民国の政党
부천원미경찰서,富川遠美警察署
강진경찰서,康津警察署
북한자료센터,北朝鮮資料センター
북한대학원대학교,北韓大学院大学校
보길도 윤선도 원림,甫吉島尹善道園林
병풍도 (진도군),屏風島・(珍島郡)
수도포병여단,首都砲兵旅団
대한민국 해군 국제관함식,大韓民国国際観艦式
대한민국 제19대 국회의원 목록 (지역구별),大韓民国第19代国会議員一覧
대한민국 국무조정실,国務調整室
이천경찰서,利川警察署
제주특별자치도경찰청,済州地方警察庁
제주특별자치도지사,済州特別自治道知事
의정부경찰서,議政府警察署
을지로동,乙支路洞
음성소방서,陰城消防署
의왕소방서,義王消防署
의왕경찰서,義王警察署
위례산,慰礼山
서울의대 부속병원 학살 사건,ソウル大学校付属病院虐殺事件
구서 나들목,久瑞インターチェンジ
정읍경찰서,井邑警察署
전주덕진경찰서,全州徳津警察署
제주동부경찰서,済州東部警察署
김제경찰서,金堤警察署
고창경찰서,高敞警察署
임실경찰서,任実警察署
순천경찰서,順天警察署
남원경찰서,南原警察署
구례경찰서,求礼警察署
제주서부경찰서,済州西部警察署
완주경찰서,完州警察署
순창경찰서,淳昌警察署
무주경찰서,茂朱警察署
장수경찰서,長水警察署
여수경찰서,麗水警察署
전주완산경찰서,全州完山警察署
군산경찰서,群山警察署
영도대교,影島大橋
익산경찰서,益山警察署
진안경찰서,鎮安警察署
양주동 (양주시),楊州洞
양재고등학교,良才高等学校
양평경찰서,楊平警察署
파주소방서,坡州消防署
파로호,破虜湖
이화여자고등학교,梨花女子高等学校
이천소방서,利川消防署
가덕도,加徳島
아동·청소년의 성보호에 관한 법률,児童・青少年の性保護に関する法律
포항북부소방서,浦項北部消防署
폴라리스엔터테인먼트,Polarisエンターテインメント
증산역 (양산),甑山駅
수색비행장,水色飛行場
부강화물역,芙江貨物駅
사요역,四要駅
서울시메트로9호선,ソウル市メトロ9号線・(企業)
동철원역,東鉄原駅
3국 협력 사무국,三国協力事務局
진천소방서,鎮川消防署
대한민국 질병관리청,疾病管理庁
대한민국-몽골 관계,モンゴル国と大韓民国の関係
제천비행장,堤川飛行場
짜파게티,チャパゲティ
서산비행장,瑞山飛行場
강릉 스피드스케이팅 경기장,江陵オーバル
수원중부경찰서,水原中部警察署
수원과학대학교,水原科学大学
국가중심국·공립대학교총장협의회,国家中心国公立大学
여주소방서,驪州消防署
인천미추홀소방서,仁川弥鄒忽消防署
인천남동소방서,仁川南洞消防署
스마일게이트,スマイルゲート
스포츠서울,スポーツソウル
인천중부경찰서,仁川中部警察署
신교동 (서울),新橋洞
한성백제역,漢城百済駅
서울문화사,ソウル文化社
학림 사건,学林事件
서울서대문소방서,西大門消防署
서울영등포소방서,永登浦消防署
인천고등학교,仁川高等学校
인천국제공항 셔틀트레인,仁川国際空港シャトルトレイン
한국교원단체총연합회,韓国教員団体総連合会
2012년 한국프로야구 승부조작 사건,韓国プロ野球八百長事件
영동소방서,永同消防署
진라면,ジンラーメン
청원구,清原区
서원구,西原区
하남경찰서,河南警察署
성주소방서,星州消防署
안양동안경찰서,安養東安警察署
안양소방서,安養消防署
인천공단소방서,仁川工団消防署
인천강화소방서,仁川江華消防署
천도교 중앙대교당,天道教中央大教堂
ENA (텔레비전 채널),ENA・(テレビチャンネル)
양평소방서,楊平消防署
다시다,ダシダ
청담고등학교 (서울),清潭高等学校
세종대왕기념사업회,世宗大王記念事業会
소월시문학상,素月詩文学賞
안양만안경찰서,安養万安警察署
안중읍,安仲邑
안산상록경찰서,安山常緑警察署
안산단원경찰서,安山檀園警察署
전라남도지사,全羅南道知事
판타지오,Fantagio
한국경제인협회,全国経済人連合会
전조선 제정당사회단체 대표자 연석회의,全朝鮮諸政党社会団体代表者連席会議
서울 영은문 주초,ソウル迎恩門柱礎
영양경찰서,英陽警察署
증평소방서,曽坪消防署
하소역,下所駅
이길역,二吉駅
금곡역 (금강산선),金谷駅・(江原道)
동송역,東松駅
유곡역 (금강산선),楡谷駅・(江原道)
정연역,亭淵駅
철도특별사법경찰대,鉄道特別司法警察隊
광삼역,光三駅
대구강북경찰서,大邱江北警察署
양지역 (철원),陽地駅・(江原道)
검단산 (성남/광주),黔丹山
한국국학진흥원,韓国国学振興院
독도 사철나무,独島のマサキ
일양약품,一洋薬品
옥천소방서,沃川消防署
온산역,温山駅
우각동역,牛角洞駅
용천동굴,龍泉洞窟
중문동,中文洞
중봉대로,重峯大路
청하 (술),清河・(酒)
백양역 (김화),白楊駅
행정역,杏亭駅
2019년 세계 수영 선수권 대회,2019年世界水泳選手権
관매도,観梅島
한국토지주택공사,韓国土地住宅公社
한국프로골프협회,韓国プロゴルフ協会
한국철도기술연구원,韓国鉄道技術研究院
KAI LAH,KAI・LCH/LAH
중앙승가대학교,中央僧伽大学校
천안동남경찰서,天安東南警察署
정유미,チョン・ユミ
포천경찰서,抱川警察署
평택대학교,平沢大学校
평촌경영고등학교,坪村経営高等学校
포스코퓨처엠,ポスコケミカル
포천소방서,抱川消防署
광주 월계동 장고분,光州月桂洞古墳群
경주 배동 석조여래삼존입상,慶州拝洞石造如来三尊立像
공주 단지리 고분군,公州丹芝里古墳群
호국군,護国軍・(韓国陸軍)
현절사,顕節祠
협성대학교,協成大学校
영천소방서,永川消防署
예당저수지,礼唐貯水池
충암고등학교,沖岩高等学校
청라국제도시역,青羅国際都市駅
세븐틴 (음악 그룹),SEVENTEEN・(音楽グループ)
워터파크역,ウォーターパーク駅
합동청사역,合同庁舎駅
장기주차장역,長期駐車場駅
파라다이스시티역,パラダイスシティ駅
한국음반산업협회,韓国レコード産業協会
제이와이드컴퍼니,"J,WIDEカンパニー"
대한민국 국가안보실,国家安保室
한림연예예술고등학교,韓林演芸芸術高等学校
교동대교,喬桐大橋
남도해양열차,南道海洋列車
서울구로경찰서,ソウル九老警察署
"민주당 (대한민국, 2008년)",民主党・(韓国・2008-2011)
태종무열왕릉비,太宗武烈王陵碑
제35보병사단,第35郷土防衛師団・(韓国陸軍)
무열왕릉,武烈王陵
울산동부소방서,東部消防署・(蔚山広域市)
제12보병사단 (대한민국),第12歩兵師団・(韓国陸軍)
광주교통공사,光州広域市都市鉄道公社
충북영동국악와인열차,忠北永同国楽ワイン列車
대명 상무 아이스하키단,デミョンサンム
삼풍백화점,三豊百貨店
우진산전,宇進産電
부산광역시의료원,釜山医療院
알뜨르 비행장,アルトゥル飛行場
구미 가스 누출 사고,亀尾フッ化水素酸漏出事故
부산시민공원,釜山市民公園
넥슨 코리아,NEXON・Korea
타워 인피니티,タワー・インフィニティ
고란사,皐蘭寺
쿠팡,クーパン・(企業)
용인동부경찰서,龍仁東部警察署
통영 케이블카,統営ケーブルカー
통일로,統一路
통일대교,統一大橋
통영해저터널,統営海底トンネル
통영대전고속도로,統営大田高速道路
해안면,亥安面
서울퀴어문화축제,ソウル・クィア・カルチャー・フェスティバル
홍도 (통영시),鴻島・(統営市)
영화의전당,映画の殿堂
대연각호텔 화재,大然閣ホテル火災事故
창원NC파크,昌原NCパーク
대구삼성라이온즈파크,大邱サムスン・ライオンズ・パーク
광명소방서,光明消防署
경주 오릉,五陵・(慶州)
장기읍성,長鬐邑城
울산 분기점,蔚山ジャンクション
국가지원지방도 제13호선,国家支援地方道13号線
추자군도,楸子群島
화성서부경찰서,華城西部警察署
화성소방서,華城消防署
포천 한탄강 현무암 협곡과 비둘기낭 폭포,抱川漢灘江玄武岩峡谷とピドゥルギナン瀑布
제7기동군단,第7機動軍団・(韓国陸軍)
천안 성거산 위례성,天安聖居山慰礼城
포천비행장,抱川飛行場
부여 정림사지,定林寺址
원주 법천사지 지광국사탑,原州法泉寺址智光国師塔
문경소방서,聞慶消防署
국립국제교육원,国立国際教育院
경주 탈해왕릉,脱解王陵
말휘리역,末輝里駅
국립소록도병원,小鹿島更生園
2014년 신안군 염전 섬노예 사건,新安塩田奴隷労働事件
현대고등학교 (서울),現代高等学校・(ソウル特別市)
넥스트엔터테인먼트월드,ネクスト・エンターテインメント・ワールド
정지용 문학상,鄭芝溶文学賞
대한민국 원자력안전위원회,原子力安全委員会・(大韓民国)
도파역,桃坡駅
황해선,黄海線
황산면 (해남군),黄山面
남창도역,南昌道駅
남양주소방서,南楊州消防署
숭의역,崇義駅
부산동래소방서,東萊消防署
동두천소방서,東豆川消防署
북철송장역,北鉄送場駅
중원비행장,中原飛行場
현충사,顕忠祠
NH농협은행,NH農協銀行
남철송장역,南鉄送場駅
대한예수교장로회,大韓イエス教長老会
국풍’81,国風81
인등터널,人灯トンネル
자유로,自由路
신당제5동,新堂第5洞
금성역,金城駅・(江原道)
다산동 (서울),茶山洞
청구동,青丘洞
약수동,薬水洞
동화동,東化洞
대한민국의 국무총리,国務総理・(大韓民国)
의정부소방서,議政府消防署
부산기장소방서,機張消防署
부산남부소방서,南部消防署・(釜山広域市)
부산사하소방서,沙下消防署
염광여자메디텍고등학교,塩光女子メディテック高等学校
부산강서소방서,江西消防署・(釜山広域市)
육군훈련소,大韓民国陸軍訓練所
육군과학화전투훈련단,大韓民国陸軍科学化戦闘訓練団
인하공업전문대학,仁荷工業専門大学
서천소방서,舒川消防署
2014년 아시안 게임 소프트볼,2014年アジア競技大会におけるソフトボール競技
경파역,慶坡駅
김포소방서,金浦消防署
기성역,岐城駅
2014년 아시안 게임 배드민턴,2014年アジア競技大会におけるバドミントン競技
부산신항,釜山新港
부천소방서,富川消防署
부여소방서,扶餘消防署
부산항만소방서,港湾消防署
부산시립미술관,釜山市立美術館
경주 나들목,慶州インターチェンジ
건들바위역,コンドゥルバウィ駅
원대역,院垈駅
달성공원역,達城公園駅
용지역,龍池駅
남산역 (대구),南山駅・(大邱広域市)
대봉교역,大鳳橋駅
수성구민운동장역,寿城区民運動場駅
지산역,池山駅
황금역,黄金駅・(大邱広域市)
팔달시장역,八達市場駅
수성시장역,寿城市場駅
북구청역,北区庁駅
수성못역,寿城池駅
서원,書院・(東アジア)
범물역,凡勿駅
어린이세상역,オリニセサン駅
2014년 아시안 게임 육상,2014年アジア競技大会における陸上競技
2014년 아시안 게임 유도,2014年アジア競技大会における柔道競技
울산광역시장,蔚山広域市長
아가동산 사건,アガドンサン事件
로윈,ロウィン
로봇파워,ロボットパワー
신불도,薪仏島
대한민국 영화,韓国映画
대한민국의 읍 목록,大韓民国の邑の一覧
한국의 지진 목록,大韓民国の地震一覧
오량역,五両駅
국도 제40호선,国道40号線・(韓国)
오산소방서,烏山消防署
부산해운대소방서,海雲台消防署
대관령 나들목,大関嶺インターチェンジ
대전광역시장,大田広域市長
효원고등학교,孝園高等学校
대한민국의 공군참모총장,空軍参謀総長・(大韓民国)
대한민국 외무부,外務部・(大韓民国)
하나원,ハナウォン
인천광역시장,仁川広域市長
노동당 (대한민국),労働党・(韓国)
사회복무요원,社会服務要員
서문시장역,西門市場駅
영종역,永宗駅
아시아태평양 스타 어워즈,アジア太平洋スターアワード
매니지먼트 숲,マネジメントSOOP
세종특별자치시 소방본부,世宗特別自治市消防本部
국도 제23호선,国道23号線・(韓国)
인천계양소방서,仁川桂陽消防署
태안소방서,泰安消防署
5001함,参峰・(警備艦)
청주서부소방서,清州西部消防署
탄감역,炭甘駅
군내면 (파주시),郡内面・(坡州市)
660호대 증기 기관차,朝鮮鉄道660形蒸気機関車
대한민국의 해군참모총장,海軍参謀総長・(大韓民国)
에스알,SR・(企業)
재한유엔기념공원,UN記念公園
대한민국 새만금개발청,セマングム開発庁
식품위생법 (대한민국),食品衛生法・(大韓民国)
"국민당 (대한민국, 1971년)",国民党・(韓国・1971-1973)
솔안터널,ソラントンネル
울산 현대미포조선 돌고래,蔚山現代尾浦造船
상주소방서,尚州消防署
서울동작소방서,銅雀消防署
서울강북소방서,江北消防署
소양호,昭陽湖
코리아세븐,コリアセブン
대한의사협회,大韓医師協会
하이브 (기업),HYBE
성산소방서,昌原消防署
더불어민주당,共に民主党
제주평화연구원,済州平和研究院
국도 제24호선,国道24号線・(韓国)
국도 제67호선,国道67号線・(韓国)
국도 제26호선,国道26号線・(韓国)
국도 제33호선,国道33号線・(韓国)
단발령역,断髪嶺駅
현리역,県里駅
해남공룡박물관,海南恐竜博物館
서울공연예술고등학교,ソウル公演芸術高等学校
가톨릭대학교 서울성모병원,ソウル聖母病院
국도 제25호선,国道25号線・(韓国)
국도 제28호선,国道28号線・(韓国)
시흥소방서,始興消防署
국도 제14호선,国道14号線・(韓国)
국도 제21호선,国道21号線・(韓国)
2014년 아시안 게임 핸드볼,2014年アジア競技大会におけるハンドボール競技
한국인삼공사,正官庄
2014년 아시안 게임 탁구,2014年アジア競技大会における卓球競技
개화산,開花山
대관령터널 (철도),大関嶺トンネル・(鉄道)
경기국제통상고등학교,京畿国際通商高等学校
공화춘,共和春
아리랑 라디오,アリランラジオ
덕산도립공원,徳山道立公園
충청북도지사,忠清北道知事
전북특별자치도지사,全北特別自治道知事
창도역,昌道駅
팔달역,八達駅
태전역,太田駅・(大邱広域市)
칠곡경대병원역,漆谷慶大病院駅
공단역,工団駅
매천역,梅川駅
팔거역,八莒駅
칠곡운암역,漆谷雲岩駅
매천시장역,梅川市場駅
학정역,鶴亭駅
동천역 (대구),東川駅・(大邱広域市)
구암역 (대구),鳩岩駅
만평역,万坪駅
대한민국 대중문화예술상,大韓民国大衆文化芸術賞
장기면,長鬐面
전국빈민연합,全国貧民連合
장생포역,長生浦駅
동해면 (포항시),東海面
C9 엔터테인먼트,C9エンターテイメント
정교회 성 바울로 성당,仁川聖パウロ聖堂
영화진흥위원회,韓国映画振興委員会
수도권 통합요금제,首都圏統合料金制
한화,ハンファ
전자신문,電子新聞・(韓国の新聞)
함창군,咸昌郡
대한민국 해군의 함정 목록,大韓民国海軍艦艇一覧
용주골,ヨンジュコル
DR뮤직,DRミュージック
신림역 (원주),神林駅
하나고등학교,ハナ高等学校
부산 국제 모터쇼,釜山モーターショー
제7회 전국동시지방선거,第7回全国同時地方選挙・(韓国)
팔도 비빔면,パルド・ビビン麺
천리안 2호,千里眼2号
대한민국 헌법 제8호,維新体制
RBW,RBW
충청남도지사,忠清南道知事
HD현대인프라코어,斗山インフラコア
종묘광장,宗廟公園
평화열차,平和列車
남민전 사건,南民戦事件
너구리 (라면),ノグリ・(インスタントラーメン)
중앙보훈병원역,中央報勲病院駅
아리랑 3A호,アリラン3A号
서울 이랜드 FC,ソウルイーランドFC
청해진해운,清海鎮海運
맹골도,孟骨島
세월호 침몰 사고,セウォル号沈没事故
글로벌에이치미디어,NHメディア
대한민국 국민안전처,国民安全処
한국여성인권진흥원,韓国女性人権振興院
성두역,城頭駅・(京畿道)
동거차도,東巨次島
파주출판도시,坡州出版都市
서울 지하철 2호선 상왕십리역 추돌 사고,ソウルメトロ2号線上往十里駅追突事故
칠곡 계모 아동학대 사망 사건,漆谷継母児童虐待死亡事件
각 (데이터 센터),閣
정선아리랑열차,旌善アリラン列車
삼성바이오로직스,サムスンバイオロジクス
괴산소방서,槐山消防署
와우아파트 붕괴 참사,臥牛アパート崩壊事故
고흥반도,高興半島
기독교복음침례회,キリスト教福音浸礼会
경향게임스,キョンヒャンゲームズ
NK 뉴스,NK・News
가습기 살균제 사건,加湿器殺菌剤事件
셀트리온,セルトリオン
경주 분황사 모전석탑,芬皇寺模塼石塔
젤리피쉬 엔터테인먼트,Jellyfishエンターテインメント
수암생명공학연구원,スアム生命工学研究院
한국음악저작권협회,韓国音楽著作権協会
샘표식품,セムピョ食品
대한민국 게임대상,大韓民国ゲーム大賞
부산금정소방서,金井消防署
불닭볶음면,ブルダック炒め麺
완도대교,莞島大橋
형제복지원,兄弟福祉院事件
강원도 고성 군부대 총기 난사 사건,江原道高城郡兵長銃乱射事件
마마무,MAMAMOO
진접선,榛接線
김해 여고생 살인 사건,金海女子高生殺人事件
레드벨벳 (음악 그룹),Red・Velvet
NHN,NHN・Entertainment
대한민국 육군본부,陸軍本部・(韓国陸軍)
보성만,宝城湾
하조도,下鳥島・(珍島郡)
슈퍼레이스,SUPERRACE・CHAMPIONSHIP
동북아역사재단,東北アジア歴史財団
종로동 (서울),鐘路洞
황남대총,皇南大塚
재일학도의용군,在日學徒義勇軍
2014년 아시안 게임 테니스,2014年アジア競技大会におけるテニス競技
삼성중앙역,三成中央駅
봉은사역,奉恩寺駅
언주역,彦州駅
외래어 표기법,外来語表記法・(大韓民国)
배드키즈,BADKIZ
2014년 아시안 게임 축구,2014年アジア競技大会におけるサッカー競技
한국 중부,韓国中部
곳도,ファチャン島
이마트24,イーマート24
상생방송,相生放送
용문산 전투,龍門山の戦い
수도권 전철 경의·중앙선,首都圏電鉄京義・中央線
판교 공연장 환풍구 붕괴 사고,城南市野外コンサート換気口崩落事故
야당역,野塘駅
남울주소방서,温山消防署
카카오 (기업),カカオ・(企業)
원산도,元山島
알로이시오중학교,アルロイシオ中学校
예산산성,礼山山城
소백산천문대,小白山天文台
별내선,別内線
부활호,復活号
2016년 하계 올림픽 대한민국 선수단,2016年リオデジャネイロオリンピックの韓国選手団
광산군,光山郡
대한민국의 인터넷 검열,韓国のネット検閲
동탄인덕원선,東灘仁徳院線
제1차 서울 전투,ソウル会戦・(第一次)
서울은평소방서,恩平消防署
서울강동소방서,江東消防署
사직중학교,社稷中学校
양말산,ヤンマル山
한국철강,韓国鉄鋼
국도 제78호선 (대한민국),国道78号線・(韓国)
중부지방해양경찰청,中部地方海洋警察庁
대한민국 인사혁신처,人事革新処
울진 봉평리 신라비,蔚珍鳳坪碑
2015년 대한민국,2015年の大韓民国
2017년 4대륙 피겨스케이팅 선수권 대회,2017年四大陸フィギュアスケート選手権
베리굿,Berry・Good
라붐 (음악 그룹),LABOUM
한국일보문학상,韓国日報文学賞
근정훈장,勤政勲章
디지페디,Digipedi
간성역,杆城駅
공현진역,公峴津駅
거진역,巨津駅
정림사지박물관,定林寺址博物館
학의천,鶴儀川
송탄소방서,松炭消防署
천진리역,天津里駅
감천문화마을,甘川文化村
한국공항,韓国空港
창내역,倉内信号場
서해금빛열차,西海金光列車
청산도,青山島
율현터널,栗峴トンネル
남동아시아드럭비경기장,仁川南洞アジアードラグビー競技場
신포역 (인천),新浦駅
노화도,蘆花島
퍼시스,FURSYS
2015년 K리그1,Kリーグクラシック・2015
사직초등학교 (부산),社稷小学校
용유역,龍遊駅
대구강서소방서,大邱江西消防署
가정역,佳亭駅
아시아드경기장역,アシアード競技場駅
석남역,石南駅
마전역 (인천),麻田駅・(仁川広域市)
검바위역,黔バウィ駅
독정역,篤亭駅
검단사거리역,黔丹サゴリ駅
완정역,完井駅
왕길역,旺吉駅
가정중앙시장역,佳亭中央市場駅
서구청역,西区庁駅
검단오류역,黔丹梧柳駅
부정청탁 및 금품등 수수의 금지에 관한 법률,不正請託及び金品等の収受禁止に関する法律
인천영종소방서,仁川永宗消防署
IKON,IKON
Let's Run PARK배,Let's・Run・PARK杯オープントーナメント
WM 엔터테인먼트,WMエンターテインメント
레일플러스,レールプラス
금정체육관,金井体育館
김해서부소방서,金海西部消防署
꼰대,コンデ・(韓国の俗語)
데브시스터즈,デヴシスターズ
2015년 대한민국 중동호흡기증후군 유행,2015年韓国におけるMERSの流行
KOVO컵,KOVOカップ
2016년 여자 야구 월드컵,2016・WBSC女子野球ワールドカップ
대한민국의 섬 목록,大韓民国の島の一覧
삼성SDI,サムスンSDI
백제역사유적지구,百済考古遺跡
트와이스,TWICE・(韓国の音楽グループ)
몬국경일,モン建国記念日
대한민국의 육군참모총장,陸軍参謀総長・(大韓民国)
경기철도,京畿鉄道
광교역,光教駅
대전유성경찰서,大田儒城警察署
쏘스뮤직,SOURCE・MUSIC
인천가좌역,仁川佳佐駅
주안국가산단역,朱安国家産団駅
석바위시장역,石バウィ市場駅
가재울역,カジェウル駅
서부여성회관역,西部女性会館駅
인천대공원역,仁川大公園駅
석천사거리역,石泉サゴリ駅
모래내시장역,モレネ市場駅
시민공원역,市民公園駅
운연역,雲宴駅
남동구청역,南洞区庁駅
만수역 (인천),万寿駅・(仁川広域市)
제네시스 (자동차),ジェネシス・(ヒョンデ)
한국의 소싸움,闘牛・(韓国)
대한민국 제21대 국회의원 선거,第21代総選挙・(大韓民国)
설화명곡역,舌化ミョン谷駅
부산 도시철도 사상하단선,釜山交通公社沙上下端線
2019년 WBSC 프리미어 12,2019・WBSCプレミア12
아이에스티 엔터테인먼트,ISTエンターテインメント
2016년 K리그1,Kリーグクラシック・2016
수지구청역,水枝区庁駅
성복역,星福駅
상현역,上峴駅
광교중앙역,光教中央駅
동천역 (용인),東川駅・(京畿道)
신둔도예촌역,新屯陶芸村駅
초월역,草月駅
경기광주역,京畿広州駅
곤지암역,昆池岩駅
이천역,利川駅・(京江線)
평택선,平沢線
경강선,京江線
부발역,夫鉢駅
삼동역,三洞駅
육우당 문학상,六友堂文学賞
NCT (음악 그룹),NCT・(音楽グループ)
GOT7,GOT7
제주 고산리 유적,高山里遺跡
군산항선,群山港線
해남 방산리 장고봉고분,海南長鼓山古墳
대한민국 군형법,軍刑法・(大韓民国)
2016년 대한민국,2016年の大韓民国
보현산천문대,普賢山天文台
강남역 살인 사건,ソウル江南トイレ殺人事件
블랙아이드필승,ブラック・アイド・ピルスン
수도권 전철 경강선,首都圏電鉄京江線
국도 제41호선 (대한민국),国道41号線・(韓国)
지니뮤직,ジニーミュージック
대구권 광역철도,大邱圏広域鉄道
국민통일방송,国民統一放送
여주역,驪州駅
세종대왕릉역,世宗大王陵駅
산곡역,山谷駅・(仁川広域市)
사회변혁노동자당,社会変革労働者党
민중연합당,民衆連合党
수도권 광역급행철도 A노선,首都圏広域急行鉄道A路線
다대포항역,多大浦港駅
대한민국고엽제전우회,大韓民国枯葉剤後遺症戦友会
동탄역,東灘駅
오시리아역,オシリア駅
평화민주당,平和民主党
청운효자동,清雲孝子洞
대명 킬러웨일즈,デミョンキラーホエールズ
한국철도공사 7100호대 디젤 기관차,韓国鉄道7100形ディーゼル機関車
제25회 세계 스카우트 잼버리,第25回世界スカウトジャンボリー
스타필드 하남,スターフィールド河南
수원 도시철도 1호선,水原都市鉄道1号線
대한민국-사우디아라비아 관계,サウジアラビアと韓国の関係
부안 죽막동 유적,竹幕洞祭祀遺跡
낫개역,ナッケ駅
국민의당 (2016년),国民の党・(大韓民国・2016-2018)
2015년 한·일 일본군 위안부 협상 타결,慰安婦問題日韓合意
동매역,トンメ駅
다대포해수욕장역,多大浦海水浴場駅
대한민국 병역법,兵役法・(大韓民国)
장림역,長林駅
신장림역,新長林駅
화원역,花園駅・(大邱広域市)
함평 예덕리 신덕 고분군,咸平新徳古墳群
하남선,河南線
2024년 동계 청소년 올림픽,2024年江原道ユースオリンピック
마리오아울렛,マリオアウトレット
지마왕릉,祇摩王陵
우이신설경전철 (기업),牛耳新設軽電鉄
전쟁과여성인권박물관,戦争と女性の人権博物館
2018년 동계 올림픽 대한민국 선수단,2018年平昌オリンピックの韓国選手団
명지학원 (명지대학교),学校法人明知学園
국도 제50호선 (대한민국),国道50号線・(韓国)
프리스틴,PRISTIN
낭만닥터 김사부,浪漫ドクター・キム・サブ
함박도,咸朴島
양산 단층,梁山断層
2016년 경주 지진,慶州地震
에어서울,エアソウル
남영동 대공분실,南営洞対共分室
구래역,九来駅
풍무역,豊舞駅
양촌역 (김포),陽村駅・(京畿道)
고촌역 (김포),高村駅・(京畿道)
걸포북변역,傑浦北辺駅
장기역,場基駅
사우역,沙隅駅
운양역 (김포),雲陽駅・(京畿道)
마산역 (김포),麻山駅・(京畿道)
2018년 동계 올림픽 피겨스케이팅,2018年平昌オリンピックのフィギュアスケート競技
단색화,単色画
BLACKPINK,BLACKPINK
에스에이엠지 엔터테인먼트,SAMGアニメーション
박근혜-최순실 게이트,崔順実ゲート事件
정의기억재단,日本軍性奴隷制問題解決のための正義記憶財団
대한민국 고위공직자범죄수사처,高位公職者犯罪捜査処
화해·치유재단,和解・癒やし財団
안산 그리너스 FC,安山グリナースFC
수서고속철도,SRT・(列車)
코리아체조,コリア体操
서울교통공사,ソウル交通公社
덕구온천,德邱温泉
화계역,華渓駅
솔밭공원역,ソルバッ公園駅
삼양사거리역,三陽サゴリ駅
가오리역,加五里駅
북한산보국문역,北漢山輔国門駅
4.19민주묘지역,4.19民主墓地駅
솔샘역,ソルセム駅
마금산온천,馬金山温泉
국가거점국립대학교총장협의회,地域拠点国立大学
2017년 대한민국,2017年の大韓民国
직산군,稷山郡
2018년 동계 올림픽 바이애슬론,2018年平昌オリンピックのバイアスロン競技
박근혜 대통령 탄핵,朴槿恵韓国大統領弾劾訴追
늘품체조,ヌルプム体操
2018년 동계 올림픽 쇼트트랙,2018年平昌オリンピックのショートトラックスピードスケート競技
정릉역,貞陵駅
변산반도,辺山半島
송도달빛축제공원역,松島月光祝祭公園駅
영덕역,盈徳駅
월포역,月浦駅
장사역,長沙駅・(慶尚北道)
강구역 (영덕),江口駅・(慶尚北道)
문재인 정부,文在寅政権
스튜디오드래곤,スタジオドラゴン
대한민국 제20대 대통령 선거,2022年大韓民国大統領選挙
인천 초등학생 살해 사건,仁川小学生殺害事件
자유한국21,韓国経済党
군수 (행정가),郡守
2018년 대한민국,2018年の大韓民国
KQ 엔터테인먼트,KQエンターテインメント
새누리당 (2017년),セヌリ党・(2017-)
MNH 엔터테인먼트,MNHエンターテインメント
북한산우이역,北漢山牛耳駅
시흥시청역,始興市庁駅
신현역,新峴駅
JTBC 챌린지 매치,JTBCチャレンジマッチ
달미역,タルミ駅
시흥대야역,始興大也駅
소새울역,ソセウル駅
시흥능곡역,始興陵谷駅
신천역 (시흥),新川駅・(京畿道)
시우역,時雨駅
연세대학교 의료원,延世大学校医療院
2017년 K리그1,Kリーグクラシック・2017
아시아 아티스트 어워즈,Asia・Artist・Awards
모모랜드,MOMOLAND
울산신항선,蔚山新港線
"산사, 한국의 산지승원",山寺・(大韓民国)
남위례역,南慰礼駅
대한민국의 최저임금,最低賃金・(韓国)
벌곡휴게소,筏谷サービスエリア
가나반공정당코리아,行こうコリア
평창역,平昌駅
둔내역,屯内駅
세종대왕 동상,世宗大王像・(光化門広場)
리얼걸프로젝트,Real・Girls・Project
원밀리언 댄스 스튜디오,1MILLION・DANCE・STUDIO
횡성역,横城駅
진부역,珍富駅
완도타워,莞島タワー
완도수목원,莞島樹木園
대한민국의 검찰총장,検察総長・(大韓民国)
소리바다 베스트 케이뮤직 어워즈,Soribada・Best・K-Music・Award
종로구 (1988년 선거구),鐘路区・(選挙区)
부산원동역,釜山院洞駅
삼성종합기술원,Samsung・Advanced・Institute・of・Technology
S.I.S,S.I.S
웨이크원,WAKEONE
자유의 집 (판문점),自由の家・(板門店)
ㅋㅋ,ㅋㅋ
인천공항2터미널역,仁川国際空港2ターミナル駅
가자!평화인권당,日帝強制動員被害者・日本軍慰安婦の人権政党
수성못,寿城池
삽교호,挿橋湖
총알맨들,弾丸マン
바른미래당,正しい未来党
서울성동소방서,城東消防署・(ソウル特別市)
얼반웍스이엔티,アーバンワークスメディア
2017년 포항 지진,浦項地震
2020년 하계 올림픽 대한민국 선수단,2020年東京オリンピックの韓国選手団
동아시아 청소년 경기 대회,東アジアユースゲームズ
금호고등학교 (서울),金湖高等学校
수저계급론,スプーン階級論
어라운드어스 엔터테인먼트,Around・USエンターテインメント
2018년 동계 올림픽 개막식,2018年平昌オリンピックの開会式
바른정당,正しい政党
2018년 동계 올림픽 폐막식,2018年平昌オリンピックの閉会式
MLD 엔터테인먼트,MLDエンターテインメント
창녕 WFC,昌寧WFC
2020년 세계 탁구 선수권 대회,第55回世界卓球選手権団体戦
디앤에이모터스,DNAモータース
원시역,元時駅
선부역,仙府駅
2018년 제2차 남북정상회담,南北首脳会談・(2018年5月)
2018년 동계 올림픽 피겨스케이팅 남자 싱글,2018年平昌オリンピックのフィギュアスケート競技・男子シングル
베트남 전쟁 시기 한국군에 의한 민간인 학살 진상규명을 위한 시민평화법정,ベトナム戦争時期の韓国軍による民間人虐殺真相究明のための市民平和法廷
제8회 전국동시지방선거,第8回全国同時地方選挙・(韓国)
서울 경전철 면목선,ソウル軽電鉄面牧線
한국예수교장로회,韓国イエス教長老会
LG연암학원,学校法人LG蓮庵学園
혁신도시,革新都市・(韓国)
진보당 (2017년 대한민국),民衆党・(韓国・2017-)
이달의 소녀,今月の少女
SKYE,IN2IT
서울 다이너스티,ソウル・ダイナスティ
2018년 아시아 남자 핸드볼 선수권 대회,2018年アジア男子ハンドボール選手権
2018년 동계 올림픽 컬링 여자,2018年平昌オリンピックのカーリング競技・女子
제천 스포츠센터 화재,堤川スポーツセンター火災
Stray Kids,Stray・Kids
국뽕,クッポン
양산 도시철도,梁山都市鉄道
책거리,チェッコリ
일식가옥,日式家屋
CJ ENM,CJ・ENM
IZ*ONE,IZ*ONE
국가유공자,韓国国家有功者
2018년 제1차 남북정상회담,2018年南北首脳会談
부산광역시장,釜山広域市長
해밀톤호텔,ハミルトンホテル・(ソウル特別市)
우리공화당 (2017년),ウリ共和党
대한민국 과학기술정보통신부,科学技術情報通信部
대한민국 중소벤처기업부,中小ベンチャー企業部
도봉 여중생 집단 성폭행 사건,道峰女子中学生集団性的暴行事件
부산광역시현대미술관,釜山現代美術館
밀양 세종병원 화재,密陽世宗病院火災
민주평화당,民主平和党
망향휴게소,望郷サービスエリア
크라운해태배,クラウン・ヘテ杯
펄어비스,Pearl・Abyss
청량역,青良信号所
공범자들,共犯者たち
VAST엔터테인먼트,VASTエンターテイメント
국립일제강제동원역사관,国立日帝強制動員歴史館
Gen.G,Gen.G
탕정역,湯井駅
망양역,望陽駅
인천 중학생 추락사 사건,仁川中学生墜落死事件
네이처 (음악 그룹),NATURE・(音楽グループ)
SS-065 박위,朴葳・(潜水艦)
평화의 집,平和の家
의왕시·과천시,義王市・果川市・(選挙区)
대관령신호장,大関嶺信号場
파나틱스,FANATICS・(音楽グループ)
체리블렛,Cherry・Bullet
DGB대구은행파크,大邱フォレストアレーナ
남강릉신호장,南江陵信号場
복수노트,僕たちの復讐ノート
2018년 한일 해상 군사 분쟁,韓国海軍レーダー照射問題
2016년 KBO 리그 승부조작 사건,2016年韓国プロ野球八百長事件
플라이강원,フライ江原
하남검단산역,河南黔丹山駅
하남시청역,河南市庁駅
하남풍산역,河南豊山駅
하이에어,ハイエア
조종암,朝宗岩
미사역,渼沙駅
버닝썬 게이트,バーニング・サン事件
진주 가좌주공아파트 방화 살인 사건,晋州マンション放火殺人事件
탈코르셋,脱コルセット
아이디어뮤직엔터테인먼트코리아,IMe・KOREA
국민의힘,国民の力
수도권 전철 수인·분당선,首都圏電鉄水仁・盆唐線
미래한국당,未来韓国党
K3리그,K3リーグ
식민지역사박물관,植民地歴史博物館
세러데이,SATURDAY
신일철주금 강제징용 소송,旧朝鮮半島出身労働者問題
이담 엔터테인먼트,EDAMエンターテインメント
한국의 서원,書院、韓国の性理学教育機関群
에버글로우,EVERGLOW
P NATION,P・NATION
서울 경전철 위례선,ソウル軽電鉄慰礼線
새진보연합,基本所得党
가남역,加南駅・(京畿道)
N번방 사건,N番部屋事件
2019년 강원도 산불,2019年江原道山林火災
BTN불교TV,仏教TV
SuperM,SuperM
"홍자매 (홍진아, 홍자람)",ホン姉妹
위 엔터테인먼트,OUIエンターテインメント
대한민국 제10대 대통령 선거,1979年大韓民国大統領選挙
대한민국의 코로나19 범유행,韓国における2019年コロナウイルス感染症の流行状況
강일역,江一駅
미래를향한전진4.0,未来に向けた前進4.0
K4리그,K4リーグ
V-리그 2020-21,2020-2021・Vリーグ・(韓国)
앙성온천역,仰城温泉駅
금가역,金加信号場
외동역,外東信号場
한중일 녜웨이핑배 바둑마스터스,中日韓聶衛平杯囲碁マスターズ
아미역,牙美信号場
KTX-이음,韓国鉄道公社150000系電車
포켓돌스튜디오,POCKETDOL・STUDIO
로엔엔터테인먼트,LOENエンターテインメント
가야고분군,伽倻古墳群
무한천,無限川
케이오지 엔터테인먼트,KOZエンターテインメント
에잇디 엔터테인먼트,8Dエンターテインメント
코로나19 범유행,新型コロナウイルス感染症の世界的流行・(2019年-)
워너 브라더스 코리아,ワーナー・ブラザース・コリア
서도 (독도),男島・(島根県隠岐の島町)
동도 (독도),女島・(島根県隠岐の島町)
컬러 러쉬,カラーラッシュ
군산옥산신호장,群山玉山信号場
망호신호장,望湖信号場
목천신호소,木川信号所
군산항역,群山港駅
운학신호장,雲鶴信号場
김천 상무 FC,金泉尚武FC
춘천속초선,春川束草線
더불어시민당,共に市民党
우리공화당 (2020년),ウリ共和党・(大韓民国・2020)
열린민주당,開かれた民主党
2021년 서울특별시장 보궐선거,2021年ソウル市長補欠選挙
오르빗 (음악 그룹),ORβIT
보라매공원역,ポラメ公園駅
관악산역,冠岳山駅
서울지방병무청역,ソウル地方兵務庁駅
에어로케이,エアロK
2019년 AFC 여자 클럽 챔피언십,AFC女子クラブ選手権2019
충남 아산 FC,忠南牙山FC
새로운보수당,新しい保守党
대안신당,代案新党
2019-20 아시아리그 아이스하키,アジアリーグアイスホッケー2019-2020
대한민국 제22대 국회의원 선거,第22代総選挙・(大韓民国)
CRAVITY,CRAVITY
윤석열 정부,尹錫悦政権
보라매병원역,ポラメ病院駅
동 (행정 구역),洞・(行政区画)
원종역,遠宗駅
스틸리언,スティーリアン
의정부 경전철 차량기지 임시승강장,高山駅・(京畿道)
버가부,BugAboo
북울산역,北蔚山駅
한국여자프로골프협회,韓国女子プロゴルフ協会
빅플래닛메이드엔터,BPMエンターテインメント
한국의 갯벌,韓国の干潟
암사역사공원역,岩寺歴史公園駅
장자호수공원역,長者湖水公園駅
동구릉역,東九陵駅
다산역 (남양주),茶山駅・(京畿道)
아시아의 코로나19 범유행,アジアにおける2019年コロナウイルス感染症の流行状況
국민의당 (2020년),国民の党・(大韓民国・2020)
친박신당,親朴新党
대한민국의 민주당계 정당,大韓民国の民主党系政党
기후민생당,民生党
대한민국의 저출산,大韓民国の少子化
ENHYPEN,ENHYPEN
감곡장호원역,甘谷長湖院駅
오남역,梧南駅
진접역,榛接駅
울산 삼환아르누보 화재,蔚山高層ビル火災
별내별가람역,別内ビョルガラム駅
페퍼저축은행 AI 페퍼스,ペッパー貯蓄銀行AIペッパーズ
2022년 동계 올림픽 대한민국 선수단,2022年北京オリンピックの韓国選手団
정의기억연대,日本軍性奴隷制問題解決のための正義記憶連帯
말도 (인천광역시),マル島・(朝鮮)
영일만항선,迎日湾港線
용암역,龍巌駅
울산신항역,蔚山新港駅
오목천역,梧木川駅
영일만항역,迎日湾港駅
크랙시,CRAXY
서원역,書院駅・(ソウル特別市)
로켓펀치 (플랫폼),RocketPunch
한국선거방송,韓国選挙放送
당곡역,堂谷駅
대한민국의 독자 핵무장론,大韓民国における核武装論
대한민국의 보충역,大韓民国の補充役
대한민국 경찰특공대,警察特攻隊
태풍 힌남노,令和4年台風第11号
홍콩 경제무역대표부 서울 사무소,香港経済貿易代表部ソウル事務所
SSG 랜더스,SSGランダース
빅히트 뮤직,BIGHIT・MUSIC
빌리프랩,BELIFT・LAB
서경주역,西慶州駅・(東海線)
광주 화정 아이파크 외벽 붕괴 사고,光州マンション外壁崩落事故
Woo!ah!,Woo!ah!
레고랜드 코리아 리조트,レゴランド・コリア・リゾート
위버스 (플랫폼),Weverse
서해선,西海線
아르코예술극장,アルコ芸術劇場
아이칠린,ICHILLIN'
DCF대명문화공장,DCFデミョン文化工場
달고나,タルゴナ
케플러 (음악 그룹),Kep1er
대학로 유니플렉스,ユニプレックス
IVE,IVE・(音楽グループ)
TripleS,TripleS
이태원 참사,ソウル梨泰院雑踏事故
LE SSERAFIM,LE・SSERAFIM
하이키,H1-KEY
TAN (음악 그룹),TAN・(音楽グループ)
어도어 (기업),ADOR
군법무관,軍法務官・(大韓民国)
대한민국 대통령실,大韓民国大統領室・(官邸)
성남역,城南駅・(京畿道)
크로플,クロッフル
병역법 위반 등의 범죄처벌에 관한 특별조치법,兵役法違反等の犯罪処罰に関する特別措置法
조국혁신당,祖国革新党
대통사,大通寺・(百済)
2021년 부산광역시장 보궐선거,2021年釜山市長補欠選挙
에어프레미아,エアプレミア
서울대벤처타운역,ソウル大ベンチャータウン駅
카카오엔터테인먼트,カカオエンターテインメント
YK건기배,YK建機杯
NewJeans,NewJeans
호반 여자기사최고기사결정전,湖畔杯女子最高棋士決定戦
2022~2023년 엠폭스 유행,2022年のエムポックス流行
삼성 갤럭시 Z 플립 4,Samsung・Galaxy・Z・Flip・4
FIFTY FIFTY,FIFTY・FIFTY
삼악산 호수 케이블카,三岳山ケーブルカー
넥슨게임즈,ネクソンゲームズ
모드하우스,MODHAUS
조선변호사,朝鮮弁護士
KISS OF LIFE (음악 그룹),KISS・OF・LIFE・(韓国の音楽グループ)
부산 돌려차기 사건,釜山回し蹴り事件
퍼스트원 엔터테인먼트,FirstOneエンターテインメント
보이넥스트도어,BOYNEXTDOOR