Ocna Sibiului,オクナ・シビウルイ
Vâlcea,ヴルチャ県
Marea Neagră,黒海
Suceava,スチャヴァ
Bistrița,ビストリツァ
Armata a 3-a Română,第3軍 (ルーマニア軍)
România la Jocurile Olimpice de vară din 2012,2012年ロンドンオリンピックのルーマニア選手団
Eternul derbi,エテルヌル・デルビー
Alba,アルバ県
Frații Școlilor Creștine,ラ・サール会
Biserica Romano-Catolică din România,ルーマニアのカトリック
Zalău,ザラウ
Galați,ガラツィ県
Dâmbovița,ドゥンボヴィツァ県
Cugir,クジル
Brăila,ブライラ県
Călărași,カララシ県
România la Jocurile Olimpice de vară din 1996,1996年アトランタオリンピックのルーマニア選手団
România la Jocurile Olimpice de vară din 2000,2000年シドニーオリンピックのルーマニア選手団
Jimbolia,ジンボリア
România,ルーマニア
Piatra Neamț,ピアトラ・ネアムツ
Mișcarea Legionară,鉄衛団
Pădurile primare de mesteceni din Carpați și pădurile bătrâne de fagi din Germania,カルパティア山脈のブナ原生林
Brăila,ブライラ
Iași,ヤシ
Pitești,ピテシュティ
Secui,セーケイ人
România la Jocurile Olimpice de vară din 2008,2008年北京オリンピックのルーマニア選手団
România la Jocurile Olimpice de vară din 1900,1900年パリオリンピックのルーマニア選手団
România la Jocurile Olimpice de iarnă din 2006,2006年トリノオリンピックのルーマニア選手団
România la Jocurile Olimpice de iarnă din 2010,2010年バンクーバーオリンピックのルーマニア選手団
România la Jocurile Olimpice de vară din 1928,1928年アムステルダムオリンピックのルーマニア選手団
"Vârful Pietrosul Rodnei, Munții Rodnei",ピエトロス山
Maramureș,マラムレシュ県
Covasna,コヴァスナ県
Prahova,プラホヴァ県
Liga I 2012-2013,リーガ1 2012-13
Caraș-Severin,カラシュ＝セヴェリン県
Munții Carpați,カルパティア山脈
Târgoviște,トゥルゴヴィシュテ
SIRUTA,SIRUTAコード
identificator BNR,ルーマニア国立図書館識別子
SuperLiga României,リーガ1
Motru,モトル
Putna,プトナ
Olt,オルト県
Palatul Parlamentului,国民の館
Satu Mare,サトゥ・マーレ県
Dunărea,ドナウ川
Mureș,ムレシュ県
România la Jocurile Olimpice de vară din 1960,1960年ローマオリンピックのルーマニア選手団
România la Jocurile Olimpice de vară din 1936,1936年ベルリンオリンピックのルーマニア選手団
România la Jocurile Olimpice de vară din 1924,1924年パリオリンピックのルーマニア選手団
Cluj Arena,クルジュ・アレナ
Constanța,コンスタンツァ県
România la Jocurile Olimpice de vară din 1992,1992年バルセロナオリンピックのルーマニア選手団
România la Jocurile Olimpice de vară din 1952,1952年ヘルシンキオリンピックのルーマニア選手団
România la Jocurile Olimpice de vară din 1956,1956年メルボルンオリンピックのルーマニア選手団
Oțelu Roșu,オチェル・ロシュ
Ursus Breweries,ウルスス
Gorj,ゴルジュ県
Harghita,ハルギタ県
Neamț,ネアムツ県
identificatorul persoanei la Cinemagia,CineMagia人物ID
Călinești-Oaș,カリネシュティ＝オアシュ
Bocșa,ボクシャ
Tratatul de la București,ブカレスト条約
Sălaj,サラージュ県
geografia României,ルーマニアの地理
România la Jocurile Olimpice de iarnă din 1936,1936年ガルミッシュ・パルテンキルヘンオリンピックのルーマニア選手団
România la Jocurile Olimpice de iarnă din 1928,1928年サンモリッツオリンピックのルーマニア選手団
România la Jocurile Olimpice de iarnă din 1976,1976年インスブルックオリンピックのルーマニア選手団
România la Jocurile Olimpice de iarnă din 1948,1948年サンモリッツオリンピックのルーマニア選手団
România la Jocurile Olimpice de iarnă din 1972,1972年札幌オリンピックのルーマニア選手団
Sibiu,シビウ
Dolj,ドルジュ県
limba croată,クロアチア語
România la Jocurile Olimpice de vară din 1968,1968年メキシコシティーオリンピックのルーマニア選手団
România la Jocurile Olimpice de vară din 1972,1972年ミュンヘンオリンピックのルーマニア選手団
Brașov,ブラショヴ
Reșița,レシツァ
drumul european E60,E60号線
Ilfov,イルフォヴ県
Hunedoara,フネドアラ県
Craiova,クラヨーヴァ
Mehedinți,メヘディンチ県
Focșani,フォクシャニ
Vaslui,ヴァスルイ
Tulcea,トゥルチャ県
Constanța,コンスタンツァ
Catedrala Sfântul Mihail din Alba Iulia,聖ミハイ聖堂 (アルバ・ユリア)
Cibin,シビン川
limba maghiară,ハンガリー語
România la Jocurile Olimpice de vară din 1964,1964年東京オリンピックのルーマニア選手団
Nogai,ノガイ族
Râmnicu Vâlcea,ルムニク・ヴルチャ
ASA Târgu Mureș,ASAトゥルグ・ムレシュ (2013)
TAROM,タロム航空
Isaccea,イサクチャ
Universitatea Națională de Artă Teatrală și Cinematografică „Ion Luca Caragiale” din București,ブカレスト国立イオン・ルーカ・カラジアーレ映画舞台芸術大学
BRD Năstase Țiriac Trophy,BRDナスターゼ・ティリアク・トロフィー
limba idiș,イディッシュ語
Zărnești,ザルネシュティ
Banat,バナト
limba slovacă,スロバキア語
Giurgiu,ジュルジュ
FC Rapid București,ラピド・ブカレスト
limba ucraineană,ウクライナ語
limba bulgară,ブルガリア語
România la Jocurile Olimpice de vară din 1976,1976年モントリオールオリンピックのルーマニア選手団
Marea Câmpie Ungară,ハンガリー大平原
turci,トルコ人
Parcul Național Cheile Nerei - Beușnița,ネラ峡谷・ベウシュニツァ国立公園
România,サッカールーマニア代表
limba greacă,ギリシア語
Drobeta-Turnu Severin,ドロベタ＝トゥルヌ・セヴェリン
Slănic-Moldova,スラニク・モルドバ
Băneasa,バネアサ
Vaslui,ヴァスルイ県
Alegeri în România,ルーマニアの選挙
Cetatea Dăbâca,ダバカ要塞
Barcău,バルカウ川
Miercurea Ciuc,ミエルクレア＝チュク
Roman,ロマン (ルーマニア)
Alba Iulia,アルバ・ユリア
Țara Românească,ワラキア
Ubisoft România,ユービーアイソフト (ローマニア)
Bucovina,ブコビナ
Cluj-Napoca,クルジュ＝ナポカ
limba română,ルーマニア語
Valea lui Mihai,エールミハーイファルヴァ
Stepa euroasiatică,ユーラシア・ステップ
Siguranța Statului,シグランツァ
Timișoara,ティミショアラ
Aromâni,アルーマニア人
Buzău,ブザウ
Parcul Național Semenic - Cheile Carașului,セメニック＝カラシュ峡谷国立公園
Sighișoara,シギショアラ
Aeroportul Internațional „Henri Coandă” București,アンリ・コアンダ国際空港
Stema României,ルーマニアの国章
Teleorman,テレオルマン県
Galați,ガラツィ
Arad,アラド
Biserici fortificate din Transilvania,トランシルヴァニア地方の要塞聖堂のある村落群
Giurgiu,ジュルジュ県
Partidul Național Țărănesc Creștin Democrat,キリスト教民主国民農民党
Ialomița,ヤロミツァ県
Salcea,サルチャ
Bechet,ベケト
Oradea,オラデア
limba arabă,アラビア語
Găești,ガエシュティ
Rețeaua de drumuri europene,欧州自動車道路
Sibiu Cycling Tour,シビウ・サイクリングツアー
România la Jocurile Olimpice de vară din 1980,1980年モスクワオリンピックのルーマニア選手団
România la Jocurile Olimpice de vară din 1988,1988年ソウルオリンピックのルーマニア選手団
Limba meglenoromână,メグレノ・ルーマニア語
Ploiești,プロイェシュティ
Muzeul Național de Istorie al României,ルーマニア国立歴史博物館
România la Jocurile Olimpice de vară din 1984,1984年ロサンゼルスオリンピックのルーマニア選手団
leu românesc,ルーマニア・レウ
Tulcea,トゥルチャ
Revoluția Română din 1989,ルーマニア革命
Dinamo 1948 București,FCディナモ・ブカレスト
Lugoj,ルゴジ
Bihor,ビホル県
Târgu Jiu,トゥルグ・ジウ
Sfântu Gheorghe,スフントゥ・ゲオルゲ
limba romani,ロマ語
FCSB,FCSB
Podul Prieteniei Giurgiu-Ruse,ドナウ橋
Zimnicea,ジムニチャ
Argeș,アルジェシュ県
Castelul Corvinilor,フニャド城
Olt,オルト川
Bacău,バカウ県
Partidul Comunist Român,ルーマニア共産党
Brașov,ブラショフ県
Siret,シレト川
Oltenia,オルテニア
Bistrița-Năsăud,ビストリツァ＝ナサウド県
Arad,アラド県
sârbi,セルビア人
Botoșani,ボトシャニ県
Botoșani,ボトシャニ
Cluj,クルジュ県
Moldova,モルダヴィア
Borșa,ボルシャ
Orăștie,オラシュティエ
Tur,トゥール川
Slatina,スラティナ
Dobrogea,ドブロジャ
Parcul Național Retezat,レテザト国立公園
CFR Cluj,CFRクルジュ
Deva,デヴァ
Muntenia,ムンテニア
Mureș,ムレシュ川
Turda,トゥルダ
Alexandria,アレクサンドリア
Satu Mare,サトゥ・マーレ
Buzău,ブザウ県
Timiș,ティミシュ川
maghiari,マジャル人
Dâmbovița,ドゥンボヴィツァ川
Argeș,アルジェシュ川
Porțile de Fier,鉄門
drumul european E58,E58号線
Suceava,スチャヴァ県
Bușteni,ブシュテニ
bulgari,ブルガリア人
Timiș,ティミシュ県
Delta Dunării,ドナウ・デルタ
"Deșteaptă-te, române!",目覚めよ、ルーマニア人!
Găgăuzi,ガガウズ人
Râul Prut,プルト川
Biserica Ortodoxă Română,ルーマニア正教会
Liga Națională,リーガ・ナツィオナラ
Dara,ダラ
"Alegeri prezidențiale în România, 2009",2009年ルーマニア大統領選挙
Piatra-Olt,ピアトラ＝オルト
Tisa,ティサ川
Sibiu,シビウ県
Râpa,ルパ
Bucătăria românească,ルーマニア料理
Hunedoara,フネドアラ
Turceni,トゥルチェニ
Târgu Mureș,トゥルグ・ムレシュ
Sinaia,シナヤ
Cimitirul Bellu,ベル
Călărași,カララシ
Canalul Dunăre-Marea Neagră,ドナウ・黒海運河
Balș,バルシュ
Iași,ヤシ県
Sovata,ソヴァタ
Holcim,ホルシムグループ
Slobozia,スロボジア
Vrancea,ヴランチャ県
Uniunea Scriitorilor din România,ルーマニア作家連合
Dej,デジ
Cenei,チェネイ
Fetești,フェテシュティ
Gurba,グルバ
Uniunea Democrată Maghiară din România,ハンガリー人民主同盟
Câmpia Panonică,パンノニア平原
Baia Mare,バヤ・マレ
București,ブカレスト
Țara Bârsei,プルツェンラント
Murfatlar,ムルファトラル
Oțelul Galați,FCオツェルル・ガラツィ
Crișana,クリシャナ
Someș,ソメシュ川
Carpații Meridionali,トランシルヴァニアアルプス山脈
Ovidiu,オビディウ
Sântana,スンタナ
Electroputere VFU Pașcani,エレクトロプテアVFU
FC Brașov,FCブラショヴ
stepa pontico-caspică,ポントス・ステップ
Cupa Națiunilor World Rugby,IRBネイションズカップ
istoria României,ルーマニアの歴史
Buftea,ブフテア
Amara,アマラ (ルーマニア)
Ardud,アルドゥド
Șomcuta Mare,ショムクタ・マーレ
Eurocorp,欧州合同軍
Irina,イリナ
ARO,ARO
Automobile Dacia,ダチア
Limba rusină,ルシン語
Livada,リヴァダ
Vișeu de Sus,ヴィショウ・デ・スース
Ordinul Coroana României,王冠勲章 (ルーマニア)
FC Politehnica Timișoara,FCポリテフニカ・ティミショアラ
economia României,ルーマニアの経済
Ateneul Român,ルーマニアのアテナエウム
Caracal,カラカル
limba slavonă,教会スラヴ語
Ponoarele,ポノアレレ
Tramvaiul din Sibiu,シビウ市電
Rona,ロナ
Roșiorii de Vede,ロシオリイ・デ・ヴェデ
Ostra,オストラ
Săliște,サリシュテ
Caransebeș,カランセベシュ
Transilvania,トランシルヴァニア
Mănăstirea Sucevița,スチェヴィツァ修道院
Filpișu Mare,フィルピシュ・マーレ
Băicoi,バイコイ
Săcel,サチェル
Limba venetă,ヴェネト語
limba tătară crimeeană,クリミア・タタール語
TVR Info,TVR Info
Făget,ファジェット
Cristuru Secuiesc,クリストゥル・セクイエスク
Munții Apuseni,アプセニ山脈
Podul lui Traian,トラヤヌス橋
Muzeul Brukenthal,ブルケンタール国立博物館
.ro,.ro
Măcin,マチン
Revolta de la Brașov,ブラショヴ反乱
Deta,デタ
AFC Rocar București,AFCロカル・ブカレスト
AXN Spin,AXNスピン
Horea,ホリア
Universitatea de Medicină și Farmacie „Victor Babeș” din Timișoara,ビクター・バベシュ医科薬科大学
AXN,AXN
CS Mioveni,CSミオヴェニ
Universitatea din București,ブカレスト大学
Euroregiunea DKMT,ドナウ＝ケレシュ＝ムレシュ＝ティサ
Bega,ベジェイ川
Partidul Democrat Liberal,民主自由党
Industria Aeronautică Română,ルーマニア航空工業
FC Victoria Brănești,FCヴィクトリア・ブラネシュティ
Bitdefender,BitDefender
Râmnicu Sărat,ルムニク・サラト
Ciolpani,チョルパニ
Fălticeni,ファルティチェニ
Unirea Republicii Moldova cu România,ルーマニア・モルドバ統一運動
ISO 3166-2:RO,ISO 3166-2:RO
Biserica Română Unită cu Roma,ルーマニア東方カトリック教会
Muzeul Țăranului Român,ルーマニア農民博物館
Valea Vișeului,ヴァレア・ヴィシェウルイ
Hârlău,フルラウ
Camera Deputaților din România,代議院
FC Unirea Urziceni,FCウニレア・ウルジチェニ
Otopeni,オトペニ
Blaj,ブラジ
Bonțida,ボンツィダ
România la Jocurile Olimpice de iarnă din 1956,1956年コルティナダンペッツォオリンピックのルーマニア選手団
Mamaia,ママイア
Ceangăi,チャーンゴー人
Petroșnița,ペトロシュニツァ
Sulina,スリナ
Negru Vodă,ネグル・ヴォダ
Dărmănești,ダルマネシュティ
FC Olimpia Satu Mare,FCオリンピア・サトゥ・マーレ
Buhuși,ブフシ
Dorohoi,ドロホイ
Sighetu Marmației,シゲトゥ・マルマツィエイ
Biblioteca Națională a României,ルーマニア国立図書館
România la Jocurile Paralimpice,パラリンピックのルーマニア選手団
Poliția Română,ルーマニア国家警察
Bârlad,バルラード
Bulevardul Unirii,統一大通り
Federația Română de Fotbal,ルーマニアサッカー連盟
Adjud,アドジュード
Stolpersteine,つまずきの石
Operațiunea Iași-Chișinău,ヤッシー＝キシニョフ攻勢
Agnita,アグニタ
Adamclisi,アダムクリシ
Citibank România,シティバンク、エヌ・エイ
Gaz Metan Mediaș,CSガズ・メタン・メディアシュ
Căpâlna,チチョーカーポルナ村
Arcul de Triumf din București,凱旋門
România la Jocurile Olimpice de iarnă din 1988,1988年カルガリーオリンピックのルーマニア選手団
Dacia Unirea Brăila,CFブライラ
FCM Bacău,FCMバカウ
Apold,アポルト川
Târgu Secuiesc,トゥルグ・セクイエスク
Acasă TV,Acasă TV
Tramvaiul din Cluj-Napoca,クルジュ＝ナポカ市電
România la Jocurile Olimpice,オリンピックのルーマニア選手団
Ciacova,キアコヴァ
Bucharest Ring,ブカレスト・リンク
Iam,ヤム (カラシュ＝セヴェリン)
Târgu Frumos,トゥルグ・フルモス
Câmpina,クンピナ
Metroul din București,ブカレスト地下鉄
Odorheiu Secuiesc,オドルヘユ・セクイエスク
Voluntari,ヴォルンタリ
Orman,オルマン
Mediaș,メディアシュ
Arena Națională,スタディオヌル・ナツィオナル
drumul european E576,E576号線
Călușarii,カルシャリ
Universitatea Tehnică Cluj-Napoca,クルージュ・ナポカ工科大学
Fortărețe dacice din Munții Orăștiei,オラシュチエ山脈のダキア人の要塞群
Lipova,リポヴァ
Băilești,バイレシュティ
Supercupa României,スーペルクパ・ロムニエイ
Rovinari,ロヴィナリ
Echipa națională de handbal feminin a României,ハンドボールルーマニア女子代表
Masivul Ceahlău,チェアラウ山塊
Aeroportul „Transilvania” Târgu Mureș,トゥルグ・ムレシュ
Sarasău,サラサウ
Curtea de Argeș,クルテア・デ・アルジェシュ
Calafat,カラファート
Comănești,コマネシュティ
Târgu Neamț,トゥルグ・ネアムツ
Câmpulung Moldovenesc,クンプルング・モルドヴェネスク
Beiuș,ベユシュ
România la Concursul Muzical Eurovision Junior,ルーマニアのジュニア・ユーロビジョン・ソング・コンテスト
Filiași,フィリアシ
Limbile în România,ルーマニアの言語
Munții Țibleș,ツィブレシュ山地
Pata,パタ
Uzinele Faur,FAUR（旧・8月23日工場）
SSC Farul Constanța,FCファルル・コンスタンツァ
Dieceza de Oradea Mare,オラデア・マレ司教区
Masivul Ciomad,シオマド
Gloria Bistrița,ACFグロリア・ビストリツァ
Seria 230.000,プロイセン邦有鉄道P8型蒸気機関車
Horă,ホラ_(民俗舞踊)
Săcueni,サクエニ
Palatul Cotroceni,大統領府
Mica Antantă,小協商
Mioveni,ミオヴェニ
Mănăstirea Horezu,ホレズ修道院
Luduș,ルドゥシュ
Chiajna,キアジナ
Partium,パルティウム
"Fabrica de mașini, vagoane și Turnătoria de fier a societății pe acțiuni Johann Weitzer din Arad",アストラ・バゴアネ・アラド
Aerostar,アエロスター
Țara Moților,ツァラ・モツィロール
Mănăstirea Voroneț,ヴォロネツ修道院
Buziaș,ブジアシュ
Sebeș,セベシュ
comună,ルーマニアのコミューネ
FC Olt Scornicești,FCオルト・スコルニチェシュティ
Horea,ホレア
Strehaia,ストレハイア
Bisericile pictate din nordul Moldovei,モルダヴィア北部の壁画教会群
"Alegeri locale în România, 2008",2008年ルーマニア地方選挙
Năsăud,ナサウド
Carpații Apuseni,西カルパティア山脈
Păltiniș,パルティニシュ
Tismana,ティスマナ
Câmpia Bărăganului,バラガン平野
Carpații Orientali,東カルパティア山脈
Liga a II-a,リーガ2
Pro TV,Pro TV
Aeroportul Internațional „Mihail Kogălniceanu” Constanța,コンスタンツァ
Castelul Bran,ブラン城
Serviciul de Informații Externe,ルーマニア外務省対外情報部
Cernavodă,チェルナヴォダ
Câmpulung,クンプルング
Antena 1,Antena 1
Borzești,ボルゼシュティ
Iernut,イェルヌート
Air Bucharest,エア・ブカレスト
Aiud,アユド
Petrila,ペトリラ
Huși,フシ
Baia,バイア
Berbești,ベルベシュティ
Țara Oașului,オアシュ地方
Săpânța,サプンツァ
Ianca,ヤンカ
Mizil,ミジル
Iza,イザ川
Oltena,クラヨーヴァ自動車
Jibou,ジボウ
Munții Rodnei,ロドナ山地
Parcul Național Munții Rodnei,ロドナ山地国立公園
Gurbediu,グルベディウ
Stadionul Steaua,ゲンチャ スタジアム
Biserica Neagră,黒教会
Oltenița,オルテニツァ
Charlottenburg,シャルロッテンブルク
Baia,バイア
Campionatul Mondial de Handbal Feminin din 1962,1962年世界女子ハンドボール選手権
"Catedrala Ortodoxă a Vadului, Feleacului și Clujului",生神女就寝大聖堂
Filpișu Mic,フィルピシュ・ミク
Panic,パニック
Film Now,Film Now
DIGI Life,Digi Life
Academia Română,ルーマニア学士院
Partidul Conservator,保守党
Târgu Cărbunești,トゥルグ・カルブネシュティ
Cehu Silvaniei,チェフ・シルヴァニェイ
Digi Sport,Digi Sport
România la Jocurile Olimpice de iarnă din 1952,1952年オスロオリンピックのルーマニア選手団
Biertan,ビエルタン
Lisa,リサ
Bata,バタ
Biblioteca Batthyaneum,バッチャーネウム図書館
Noua Dreaptă,新しい権利
Toplița,トプリツァ
Bara,バラ (ティミシュ県)
Râșnov,ルシュノヴ
Pașcani,パシュカニ
Moldova Veche,モルドバ・ヴェッキ
Mangalia,マンガリア
Moinești,モイネシュティ
Dalnic,ダルニク
Vulcan,ヴルカン
Sânmiclăuș,スンミクラウシュ
gara București Nord,ブカレスト北駅
Șieu,シェウ
FC Vaslui,FCヴァスルイ
UTA Arad,FC UTAアラド
Calea ferată Salva–Vișeu de Jos,サルヴァ＝ヴィシェウ・デ・ジョス鉄道
Câmpia Turzii,クンピア・トゥルジー
"Bârzava, Timiș",バルザバ川
Biserica Evanghelică-Luterană din România,ルーマニア福音ルター派教会
Peștera Movile,モビラ洞窟
Turnișor,トゥルニショル
Ghimbav,ギンバヴ
monument istoric,歴史的建造物
Tapia,タピア
Lacul Bâlea,ブレア湖
Căile Ferate Române,ルーマニア鉄道
calea ferată Arad–Alba Iulia,アラド - アルバ・ユリア線
Breaza,ブラーザ
CSU Voința Sibiu,CSUヴォインツァ・シビウ
romii din România,ロマ人
România la Jocurile Olimpice de iarnă din 1964,1964年インスブルックオリンピックのルーマニア選手団
Tălmaciu,タルマチウ
"Alegeri prezidențiale în România, 1996",1996年ルーマニア大統領選挙
Baia Sprie,バヤ・スプリエ
Rădăuți,ラダウツィ
Ordinul Franciscan,小さき兄弟会
Sândominic,チークセントドモコシュ
Ceahlăul Piatra Neamț,FCチェアラゥル・ピアトラ・ネアムツ
Câlnic,クルニク
Ordinul național „Pentru Merit”,功労勲章 (ルーマニア)
drumul european E70,E70号線
Castelul Peleș,ペレシュ城
Mara,マラ川
Universitatea din Craiova,クラヨーヴァ大学
Gherla,ゲルラ
Unirea Alba Iulia,FCウニレア・アルバ・ユリア
Forțele Aeriene Române,ルーマニア空軍
Medgidia,メドジディア
Făgăraș,ファガラシュ
Palatul baroc din Timișoara,文化宮殿
Ieud,イェウド
Sarmizegetusa Regia,サルミゼゲトゥサ
Aninoasa,アニノアサ
Liceul Unitarian „János Zsigmond” din Cluj-Napoca,ヤーノシュ・ジグモンド・ウニターリウス大学
Urziceni,ウルジチェニ
Tramvaiul din Timișoara,ティミショアラ市電
Tăuții-Măgherăuș,タウツィイ＝マゲラウシュ
români,ルーマニア人
Cheresig,ケレシグ
Partidul Verde,緑の党
Viscri,ヴィスクリ
TVR 1,TVR1
Transfăgărășan,トランスファガラシャン
Tratatul de la București,ブカレスト条約 (1913年)
Bala,バラ
"Bistrița, Someș",ビストリッツ川
Beclean,ベクレアン
Forumul Democrat al Germanilor din România,在ルーマニア・ドイツ人民主フォーラム
Partidul Național Liberal,国民自由党
FC Politehnica Iași,FCポリテフニカ・ヤシ
drumul european E85,E85号線
Beba Veche,Beba Veche村
Predeal,プレデアル
Agigea,アジジャ
Powerwolf,パワーウルフ
Săvădisla,サバディスラ
Cupa Ligii,クパ・リギー
Săcel,サチュル
Blue Air,ブルーエア
Cupa Balcanică,バルカン・カップ (クラブチーム)
Banatul Timișoara,LPSバナトゥル・ティミショアラ
Arhidieceza de Alba Iulia,アルバ・ユリア大司教区
Bârlad,ブルラド川
maghiarii din România,ハンガリー人
Munții Parâng,パルング山群
Petroșani,ペトロシャニ
FC Gloria Buzău,FCグロリア・ブザウ
Augustin,アウグスティン
Munții Gutâi,グトゥイ山地
Oncești,オンチェシュティ
cutremurul din 1977,ルーマニア地震
Aninoasa,アニノアサ
Vârful Moldoveanu,モルドベアヌ山
Rășinari,ラシナリ
Moreni,モレニ
CS Forex Brașov,FCフォレックス・ブラジョヴ
Foresta Fălticeni,フォレスタ・ファルティチェニ
Echipa națională de handbal masculin a României,ハンドボールルーマニア代表
Portul Constanța,コンスタンツァ港
Germanii din România,ドイツ系ルーマニア人
Bătălia din Crimeea,クリミア戦役
Mândruloc,ムンドルロック
Universitatea de Științe Agricole și Medicină Veterinară Cluj-Napoca,クルージュ＝ナポカ農業科学獣医学大学
Vatra Dornei,ヴァトラ・ドルネイ
Orșova,オルショヴァ
Partidul Social Democrat,社会民主党
Universitatea Babeș-Bolyai,コロジュヴァール大学
Moldova,モルドバ川
Girișu Negru,ジリシュ・ネグル
Aeroportul Internațional Sibiu,シビウ国際空港
Onești,オネシュティ
Marghita,マルギタ
CS Otopeni,CSオトペニ
Jiu,ジウ川
Saschiz,サスキズ
Astra Giurgiu,FCアストラ・プロイェシュティ
Transelectrica,トランスエレクトリカ
FC Universitatea Cluj,FCウニヴェルシタテア・クルジュ
Cenad,ケナド
Călugăreni,ミクハーザ
România la Jocurile Olimpice de iarnă din 1992,1992年アルベールビルオリンピックのルーマニア選手団
Trotuș,ウグラ川
Azuga,アズガ
România la Jocurile Olimpice de iarnă din 1932,1932年レークプラシッドオリンピックのルーマニア選手団
Club Atletic Oradea,CAオラデア
Porolissum,ポロリッスム
Aninoasa,アニノアサ
Târnava Mică,トゥルナヴァ・ミカ川
FCV Farul Constanța,FCヴィトルル・コンスタンツァ
Tecuci,テクチ
Ordinul național „Steaua României”,ルーマニア星勲章
Tramvaiul din Galați,ガラツィ市電
Mineu,字メニェー
Horia,ホリア
Sărățel,サラツェル
Nojag,ノジャグ
Șumuleu Ciuc,チークショムヨー
FC Unirea Dej,FCウニレア・デジ
Echipa națională de rugby a României,ラグビールーマニア代表
Ocna Șugatag,オクナ・シュガタグ
Stadionul Municipal,スタディオヌル・ムニシパル (ヴァスルイ)
Parcul Cișmigiu,チシュミジウ公園
Anina,アニーナ
Aninoasa,アニノアサ
România la Concursul Muzical Eurovision,ルーマニアのユーロビジョン・ソング・コンテスト
Uniunea Compozitorilor și Muzicologilor din România,ルーマニア作曲家音楽学者連合
Cimitirul Vesel din Săpânța,陽気な墓
Banca Națională a României,ルーマニア国立銀行
"Alegeri prezidențiale în România, 1992",1992年ルーマニア大統領選挙
gara Timișoara Nord,ティミショアラ北駅
Biserici de lemn din Maramureș,マラムレシュの木造聖堂群
Moldova Nouă,モルドバ・ノワ
drumul european E584,E584号線
Săcele,サチェレ
Partidul German din România,ドイツ人党
Partidul România Mare,大ルーマニア党
Huțuli,フツル人
Belfir,ベルフィル
Depresiunea Giurgeu,ジュルジェウ山系
Universitatea de Arhitectură și Urbanism Ion Mincu,イオン・ミンク建築・都市計画大学
Parlamentul Republicii Moldova,モルドバ共和国議会
Drăgășani,ドラガシャニ
Salonta,サロンタ
Codlea,コドレア
Gheorgheni,ゲオルゲニ
Carei,カレイ
drumul european E81,E81号線
Regio Călători,レジオトランス
Horia,ホリア
Baia,バイア
Lupeni,ルペニ
Târnăveni,トゥルナヴェニ
Peștera Urșilor,熊の洞窟
Corabia,コラビア
drumul european E574,E574号線
drumul european E578,E578号線
Turnu Măgurele,トゥルヌ・マグレレ
Breaza,ブレアザ
Campionatul European de Handbal Feminin din 2000,2000年欧州女子ハンドボール選手権
Academia de Muzică Gheorghe Dima,ゲオルゲ・ディマ音楽アカデミー
Lindenfeld,リンデンフェルド
Podișul Transilvaniei,トランシルヴァニア高原
Forța de Jandarmerie Europeană,欧州国家憲兵隊
Regiunea Autonomă Maghiară,ハンガリー人自治区
Cimitirul Hajongard din Cluj,ハズソンガルド墓地
Partidul Unității Națiunii Române,ルーマニア民族統一党
Ineu,イネウ
Horia,ホリア
Mărășești,マラシェシュティ
Universitatea de Vest din Timișoara,ティミショアラ大学
Dico și Tigănaș,ディコ・シ・ツィガナシュ
Fotbalistul român al anului,ルーマニア年間最優秀選手賞
Poiana Brașov,ポイアナ・ブラショフ
Pasul Prislop,プリスロップ峠
FC Internațional Curtea de Argeș,FCインテルナツィオナル・クルテア・デ・アルジェシュ
Covasna,コヴァスナ
Sânnicolau Mare,スンニコラウ・マーレ
Mănăstirea Humor,フモール修道院
România la Jocurile Olimpice de iarnă din 1998,1998年長野オリンピックのルーマニア選手団
Minimax,ミニマックス
Cetatea Timișoara,ティミショアラ要塞
Rozavlea,ロザヴリャ
Cisnădie,チスナディエ
Hațeg,ハツェグ
Certeju de Sus,セルテュジュ・デ・サス
România la Jocurile Paralimpice de vară din 2012,2012年ロンドンパラリンピックのルーマニア選手団
Simeria,シメリア
Reghin,レギン
România Mare,大ルーマニア
Armata Română,ルーマニア軍
președinte al României,ルーマニアの大統領
România la Jocurile Olimpice de vară din 2004,2004年アテネオリンピックのルーマニア選手団
drumul european E79,E79号線
Frumosu,フルモス
Bursa de Valori București,ブカレスト証券取引所
Liga a V-a,リーガ5
Năvodari,ナボダリ
Vulcan,ヴルカン
FCU Craiova,ウニヴェルシタテア・クライオヴァ
Vladimirescu,ヴラディミレスク
Bumbești-Jiu,ブンベシュティ＝ジウ
Aeroportul Internațional Cluj,クルジュ＝ナポカ国際空港
Muzeul Național al Satului „Dimitrie Gusti”,ルーマニア国立農村博物館
AFC Progresul București,FCプログレスル・ブカレスト
Făurei,ファウレイ
Carpatair,カーペットエア
Ciceu,チチェウ
România la Jocurile Olimpice de iarnă din 1980,1980年レークプラシッドオリンピックのルーマニア選手団
Vinga,ヴィンガ
Pandurii Târgu Jiu,CSパンドゥリイ・トゥルグ・ジウ
Eforie,エフォリエ
Cetatea Poenari,ポエナリ城
Valea Viilor,ヴァレア・ヴィイロル
Dârjiu,ドゥルジウ
Universiada de vară din 1981,1981年夏季ユニバーシアード
Mărțișor,マルテニツァ
Liceul teoretic „Márton Áron”,マールトン・アーロン高等学校
Centura alpidă,アルプス・ヒマラヤ造山帯
Munții Făgăraș,ファガラシュ山地
Castelul Bánffy de la Bonțida,バンフィ城
Siret,シレト
România la Jocurile Olimpice de iarnă din 1994,1994年リレハンメルオリンピックのルーマニア選手団
FC Argeș Pitești,FCアルジェシュ・ピテシュティ
Brad,ブラド
Munții Căliman,カリマニ山脈
Podul Calafat-Vidin,新ヨーロッパ橋
FC Sportul Studențesc București,FCスポルトゥル・ストゥデンツェスク・ブカレスト
Tisa,ティサ
Direcția Națională Anticorupție,ルーマニア国家防犯局
Șvabi,シュヴァーベン人
Mănăstirea Moldovița,モルドヴィツァ修道院
Sânpetru,スンペトル
Valea Nadășului,ファレア・ナダシュルイ
Aeroportul Internațional București Băneasa - Aurel Vlaicu,アウレル・ヴライク国際空港
România la Jocurile Olimpice de iarnă din 1984,1984年サラエボオリンピックのルーマニア選手団
Campionatul European de Fotbal sub 19 ani 2011,UEFA U-19欧州選手権2011
Cetatea Sighișoara,シギショアラ歴史地区
TVR 2,TVR2
CSM Râmnicu Vâlcea,CSMリムニク・ヴィルチャ
CSM Reșița,FCMレシツァ
Concordia Chiajna,CSコンコルディア・キアジナ
Echipa națională de fotbal feminin a României,サッカールーマニア女子代表
Electrecord,エレクトレコード
Liceul Teoretic „Nikolaus Lenau”,ニコラウス・レナウ高校
Selecția Națională,セレクツィア・ナツィオナーラ
Cavnic,カヴニク
Societatea Română de Televiziune,ルーマニア・テレビ
Ținutul Secuiesc,セーケイ地方
Tilișca,ティリシュカ
Stadionul Dinamo,スタディオヌル・ディナモ
Parcul Carol I,カロル1世公園
Pro TV Internațional,Pro TV Internațional
Cultura României,ルーマニアの文化
Jamu Mare,ジャム・マーレ
Prejmer,プレジュメル
TVR Internațional,TVR Internațional
FC Callatis Mangalia,FCカラティス・マンガリア
Jijia,ジジア川
Câmpulung la Tisa,クンプルング・ラ・ティサ
CSF CFR 1933 Timișoara,FC CFRティミショアラ
Politehnica Iași,CSMストゥデンツェスク・ヤシ
Tramvaiul din Iași,ヤシ市電
Rotunda,ロトゥンダ
Orchestra Națională Radio,ルーマニア国立放送交響楽団
Partidul Liberal Democrat,自由民主党
Gazeta Sporturilor,ガゼタ・スポルトゥリロル
Linia M1 a metroului din București,ブカレスト地下鉄M1号線
Lacul Roșu,レッド湖
Stadionul Dr. Constantin Rădulescu,コンスタンティン・ラドゥレスク
Pedeapsa capitală în România,ルーマニアにおける死刑
Moldova-Sulița,モルドバ・スリツァ
Aeroportul Oradea,オラデア国際空港
Balotești,バロテシュティ
drumul european E675,E675号線
Eclipsa totală de Soare din 11 august 1999,1999年8月11日の日食
drepturi LGBT în România,ルーマニアにおけるLGBTの権利
Paralela 45 nord,北緯45度線
Linia M4 a metroului din București,ブカレスト地下鉄M4号線
Centrala Nucleară de la Cernavodă,チェルナヴォダ原子力発電所
Romanian Top 100,ロマニアン・トップ100
transporturile în România,ルーマニアの交通
România Sub-21,U-21サッカールーマニア代表
Echipa națională de volei masculin a României,バレーボールルーマニア男子代表
Tramvaiul din Ploiești,プロイエシュティ市電
Tramvaiul din Oradea,オラデア市電
Întreprinderea de Autocamioane Brașov,ロマン (自動車メーカー)
Catedrala Mitropolitană din Timișoara,三成聖者大聖堂
FC Botoșani,FCボトシャニ
Universitatea „Dunărea de Jos”,ガラツィ大学
FCM Dunărea Galați,FCMドゥナレア・ガラツィ
Jetix Play,ジェティックスプレイ
H!T Music Channel,H!T Music Channel
Vișeu,ヴィシェウ川
Biserica Sfântul Nicolae din Brașov,聖ニコラエ聖堂
Parcul Național Cozia,コジア国立公園
Cotroceni,コトロチェニ
Echipa națională de volei feminin a României,バレーボールルーマニア女子代表
Rugby în România,ルーマニアのラグビーユニオン
Forțele Terestre Române,ルーマニア陸軍
Castelul Pelișor,ペレシュ城
FCM Câmpina,FCMクンピナ
Strâmtura,ストルムトゥラ
Aeroportul Internațional „Ștefan cel Mare” Suceava,スチャヴァ空港
Șirna,シルナ
Crasna,クラースナ川
Mănăstirea Putna,プトナ修道院
Măgurele,マグレレ
România în al Doilea Război Mondial,第二次世界大戦下のルーマニア
Brațul Sulina,スリナ川
Tramvaie în București,ブカレスト市電
Troesmis,トロエミス
Realitatea TV,Realitatea TV
Groupama,グルパマ
Stadionul Gaz Metan,スタディオヌル・ガズ・メタン
FC Petrolul Ploiești,FCペトロルル・プロイェシュティ
Stadionul Municipal Sibiu,スタディオヌル・ムニチパル
Muzeul Național de Artă al României,ルーマニア国立美術館
viticultura în România,ルーマニアワイン
Renașterea națională a României,1848年の革命
U TV,U TV
Brațul Chilia,キリア川
Stadionul Ilie Oană,スタディオヌル・イリエ・オアナ
Fotbalul în România,ルーマニアのサッカー
sportul în România,ルーマニアのスポーツ
MediaPro Music,メディアプロ・ミュージック
Ministerul Culturii,文化省 (ルーマニア)
Stadionul Tineretului,ティネレトゥルイ・スタジアム
Lisa,リサ
drumul european E577,E577号線
drumul european E673,E673号線
drumul european E87,E87号線
Trambulina Valea Cărbunării,ラシュノフ・ジャンプ競技場
Agenția Spațială Română,ルーマニア宇宙局
drumul european E671,E671号線
drumul european E68,E68号線
FCM Târgoviște,FCMトゥルゴヴィシュテ
Bihor Oradea,FCビホル・オラデア
FC Onești,FCMディナモ・オネシュティ
Electroputere,エレクトロプテレ
Frontiera între România și Serbia,ルーマニア・セルビア国境
Zborul 371 al TAROM,タロム航空371便墜落事故
Lupii București,ルーマニアン・ウルブズ
Mănăstirea Radu Vodă,ラドウ・ヴォダ修道院
Mănăstirea Tismana,ティスマナ修道院
"Vârful Negoiu, Munții Făgăraș",ネゴイウ山
Aeroportul Internațional Satu Mare,サトゥ・マーレ国際空港
Tramvaiul din Botoșani,ボトシャニ市電
Partidul Național Român din Ungaria și Transilvania,ルーマニア国民党
drumul european E581,E581号線
Bistreț,ビストレッツ
CSA Steaua București,CSAステアウア・ブクレシュティ
Stadionul Emil Alexandrescu,スタディオヌル・エミル・アレクサンドレスク
Șcheii Brașovului,シュケイ
Federația Română de Rugby,ルーマニアラグビー連盟
Societatea de Transport București,ブカレスト交通公団
Stadionul Ion Oblemenco,スタディオヌル・ヨン・オブレメンコ
"Tratatul de la București, 1916",ブカレスト条約
Islamul în România,ルーマニアのイスラム教
Muzeul Național de Istorie Naturală „Grigore Antipa”,国立自然史博物館
județul Hotin,ホティン県
OTV,OTV (ルーマニア)
Parcul Natural Balta Mică a Brăilei,バルタ・ミカ・ア・ブライラ自然公園
Parcul Natural Munții Maramureșului,マラムレシュ山地国立公園
Armata a 4-a Română,第4軍 (ルーマニア軍)
Holocaustul în România,ルーマニアにおけるホロコースト
Ferar Cluj,コロジュヴァーリAC
Stadionul Giulești - Valentin Stănescu,スタディオヌル・ジュレシュティ＝ヴァレンティン・スタネスク
Partidul Socialist Român,ルーマニア社会党
Aeroportul Internațional Arad,アラド国際空港
demografia României,ルーマニアの人口統計
Mănăstirea Antim,アンティム修道院
Cârța,カルツファルヴァ村またはカルツ村
Senatul României,元老院
Frontul Plugarilor,耕民戦線
Bod,ボド
Biharia,ビハリア
Aninoasa,アニノアサ
Aeroportul Internațional Craiova,クラヨーヴァ
Aeroportul Internațional Iași,ヤシ国際空港
Închisoarea Sighet,シゲト刑務所
Piața Revoluției,革命広場
Tratatul de la Craiova,クラヨヴァ協定
Colonești,コロネスティ
Constituția României,ルーマニア憲法
drumul european E771,E771号線
Universitatea Națională de Arte București,ブカレスト国立芸術大学
Universitatea Politehnica Timișoara,ティミソアラ工科大学
Aeroportul Internațional Timișoara - Traian Vuia,トライアン・ヴイア国際空港
FC Dinamo II București,ディナモ・ブカレストⅡ
Negri,ネグリ
Universitatea Politehnica din București,ブカレスト工科大学
Universitatea Transilvania din Brașov,トランシルバニア大学
Șimian,エールシェムイェーン
Serviciul Român de Informații,ルーマニア情報庁
Ordinul Virtutea Aeronautică,航空有功勲章騎士十字章
Aeroportul Internațional Maramures,Baia Mare 空港
Tinca,ティンカ
Palatul Mogoșoaia,モゴショア宮殿
Catedrala Patriarhală din București,ルーマニア総主教座大聖堂
Închisoarea Doftana,ドフタナ刑務所
Fratelia,フラテリア
Ministerul Apărării Naționale,国防省 (ルーマニア)
Universitatea „Alexandru Ioan Cuza” din Iași,アレクサンドル・ヨアン・クザ大学
Uda,ウダ (ルーマニア)
Nat Geo People,ナットジオ ピープル
Frontiera între Republica Moldova și România,モルドバとルーマニアの国境
Ofensiva Armatei României în Transilvania în 1916,トランシルヴァニアの戦い
Podișul Moldovei,モルダヴィア高原
Ilia,イリア
Vulcan,ヴルカン
Bogdan Vodă,ボグダン・ヴォダ
Dobrogea de Nord,北ドブルジャ
Palatul Crețulescu,クレツレスク宮殿
Festivalul Internațional „Cerbul de Aur”,チェルブル・デ・アウル国際音楽祭
Casa Presei Libere,カーサ・プレセイ・リベレ
Societatea Română de Radiodifuziune,ルーマニアラジオ放送協会
Universitatea „Ovidius” din Constanța,オビディウス大学
Timișoara Saracens,SCMラグビー・ティミショアラ
Vulcan,ヴルカン
Coloana Infinitului,無限柱
Bătălia pentru București,ブカレストの戦い
vlax romani,ワラキア方言群
Ordinul Mihai Viteazul,ミハイ勇敢公勲章
Prislav,ペレヤスラヴェツ
Cutremurul din 1940,Mw7.7の地震
Scînteia,スクンテイア
Centrul Civic,チェントルル・チヴィク
Mormântul Ostașului Necunoscut din București,無名戦士の墓
Aeroportul Internațional Caransebeș,カランセベシュ空港
Tramvaiul din Brăila,ブライラ市電
Tramvaiul din Reșița,レシツァ市電
"Alegeri prezidențiale în România, 2004",2004年ルーマニア大統領選挙
Linia M5 a metroului din București,ブカレスト地下鉄M5号線
Romula,ロムラ
Festivalul Internațional de Film Transilvania,トランシルバニア国際映画祭
Insula Peuce,ペウス島
"Ministerul Dezvoltării, Lucrărilor Publice și Administrației",国家地方開発・地方政府省
Ministerul Afacerilor Interne,インターネット省
Ministerul Educației,ルーマニア教育省
Săliște,サリシュテ
Școala Națională de Studii Politice și Administrative,ルーマニア国立政治行政大学
Partidul Conservator,保守党
Servtrans,セルブトランス
Muzeul Militar Național,国立軍事博物館（ルーマニア）
Stadionul Arcul de Triumf,スタディオヌル・アルクル・デ・トリウンフ
Mănăstirea Dealu,デアル修道院
Tramvaiul din Arad,アラド市電
Regia Autonomă de Transport Oradea O.T.L.,オラデア地域交通
Mănăstirea Racovița,ラコビカ修道院
Echipa națională de baschet a României,バスケットボールルーマニア代表
Holt,ホルト
Mănăstirea Chiajna,キアジュナ修道院
Pasul Huta,フタ峠
Avioane Craiova,I.R.Av クラヨーヴァ
Coandă-1910,コアンダ=1910
Surdila-Greci,スルディラ＝グレチ
Bahlui,バフルイ川
Snagov,スナゴヴ
Jilava,ジラヴァ
"Alegeri locale în România, 2012",2012年ルーマニア地方選挙
Ziua Națională a României,統一記念日
Remetea Chioarului,レメテア・キオアルルイ
Dunărea Giurgiu,FCドゥナレア・ジュルジュ
Tărtăria,タルタリア
Brațul Sfântul Gheorghe,スフント・ギョルゲ川
Filmul românesc,ルーマニアの映画
FC Drobeta-Turnu Severin,FCドロベタ＝トゥルヌ・セヴェリン
Forțele Navale Române,ルーマニア海軍
Biserica de lemn din Șurdești,シュルデシュティの木造教会
Lacul Morii,モリイ湖
Transcarpatia,カルパティア・ルテニア
Mănăstirea Nicula,ニクラ修道院
Podul Anghel Saligny,アンゲル・サリグニ橋
Lacul Razim,ラジム湖
Liga a III-a,リーガ3
Prima TV,Prima TV
Tramvaiul din Craiova,クラヨーヴァ市電
Corvinul Hunedoara,FCコルヴィヌル・フネドアラ
SuperLiga,リーガ・ナツィオナーラ・デ・ラグビー
Curtea Constituțională a României,ルーマニア憲法裁判所
Jandarmeria Română,ルーマニア国家憲兵隊
"Alegeri generale în România, 1990",1990年ルーマニア総選挙
Aeroportul Internațional „George Enescu” Bacău,バカウ
FC Delta Tulcea,FCデルタ・トゥルチャ
Cupa României la fotbal,クパ・ロムニエイ
Teatrul Național „Ion Luca Caragiale”,ブカレスト国立劇場
Rocar,ロカー
FC Tractorul Brașov,FCトラクトルル・ブラショヴ
Frontiera între România și Ungaria,ハンガリー・ルーマニア国境
Frontiera între România și Ucraina,ルーマニアとウクライナの国境
Tâncăbești,トゥンカベシュティ
Mănăstirea Curtea de Argeș,クルテア・デ・アルジェシュ聖堂
Crăciun în România,ルーマニアのクリスマス
Cultura Cucuteni,ククテニ文化
Coroana de Oțel,鋼の王冠
Petrom,ペトロム
Catedrala Evanghelică din Sibiu,シビウ福音教会
Parlamentul României,ルーマニアの議会
Opera Națională București,ルーマニア国立歌劇場（ブカレスト）
regele României,ルーマニア国王
Frontul Salvării Naționale,救国戦線評議会
Partidul Național-Țărănesc,国民農民党
drumul european E583,E583号線
Histria,ヒストリア遺跡
Jurnalul Național,ジュルナルル・ナツィオナル
Linia M2 a metroului din București,ブカレスト地下鉄M2号線
Ungheni,ウンゲニ
Salina Turda,サリーナ・トゥルダ
Universitatea Națională de Muzică București,ブカレスト国立音楽大学
Parcul Național Domogled - Valea Cernei,ドモグレッド＝ヴァレア・チェルネイ国立公園
România la Jocurile Olimpice de iarnă din 1968,1968年グルノーブルオリンピックのルーマニア選手団
Politica României,ルーマニアの政治
Stadionul Dan Păltinișanu,スタディオヌル・ダン・パルティヌシャヌ
Afumați,アフマツィ
"Alegeri prezidențiale în România, 2000",2000年ルーマニア大統領選挙
Piața Universității,大学広場 (ブカレスト)
Râmnicelu,ルムニチェル
paralela de 44º latitudine nordică,北緯44度線
Clinceni,クリンチェニ
Târnava Mare,トゥルナヴァ・マーレ川
Megamax,メガマックス
Mihai Eminescu,イポテシュティ
Borcea,ボルチャ
Canalul Dunăre-București,ドナウ・ブカレスト運河
Liga a IV-a,リーガ4
Strada Lipscani,リプスカニ
Podișul Dobrogei,ドブロジャ高原
Fly Project,フライ・プロジェクト
Repedea,レペデア
Sălățig,シラージセグ村
România la Jocurile Olimpice de iarnă din 2002,2002年ソルトレークシティオリンピックのルーマニア選手団
Mitoc,ミトク
Alegeri generale în România,1937年の選挙
Partidul Socialist al Muncii,社会主義労働者党 (ルーマニア)
Marca,マルカ
Lisa,リサ
gara Brașov,ブラショフ駅
Academia Ștefan Gheorghiu,シュテファン・ゲオルギウアカデミー
Cochirleanca,コキルレアンカ
Horia,ホリア
Grădina Zoologică din Timișoara,ティミショアラ動物公園
Padeș,パデシュ
șantinerul naval din Galați,ガラツィ造船所
Horia,ホリア
Universitatea de Medicină și Farmacie „Grigore T. Popa” din Iași,ヤシ医科薬科大学
Pănătău,パナタウ
Bătălia de la Mărăști,マラシュティの戦い
Parcul Natural Porțile de Fier,鉄門自然公園
Sectorul 2,セクトール2 (ブカレスト)
Frontiera între Bulgaria și România,ブルガリア＝ルーマニア国境
Ronișoara,ロニショアラ川
Antena 3 CNN,Antena 3 CNN (ルーマニア)
Biserica Adormirea Maicii Domnului din Borzești,ボルゼシュティ聖堂
Găgești,ガジェシュチ
Linia M3 a metroului din București,ブカレスト地下鉄M3号線
Bătălia de la Oituz (1917),第三次オイトゥズ戦争
Bătălia de la Mărășești in 1999,マラシェスティの戦い
Frontul Democrat al Salvării Naționale,民主救国戦線
U Mobitelco Cluj,CSウニヴェルシタテア・クルジュ＝ナポカ
1 Decembrie 1918,1918年12月1日駅
2009 în România,2009年のルーマニア
Universitatea Națională de Educație Fizică și Sport,ルーマニアスポーツアカデミー
Codrii Vlăsiei,ヴラシエイの森
Tătarii din România,ルーマニアのタタール人
Piața Victoriei,勝利広場 (ブカレスト)
ArcelorMittal Galați,ガラツィ製鉄所
Mănăstirea Sinaia,シナヤ修道院
„U” Olimpia Cluj,FCU オリンピア・クルージュ
CSM Știința Baia Mare,CSMシュティインツァ・バヤ・マーレ
CSM Volei Alba Blaj,CSMヴォレイ・アルバ・ブラジ
Recensământul populației din 2002 (România),2002年ルーマニア国勢調査
Cimitirul Ghencea,ゲンチャ墓地
Pop Ivan,ピップ・イヴァン
Prima bătălie de la Târgu Frumos,第一次トゥルグ・フルモス攻防戦
Biserica Sfânta Treime din Sighișoara,至聖三者大聖堂
Calea Victoriei,ヴィクトリエイ通り
Grivița,グリヴィツァ
Ministerul Sănătății,厚生省
Ministerul Agriculturii și Dezvoltării Rurale,農業・農村開発相
Săpânța,サプンツァ川
ACS Daco-Getica București,ユヴェントス・ブカレスト
Religia în România,ルーマニアの宗教
Roton,ロトン
Fraterna Unio din 1437,三カ国連合
Bata,バタ
Dealul Mitropoliei,ミトロポリエイ丘
Semlac,セムラク
Belia,ベリア川
Divizia 1 Infanterie,第1歩兵師団
CS Dinamo București (rugby),CSディナモ・ブクレシュティ
2011 în România,2011年のルーマニア
2012 în România,2012年のルーマニア
Berea în România,ルーマニアのビール
Aeroportul Alexeni,アレクセニ飛行場
Metroul ușor din București,41号線
Problema basarabeană,ルーマニア・ソビエト連邦関係におけるベッサラビア
Partidul Țărănesc din Basarabia,ベッサラビア農民党
2013 în România,2013年のルーマニア
ACS Foresta Suceava,ACSフォレスタ・スチャヴァ
Linia M6 a metroului din București,ブカレスト地下鉄M6号線
Palatul Telefoanelor din București,電話局
DAC,ディーゼル・オート・カミオン
DDTV,DDTV
Dunărea Călărași,AFCドゥナレア・カララシ
Bârnaru,ヒガ川
ASC Corona Brașov,ASCコロナ・ブラショフ
Politehnica Timișoara,SSポリテフニカ・ティミショアラ
CS Sportul Snagov,CSスポルトゥル・スナゴヴ
Transhumanță,移牧
Antena Stars,Antena Stars
Antena Internațional,Antena Internațional
Daewoo Mangalia Heavy Industries,マンガリア造船所
Alfa Omega TV,Alfa Omega TV
Ansamblul sculptural Constantin Brâncuși de la Târgu-Jiu,無限柱
CF Liberty Salonta,CFリバティ・オラデア
Bârjaba,ブルジャバ川
gara Arad,アラド中央駅
Aerostar Bacău,CSアエロスタル・バカウ
Academica Clinceni,FCアカデミカ・クリンチェニ
CS Minerul Motru,CSミネルル・モトル
Tichilești,ティキレシュティ
Școala de Aplicație pentru Forțele Aeriene „Aurel Vlaicu”,アウレル・ヴライク航空学校
Digi24,Digi 24
Apold,アポルト
Colegiul Național Carol I din Craiova,カロル一世国民学校
Parcul Natural Dumbrava Sibiului,シビウ・ドゥンブラヴァ自然公園
Tilișca,ティリシュカ
educația în România,ルーマニアの教育
Industria energetică în România,ルーマニアのエネルギー
Armenii din România,ルーマニアのアルメニア人
Palatul Elisabeta,エリサベータ宮殿
Halmeu,ハルメウ
Budacu de Jos,ビューダック
Horia,ホリア
Armata 1,第1軍
B1 TV,B1 TV
FC Rapid II București,エレクトロマグネティカ
Kanal D România,カナルD (ルーマニア)
Happy Channel,Happy Channel
Ciocârlia,チオカリア
Chindia Târgoviște,AFCキンディア・トゥルゴヴィシュテ
CS Hunedoara,CSフネドアラ
FC Maramureș Universitar Baia Mare,FCマラムレシュ・ウニヴェルシタテア・バヤ・マレ
Inter Olt Slatina,FCオルト・スラティナ
AFC Unirea Slobozia,AFCウニレア・スロボジア
Baia,バイア
Festivalul Internațional de Teatru de la Sibiu,シビウ国際演劇祭
Valea Viilor,ヴァレア・ヴィイロル
Favorit TV,Favorit TV
Grupa montană Iezer-Păpușa-Făgăraș,ファガラシュ山群
Fălciu,ファルチウ県
GSP TV,GSP TV
Patinoarul Galați,ガラツィ・スケーティング・リンク
Tuzla,トゥズラ (コンスタンツァ県)
Stadionul Municipal,スタディオヌル・ムニチパル
Jamu Mare,ジャム・マーレ
Săpânța,サプンツァ
Târgșoru Vechi,トゥルグショル・ベキ
Cartierul Iris din Cluj-Napoca,イリス
Remetea Chioarului,キオアル
drepturile omului în România,ルーマニアの人権
Șimand,シマンド
Groșii Țibleșului,グロシイ・ツィブレシュルイ
Industria României,ルーマニアの産業
Vladimir,ヴラジミル (ゴルジュ県)
Lăpuș,ラプシュ
Biertan,ビエルタン
Național TV,Național TV
N24,Național 24 Plus
Institutul Național de Statistică,国立統計研究所
Partidul Național Liberal-Brătianu,ブラティアヌ派国民自由党
Partidul Național-Socialist,国家社会主義党 (ルーマニア)
Grupa muntoasă Retezat-Godeanu,レテザト山群
Cristian,シビウ
Jiul de Est,ジウル・デ・エスト川
Jiul de Vest,ジウル・デ・ヴェスト川
Liga Apărării Național-Creștine,国家キリスト教擁護同盟
Atid,アティッド
Grup Feroviar Român,フェロビアル・ロマン・グループ
Baza 95 Aeriană „Erou Căpitan Aviator Alexandru Șerbănescu”,第95航空基地 (ルーマニア空軍)
Pro Cinema,Pro Cinema
Ziua Națională de Comemorare a Holocaustului,ホロコーストを追悼する日
Grupul pentru Dialog Social,社会対話の会
Băiuț,ストランブ＝バイウツ
Orman,オルマン川
județele României,ルーマニアの県
Partidul Național Creștin,キリスト教国民党
Baza 57 Aeriană,第57航空基地 (ルーマニア空軍)
Partidul Popular,人民党 (ルーマニア、2005–2006)
Partidul Poporului,人民党
Kiss TV (Romania),Kiss TV (ルーマニア)
Geoparcul Dinozaurilor „Țara Hațegului”,ハツェグ・カントリー・恐竜ジオパーク
sănătatea în România,ルーマニアの医療
Flotila 71 Aeriană,第71航空基地 (ルーマニア空軍)
Flotila 90 Transport Aerian,第90航空輸送基地 (ルーマニア空軍)
Partidul Țărănesc,農民党 (ルーマニア)
Aeroportul Internațional „Delta Dunării” Tulcea,トゥルチャ空港
Rotunda,ロトゥンダ
Stadionul Liberty,リバティ・スタジアム (サロンタ)
Brateiu,シビウ県
Băla,バラ (ムレシュ県)
Șeica Mică,シビウ県
Transportul feroviar în România,ルーマニアの鉄道
Balș,バルシュ
Bârnova,ブルノバ
Fundația Culturală Română,ルーマニア文化財団
Frontul Românesc,ルーマニア戦線
Noul val românesc,ルーマニア・ニューウェーブ
Societatea Națională de Cruce Roșie din România,ルーマニア赤十字社
Liga Profesionistă de Fotbal,リーガ・プロフェショニスタ・デ・フォトバル
Hodod,ホドド
Complexul expozițional Romexpo,ブカレストセントラルパビリオン
România TV,România TV
Podul Lipcani–Rădăuți-Prut,リプカニ・ラダウツィ橋
Sala Polivalentă din Cluj-Napoca,BTアリーナ
Breaza,ブラーザ
România,ルーマニア
"Alegeri locale în România, 2016",2016年ルーマニア地方選挙
"Alegeri locale în România, 2004",2004年ルーマニア地方選挙
"Alegeri prezidențiale în România, 2014",2014年ルーマニア大統領選挙
SperanțaTV,SperanțaTV
Pro Arena,Pro Arena
Corpurile Voluntarilor Români din Rusia,ルーマニア義勇軍
"alegeri parlamentare în România, 2016",2016年ルーマニア立法選挙
"Alegeri locale în România, 1992",1992年ルーマニア地方選挙
"Alegeri locale în România, 2000",2000年ルーマニア地方選挙
România la Jocurile Olimpice de iarnă din 2014,2014年ソチオリンピックのルーマニア選手団
Echipa națională de fotbal a României sub 23,U-23サッカールーマニア代表
România U19,U-19サッカールーマニア代表
Președinte al Camerei Deputaților din România,ルーマニア代議院議長
președinte al Senatului României,元老院議長
Prima Sport,Prima Sport
Piața Mare din Sibiu,シビウ大広場
Stadionul Marin Anastasovici,スタディオヌル・マリン・アナスタソヴィチ
Valea Prahovei,プラホヴァ谷
prefect,県知事
Ciurea,チュレア
Storojineț,ストロイネツ県
Stadionul Nicolae Dobrin,スタディオヌル・ニコラエ・ドブリン
Locul fosilifer cu dinozauri Sânpetru,スンペトル層
Cele șapte coline ale Iașului,ヤシの七丘
Telesport,Telesport
Comana,コマナ (ジュルジュ県)
Graiul moldovenesc,モルドバ方言
Relațiile româno-moldovene,モルドバとルーマニアの対外関係
The Money Channel,The Money Channel
Alianța Civică,市民連合財団
Troleibuze în București,ブカレスト・トロリーバス
colectivizarea în România,ルーマニアにおける集団化
Opera Română din Cluj,ルーマニア国立歌劇場（クルジュ＝ナポカ）
Câlnic,クルニク
Transferoviar Grup,トランス・フェロビアル・グループ
mass media în România,ルーマニアのメディア
Colegiul Național de Informatică „Tudor Vianu” (București),チューダー・ヴィアヌ国立コンピュータサイエンス高等学校
Grădina Botanică „Alexandru Buia” din Craiova,クラヨーヴァ植物園
Ministerul Tineretului și Sportului (România),スポーツ省
Tramvaiul din Brașov,ブラショフ市電
Tramvaiul din Constanța,コンスタンツァ市電
Cosău,コサウ川
Castelul regal de la Săvârșin,サブルシン城
TVR 3,TVR3
TVR Cultural,TVR Cultural
Corpul Muncitoresc Legionar,軍団労働者隊
Corvin,コルヴィン川
Criminalitatea în România,ルーマニアの犯罪
ACS Poli Timișoara,ACSポリ・ティミショアラ
FilmBox Family,FilmBox Family
Galița,ガリツァ
Bacău,バカウ
Timișoreana,ティミショアレアナ
Cruciada Românismului,ルーマニア主義の十字軍
Rețeaua rutieră din România,ルーマニアの道路
Calea ferată Oravița–Baziaș,オラヴィツァ・バジアシュ鉄道
Maramureș,マラムレシュ
Brad,ブラッド
Vânători de munte,山岳猟兵 (ルーマニア軍)
Muzeul „Astra” din Sibiu,ASTRA国立総合博物館
RC Grivița Roșie București,RCグリヴィツァ
Valea Iazului,イアズ川
Golineasa,ゴーライネアサ
Goruna,ゴルーナ
Opera Națională Română Iași,ルーマニア国立歌劇場（ヤシ）
Mausoleul de la Mărășești,マラシェシュティ廟
Energia eoliană în România,ルーマニアの風力発電
Arhitectura în România,ルーマニアの建築
ACS FC Olt Slatina,FCオルト・スラティナ
Colibași,コリバシ
Dara,ダラ
Costinești,コスティネシュティ
Dobridor,ドブリドル
Baia,バヤ
Chilia,チリア
Dudeștii Vechi,ドゥデシュティイ・ヴェキ
Vulcan,ヴルカン
Vinga,ヴィンガ
Obârșia-Cloșani,クロシャニ
Carașova,クラショヴァ人
Maidan,マイダン
Surdila-Găiseanca,スルディラ・グイサンカ
Surdila-Greci,スルディラ＝グレチ
Periprava,ペリプラヴァ
ambasada Ucrainei în România,在ルーマニア・ウクライナ大使館
Șag,シャグ
recensământul populației din 2011 (România),2011年ルーマニア国勢調査
Palatul Cantacuzino (Florești),Cantacuzino（Florești）の
Calea ferată Timișoara–Arad,ティミショアラ - アラド線
Calea ferată Timișoara–Jimbolia–Kikinda,ティミショアラ - キキンダ線
Canaralele de la Hârșova,カナラレレ・デ・ラ・ハルショヴァ
Șiria,シリア (ルーマニア)
"Alegeri locale în România, 1996",1996年ルーマニア地方選挙
Plenița,ドルジュ県
Cat Music,キャット・ミュージック
Tichilești,ティキレシュティ
Aeroportul Utilitar Timișoara,ティミショアラ飛行場
Acasă Gold,Acasă Gold
Chichiș,キキシュ
Pișchia,ピシュキア
Asociația Foștilor Deținuți Politici din România,ルーマニア元政治犯協会
Cetatea Bologa,ボローガ要塞
Augustin,アウグスティン
Bala,バラ (メヘディンチ県)
Aninoasa,アニノアサ
Dona,ドナ
gara Oradea,オラデア駅
Bradu,ブラドゥ
Rotunda,ロトゥンダ
Rotunda,ロトゥンダ
Rotunda,ロトゥンダ
Insula k,K島
Festivalul internațional de film București,ブカレスト国際映画祭
Năsăud,ナサウド郡
Someș,ソメシュ県
Desa,デサ
Roșia Montană,ロシア・モンタナ
Filioara,フィリップオアラ
Partidul Muncitoresc Român,ルーマニア労働者党
Deveselu,デベセル
Călinești,カリネネュティ
Mynele TV,Mynele TV
Gilău,ジラウ
Heci,ヘチ
Podul Minciunilor din Sibiu,うそつき橋
Ezeriș,エゼリシュ
MediaPro Entertainment,メディアプロエンターテインメント
Mooz Ro,Mooz Ro
Horia,ホリア
Horia,ホリア
Peștera Mare de pe Valea Firei,マーレ洞窟
Horia,ホリア
recensământul populației din 1941 (România),1941年ルーマニア国勢調査
Recensământul din 1930,1930年ルーマニア国勢調査
Revista Română,ルーマニアの雑誌
Peștera din Piatra Ponorului,ピアトラ・ポノルルイ洞窟
Peștera și izbucul Izvorul Albastru al Izei,イザの青い泉の洞窟
Grădinari,グレディナリ
Societatea Națională de Radiocomunicații,ルーマニア無線通信協会
Moisei,モイセイ
Taraf TV,Taraf TV
Subcarpați,スブカルパツィ
Lisa,リサ
Trinitas TV,Trinitas TV
Scobâlțeni,スコブルツェニ
Luna,ルナ (クルジュ県)
Nițchidorf,ニツキドルフ
Limba tătară dobrogeană,ルーマニア・タタール語
Ostra,オストラ
Tăul lui Dumitru,タウル・ルイ・ドゥミトル湖
Teatrul Evreiesc de Stat din București,国立ユダヤ劇場 (ルーマニア)
MediaPro Pictures,メディアプロピクチャーズ
Horia,ホリア
Podari,ポダリ
Podul Eiffel,エッフェル橋
Liga I 2013-2014,リーガ1 2013-14
Puiești,プイェシュティ
Cetățean de onoare al Timișoarei,ティミショアラ名誉市民
Siliștea Gumești,シリシュテア＝グメシュティ
Siminicea,シミニチャ
Campionatul European de Baschet Masculin din 2017,2017年ユーロバスケット
Săvădisla,トルダセントラースロー
Rotunda,ロトゥンダ
Prejmer,プラージュマール
listă de țări în care româna este limbă oficială,ルーマニア語を公用語としている国の一覧
Sânnicolau Român,スンニコラウ・ロムン
Universitatea Craiova,CSウニヴェルシタテア・クラヨーヴァ
Hemeiuș,ヘメイウシュ (バカウ県)
CSM Slatina,CSMスラティナ
prim-ministru al României,ルーマニアの首相
Negri,ネグリ
Mănăstirea Mihai Vodă,ミハイ・ヴォダ修道院
Vorona,ヴォロナ
Ministerul Afacerilor Externe,外務省
Biharia,ビハリア
gara Ploiești Vest,プロイェシュティ西駅
oraș,ルーマニアの町
Inundațiile din Europa de Sud-est,2014年バルカン半島洪水
Oradea,オラデア
Săcueni,サクエニ
Bucharest Open,ブカレスト・オープン
Partidul Mișcarea Populară,人民運動党
Palatul Brukenthal din Sibiu,シビウ・ブルケンタール宮殿
Ansamblul fostului Palat Știrbei,ブフテア宮殿
Lacul Morărenilor,モラレニロル湖
Institutul de Fizică Atomică,原子物理学研究所
Institutul Național al Patrimoniului,国立遺産研究所
Năsăud,ナサウド
2014 în România,2014年のルーマニア
Șomcuta Mare,ショムクタ・マーレ
The Fishing & Hunting Channel,フィッシング＆ハンティングチャンネル
Colegiul Național „Samuel von Brukenthal” din Sibiu,国立ザムエル・フォン・ブルケンタール高等学校
Compania de Transport Public Arad,アラド公共交通会社
Radisson Blu București,ラディソン・ブル・ブカレスト
Pădurea Pietrosu,ピエトロスの森
Liga a VI-a,リーガ6
Digi Animal World,Digi Animal World
Divizia 2 Infanterie „GETICA”,第2歩兵師団
Etno TV,Etno TV
Deta,デタ
Proclamația de la Padeș,パデシュ宣言
Orange Sport,Orange Sport
Universitatea Ecologică din București,ブカレスト生態学大学
Trântă,トレンタ（Trîntă）
Școala Japoneză din București,ブカレスト日本人学校
2005 în România,2005年のルーマニア
Jimbolia,ジンボリア
Stadionul Național (1953),リア・マノリウ・スタジアム
Cricău,クリカウ
Pogromul de la București,鉄衛団の反乱とブカレスト虐殺
2004 în România,2004年のルーマニア
CSM Bacău,Știința Dedeman Bacăuen
ZU TV,ZU TV
"Cheile Tătarului, Munții Gutâi",タタル峡谷
Euroregiunea Prutul de Sus,上プルト・ユーロリージョン
Jidvei,ジドヴェイ
Blandiana,ブランディアナ
Corupția în România,ルーマニアの汚職
Liga I 2014-2015,リーガ1 2014-15
2015 în România,2015年のルーマニア
Partidul Democrației Sociale din România,ルーマニア社会民主党
Vox News,Vox News
Mănăstirea Săpânța-Peri,サプンツァ・ペリ木造教会
Peștera Vârfurașu,ヴルフノス洞窟
Opera Națională Română Timișoara,ルーマニア国立歌劇場（ティミショアラ）
doctor inginer,工学博士
Noșlac,アルバ県
1989 în România,1989年のルーマニア
Fix & Foxi,フィックス＆フォクシー
Colegiul Național „Gheorghe Lazăr” din Sibiu,国立ゲオルゲ・ラザル高等学校 (シビウ)
senator al României,ルーマニア元老院議員
România la Jocurile Olimpice de vară din 2016,2016年リオデジャネイロオリンピックのルーマニア選手団
Liga I 2015-2016,リーガ1 2015-16
1992 în România,1992年のルーマニア
Vințu de Jos,ヴィンツ・デ・ジョス
Prima Doamnă a României,ルーマニアのファーストレディ
Săliștea,ルーマニアのタルタリア
Hopârta,ホプルタ
1990 în România,1990年のルーマニア
1991 în România,1991年のルーマニア
1999 în România,1999年のルーマニア
Partidul Socialist Țărănesc,社会主義農民党
deputat al României,ルーマニア代議院議員
TVR News,TVR News
ministru al Afacerilor Externe,外務大臣 (ルーマニア)
Mooz Dance,Mooz Dance
Mooz Hits,Mooz Hits
Grupa montană Bucegi-Leaota-Piatra Craiului,ブチェジ山群
Bucovina Rădăuți,CSMブコヴィナ・ラダウツィ
AdePlast SA,アデプラスト
Partidul „Pentru Patrie”,「全ては国の為に」党
Ordinul „Meritul Sportiv”,スポーツ功労章
Partidul Alianța Liberalilor și Democraților,自由民主同盟
alegeri parlamentare în România,ルーマニアの立法選挙
Stadionul Central-Academia Gheorghe Hagi,スタディオヌル・ヴィトルル
Partidul Național Liberal-Tătărăscu,タタレスク派国民自由党
România la Jocurile Olimpice de Tineret 2016,2016年リレハンメルユースオリンピックのルーマニア選手団
Industria auto din România,ルーマニア
Vladimirescu,ヴラディミレスク
incendiul din clubul Colectiv,コレクティブ・ナイトクラブ火災
2016 în România,2016年のルーマニア
România la Jocurile Paralimpice de vară din 2016,2016年リオデジャネイロパラリンピックのルーマニア選手団
Hilișeu-Horia,ヒリシュ・ホリア
Mitoc,ミトク
Uniunea Salvați România,ルーマニア救出同盟
FC Voluntari,FCヴォルンタリ
Moldova,ボーダン
Mehadia,メハディア
Tinca,ティンカ
Ciurila,チュリラ
Păltiniș,パルティニー
1996 în România,1996年のルーマニア
2000 în România,2000年のルーマニア
2002 în România,2002年のルーマニア
2010 în România,2010年のルーマニア
2006 în România,2006年のルーマニア
1998 în România,1998年のルーマニア
1994 în România,1994年のルーマニア
Apahida,アパヒダ
evreii din România,ルーマニア系ユダヤ人
2008 în România,2008年のルーマニア
Lista stațiilor de cale ferată din România,ルーマニアの鉄道駅のリスト
Pădurea Bârnova,ブルノヴァの森
Pădurea Bârnova - Repedea,ブルノヴァ-レペデアの森
Protestele din România din 2017-2018,ルーマニア反政府運動
Recensământul populației din 1859-1860 (România),1859年-1860年ルーマニア国勢調査
Recensământul populației din 1899 (România),1899年ルーマニア国勢調査
Recensământul General al Populației din 1912 (România),1912年ルーマニア国勢調査
Recensământul populației din ianuarie 1948 (România),1948年ルーマニア国勢調査
Recensământul populației din februarie 1956 (România),1956年2月ルーマニア国勢調査
Recensământul populației și locuințelor din anul 1977 (România),1977年ルーマニア国勢調査
Recensământul populației și locuințelor din anul 1992 (România),1992年ルーマニア国勢調査
Dara,ダラ
Turul Ciclist al Buhorului,ツアー・オブ・ビホル
FC Hermannstadt,FCヘルマンシュタット
Metaloglobus București,FCメタログロブス・ブカレスト
Derbiul Vestului,デルビウル・ヴェストゥルイ
"alegeri parlamentare în România, 2020",2020年ルーマニア国会議員選挙
ambasador în România,在ルーマニア大使
Orhideea Towers,オルヒデーア・タワーズ
Alexeni,アレクセニ
Stadionul Municipal (Sfântu Gheorghe),スタディオヌル・ムニチパル
Bastionul Măcelarilor,肉屋の要塞
ambasador al României,ルーマニアの大使
Partidul Puterii Umaniste,人道主義者の力党
2017 în România,2017年のルーマニア
România la Jocurile Olimpice de iarnă din 2018,2018年平昌オリンピックのルーマニア選手団
Institutul de Chimie Macromoleculară „Petru Poni”,ペトルポニ高分子化学研究所
Sănătatea în România,ルーマニアの保健
Stadionul Clinceni,スタディオヌル・クリンチェニ
Stadionul Anghel Iordănescu,スタディオヌル・アンゲル・ヨルダネスク
Tramvaiul din Satu Mare,サトゥ・マーレ市電
Observatorul astronomic „Bosianu”,ボシアヌ天文台
Biserica reformată din Sic,改革派教会
Softrans,ソフトトランス
Turnul Sfatului din Sibiu,シビウ市参事塔
Neptun TV,Neptun TV
Campionatul European de Haltere din 2018,2018年欧州重量挙げ選手権
Relațiile dintre România și Japonia,日本とルーマニアの関係
Liceul Teoretic „Jean Monnet” din București,ジャン・モネ高等学校
Marca,マルカ
Putna,プトナ
Dorna Candrenilor,ドルナ・カンドレニロル
Crasna,クラスナ (サラージュ県)
Suhaia,スハヤ
Blocul Identității Naționale în Europa,ヨーロッパ国民意識連合
"alegeri prezidențiale în România, 2019",2019年ルーマニア大統領選挙
FSCB,CSAステアウア・ブカレスト
România la Jocurile Olimpice de vară din 2020,2020年東京オリンピックのルーマニア選手団
1945 în România,1945年のルーマニア
2007 în România,2007年のルーマニア
"Partidul Libertății, Unității și Solidarității",自由統一連帯党
Gloria Buzău,SCMグロリア・ブザウ
Comedy Central România,コメディ・セントラル
Fotbal Comuna Recea,ACSFコムナ・レチェア
Stadionul Arcul de Triumf (1913),スタディオヌル・ナツィオナル・デ・トリンフ
2019 în România,2019年のルーマニア
Astra Trans Carpatic,アストラトランスカルパチック
gara Halmeu,ハルメウ駅
Partidul PRO România,PROルーマニア
România la Jocurile Olimpice de iarnă din 2022,2022年北京オリンピックのルーマニア選手団
gara Apold,アポルト駅
2018 în România,2018年のルーマニア
Familia Regală Română,ルーマニア王室
Năsăud,ナサウド
gara Năsăud h.,ナサウド駅
gara Năsăud,ナサウド駅
Bollywood TV,Bollywood TV
podul peste Dunăre de la Brăila,ブレイラ橋
Bollywood Clasic,Bollywood Clasic
Bollywood Film,Bollywood Film
ambasador al României în Japonia,駐日ルーマニア大使
Stadionul Francisc Neuman,スタディオヌル・フランシスク・ヴォン・ノイマン
pandemia de coronaviroză COVID-19,新型コロナウイルス感染症 (COVID-19) の世界的流行
USR PLUS,ルーマニア救出同盟・自由統一連帯党
Campionatul European de Volei Feminin din 2021,2021年バレーボール女子欧州選手権
1993 în România,1993年のルーマニア
1995 în România,1995年のルーマニア
1997 în România,1997年のルーマニア
2001 în România,2001年のルーマニア
Pasul Cavnic,カヴニク峠
Pasul Neteda,ネテダ峠
Stadionul Steaua,ステアウア スタジアム
"alegeri prezidențiale în România, 2024",2024年ルーマニア大統領選挙
Agro TV,Agro TV
Coridorul Rin-Dunăre,ストラスブール-ドナウ川回廊
Realitatea Plus,Realitatea Plus
Leprozeria din Tichilești,ティキレシュティ
Pandemia de coronaviroză (COVID-19) în Europa,ヨーロッパにおける新型コロナウイルス感染症の流行状況
pandemia de coronaviroză (COVID-19) în România,ルーマニアにおける2020年コロナウイルス感染症の流行状況
Stadionul Rapid-Giulești,スタディオヌル・ラピド＝ジュレシュティ
2020 în România,2020年のルーマニア
"Alegeri pentru Parlamentul European, 2024",2024年欧州議会議員選挙
Formatul București,ブカレストナイン
"Alegeri locale în România, 2020",2020年ルーマニア地方選挙
Liga I 2020-2021 (fotbal feminin),1位
Alianța pentru Unirea Românilor,ルーマニア統一同盟
primar al comunei Breaza,ブラーザ村長
România la Jocurile Paralimpice de vară din 2020,2020年東京パラリンピックのルーマニア選手団
"Alegeri locale în România, 2024",2024年ルーマニア地方選挙
Ambasada Japoniei în România,在ルーマニア日本国大使館
Cupa României 2020-2021,詳細
români,ルーマニア人
ACS Progresul Ezeriș,ACSプログレスル・エゼリシュ
Recesământul Populației și Locuințelor 2021 (România),2021年ルーマニア国勢調査
Poarta Focșanilor,フォクシャニ・ゲート
CANAL 33,CANAL 33
Rapid București,CSラピド・ブカレスト
Inundațiile din iulie 2021 din Europa,2021年ヨーロッパ洪水
2023 în România,2023年のルーマニア
Profit News,Profit News
2022 în România,2022年のルーマニア
Transylvania Open,トランシルヴァニア・オープン
Teatrul Național „Ion Luca Caragiale”,ブカレスト国立劇場
Opera Națională București,ルーマニア国立歌劇場（ブカレスト）
Teatrul Evreiesc de Stat din București,国立ユダヤ劇場 (ルーマニア)
Money News,Money News
Digi 4K,Digi 4K
2003 în România,2003年のルーマニア
Campionatul European de Fotbal Sub-21 2023,UEFA U-21欧州選手権2023
"alegeri parlamentare în România, 2024",2020年ルーマニア国会議員選挙
Buciumul Român,ルーマニアのブシウム
Sport Extra,Sport Extra
Primvs Derby,プリムヴス・デルビ
TVR Folclor,TVR Folclor
TVR Sport,TVR Sport
2021 în România,2021年のルーマニア