Angela Merkel,앙겔라 메르켈
Martin Schulz,마르틴 슐츠
Georg Schwarzenbeck,한스게오르크 슈바르첸베크
Giovane Élber,지오바니 에우베르
Thomas Kraft (Fußballspieler),토마스 크라프트
Roman Neustädter,로만 노이슈테터
Paul Deussen,파울 도이센
Reinhold Schünzel,라인홀트 쉰첼
Franzl Lang,프란츨 랑
Gonzalo Castro,곤살로 카스트로
Robert Harting,로베르트 하르팅
Arno Peters,아르노 페터스
Marc Forster,마르크 포르스터
Reinhard Marx,라인하르트 마르크스
Rupprecht von Bayern,루프레히트 폰 바이에른 왕세자
Jürgen Grabowski,위르겐 그라보프스키
Romano Guardini,로마노 구아르디니
Alexander Koch (Fechter),알렉산더 코흐
Konrad Adenauer,콘라트 아데나워
Hanna Schygulla,하나 쉬굴라
Hans Wilsdorf,한스 빌스도르프
Dirk Nowitzki,디르크 노비츠키
Ulrike Nasse-Meyfarth,울리케 마이파르트
Zedd,제드 (음악가)
Walter Kasper,발터 카스퍼
Carl Orff,카를 오르프
Bernhard Langer (Golfspieler),베른하르트 랑거
Rainer Bonhof,라이너 본호프
Georg Sterzinsky,게오르크 스테르진스키
Albert Einstein,알베르트 아인슈타인
Luise Rainer,루이제 라이너
Fritz Lang,프리츠 랑
Tom Schilling,톰 실링
Ludwig Erhard,루트비히 에르하르트
Kurt Georg Kiesinger,쿠르트 게오르크 키징거
Ferdinand Tönnies,페르디난트 퇴니스
Helmut Schmidt,헬무트 슈미트
Max Klinger,막스 클링거
Joachim Meisner,요아힘 마이스너
Patrick Ebert,파트리크 에베르트
Emre Can,엠레 잔
Benedikt XVI.,교황 베네딕토 16세
Rudolf Mößbauer,루돌프 뫼스바우어
Gerhard Ludwig Müller,게르하르트 루트비히 뮐러
Bernd Hölzenbein,베른트 횔첸바인
Sepp Maier,제프 마이어
Franz Xaver Schwarz (Politiker),프란츠 크사버 슈바르츠
Ludwig Thoma,루트비히 토마
Albrecht von Bayern (1905–1996),알브레히트 폰 바이에른 (1905년)
Bastian Schweinsteiger,바스티안 슈바인슈타이거
Markus Wasmeier,마르쿠스 바스마이어
Günter Netzer,귄터 네처
Karl Valentin,카를 발렌틴
Tom Wlaschiha,톰 블라시하
Karl Albrecht,카를 알브레히트
Fritz Walter,프리츠 발터
Helmut Kohl,헬무트 콜
Gerhard Schröder,게르하르트 슈뢰더
Peter Sloterdijk,페터 슬로터다이크
Werner Herzog,베르너 헤어초크
Joachim Gauck,요아힘 가우크
Christian Wulff,크리스티안 불프
Lothar Matthäus,로타어 마테우스
Annette Schwarz (Pornodarstellerin),아네테 슈바르츠
Horst Köhler,호르스트 쾰러
Uli Hoeneß,울리 회네스
Marcel Reich-Ranicki,마르셀 라이히라니츠키
Konrad Bloch,콘라트 에밀 블로흐
Bernd Schuster,베른트 슈스터
Ludwig III. (Bayern),루트비히 3세 (바이에른)
Paul Breitner,파울 브라이트너
Johannes Rau,요하네스 라우
Rita König,리타 쾨니히
Dennis Seidenberg,데니스 자이덴베르크
Roman Herzog,로만 헤어초크
Herta Müller,헤르타 뮐러
Birol Ünel,비롤 위넬
Oliver Riedel,올리버 리델
Heinrich Lübke,하인리히 륍케
Gustav Heinemann,구스타프 하이네만
Theodor Heuss,테오도어 호이스
Sandra Bullock,샌드라 불럭
Rudi Völler,루디 푈러
Uwe Seeler,우베 젤러
Ottmar Hitzfeld,오트마어 히츠펠트
Franz Josef Strauß,프란츠 요제프 슈트라우스
Horst Seehofer,호르스트 제호퍼
Feodor Lynen,페오드르 리넨
Ernst Otto Fischer,에른스트 오토 피셔
Richard von Weizsäcker,리하르트 폰 바이츠제커
Friedrich Ebert,프리드리히 에베르트
Edmund Stoiber,에드문트 슈토이버
Walter Eucken,발터 오이켄
Sidney Sam,시드니 샘
Koray Günter,코라이 귄터
Oliver Kirch,올리버 키르히
Erich Honecker,에리히 호네커
Egon Krenz,에곤 크렌츠
Manfred Gerlach,만프레트 게를라흐
Paul Kalkbrenner,파울 칼크브레너
Raphael Schäfer,라파엘 섀퍼
Albrecht III. (Bayern),알브레히트 3세 폰 비텔스바흐
Kurt Aland,커트 알란드
Walter Scheel,발터 셸
Karl Carstens,카를 카르스텐스
Erich Maria Remarque,에리히 마리아 레마르크
Hermann Hesse,헤르만 헤세
Frank Ordenewitz,프랑크 오르데네비츠
Uwe Rahn,우베 란
Pierre Littbarski,피에르 리트바르스키
Marika Rökk,마리카 뢰크
Ludwig Mies van der Rohe,루트비히 미스 판 데어 로에
Stefan Effenberg,슈테판 에펜베르크
Hans Magnus Enzensberger,한스 마그누스 엔첸스베르거
Sebastian Vettel,제바스티안 페텔
Otfried Preußler,오트프리트 프로이슬러
Andreas Ottl,안드레아스 오틀
Nico (Sängerin),니코 (가수)
Wolfgang Overath,볼프강 오베라트
Mario Gómez,마리오 고메스
Tim Hoogland,팀 후글란트
Hermann Staudinger,헤르만 슈타우딩거
Paul von Hindenburg,파울 폰 힌덴부르크
Heinrich Böll,하인리히 뵐
Thomas Müller,토마스 뮐러
Wolf Blitzer,울프 블리처
Albert Schweitzer,알베르트 슈바이처
Timo Gebhart,티모 게브하르트
Abraham Gotthelf Kästner,아브라함 고트헬프 케스트너
Reiner Knizia,라이너 크니치아
Leonid Kreutzer,레오니트 크로이처
Gerhard Stöck,게르하르트 슈퇴크
Bernard Katz,버나드 카츠
Anne-Sophie Mutter,안네 소피 무터
Franciszek Smuda,프란치셰크 스무다
Eugen Polanski,오이겐 폴란스키
Adolf Butenandt,아돌프 부테난트
Franz Beckenbauer,프란츠 베켄바워
Ulrich von Wilamowitz-Moellendorff,울리히 폰 빌라모비츠묄렌도르프
Henry Koster,헨리 코스터
Bernd Eichinger,베른트 아이힝거
Gottfried Heinrich zu Pappenheim,고트프리트 하인리히 추 파펜하임 백작
Peter Frenkel,페터 프렝켈
Karl Hein,카를 하인
Joachim Löw,요아힘 뢰프
Philipp Lahm,필리프 람
Gerd Müller,게르트 뮐러
Hilde Schrader,힐데가르트 슈라더
Carl Gustav Hempel,칼 구스타프 헴펠
Heidi Biebl,하이디 비블
Balian Buschbaum,발리안 부시바움
Stefan Raab,슈테판 라브
Sabine Busch,자비네 부슈
Manfred Eicher,만프레트 아이허
Gustav Radbruch,구스타프 라드브루흐
Günter Grass,귄터 그라스
Robert Siodmak,로버트 시오드맥
Adolf Merckle,아돌프 메클레
Kurt Knispel,쿠르트 크니슈펠
Joseph H. Pilates,요제프 필라테스
Ellen von Unwerth,엘렌 폰 운베르트
Tatjana Patitz,타탸나 파티츠
Günther Maleuda,귄터 말로이다
Florian Schwarthoff,플로리안 슈바르토프
Linda Stahl,린다 슈탈
Josefine Preuß,요제피네 프로이스
Hanns Zischler,한스 지슐러
Markus Söder,마르쿠스 죄더
Ernst Mayr,에른스트 마이어
Kurt Welter,쿠르트 벨터
Martin Noth,마르틴 노트
Alexander Markowitsch Ostrowski,알렉산드르 오스트롭스키 (수학자)
Christoph Blumhardt,크리스토프 블룸하르트
Bibiana Beglau,비비아나 베글라우
Walter Kaufmann (Physiker),발터 카우프만 (물리학자)
Ludwig Kaas,루트비히 카스
Georg Ratzinger (Kirchenmusiker),게오르크 라칭거
Toni Garrn,토니 가른
Maria Emanuel Markgraf von Meißen,마리아 에마누엘 폰 마이센 변경백
Godehard von Hildesheim,고트하르트 폰 힐데스하임
Rüdiger Safranski,뤼디거 자프란스키
Lena Meyer-Landrut,레나 마이어란드루트
Agnes Pockels,아그네스 포켈스
Otto Frank,오토 프랑크
Rosa Luxemburg,로자 룩셈부르크
Hannelore Kraft,하넬로레 크라프트
Gertrud von Helfta,헬프타의 제르트루다
Ernst Lubitsch,에른스트 루비치
Rüdiger von der Goltz (Offizier),뤼디거 폰 데어 골츠 백작
Helma Sanders-Brahms,헬마 잔더스 브람스
Grethe Weiser,그레테 바이저
Johann Andreas Stein,요한 안드레아스 슈타인
Erwin Schrödinger,에르빈 슈뢰딩거
Sami Khedira,사미 케디라
Danny Latza,대니 라차
Kurt Jooss,쿠르트 요스
Helmut Gröttrup,헬무트 그뢰트룹
Kurt Weill,쿠르트 바일
Margot Frank,마르고트 프랑크
Edith Frank-Holländer,에디트 프랑크
Corinna Harfouch,코리나 하르포우흐
Martina Gedeck,마르티나 게데크
Beate Klarsfeld,베아테 클라르스펠트
Alfred Hugenberg,알프레트 후겐베르크
Mariella Ahrens,마리엘라 아렌스
Ernst Nolte,에른스트 놀테
Klaus Wowereit,클라우스 보베라이트
Tommy Haas,토미 하스
Stefan Andres,슈테판 안드레스
Hannah Herzsprung,하나 헤르츠스프룽
Ken Duken,켄 두켄
Anton Diffring,안톤 디프링
Gudrun Landgrebe,구드룬 란트그레베
Alexandra Maria Lara,알렉산드라 마리아 라라
Franka Potente,프랑카 포텐테
Justus Möser,유스투스 뫼저
Peter Binsfeld,페터 빈스펠트
Michael Schumacher,미하엘 슈마허
Katja Seizinger,카탸 자이칭거
Engelbert Humperdinck,엥겔베르트 훔퍼딩크
Viktoria Rebensburg,빅토리아 레벤스부르크
Maria Höfl-Riesch,마리아 회플리슈
Wim Wenders,빔 벤더스
Max Ophüls,막스 오퓔스
Steffi Graf,슈테피 그라프
Friedrich Wilhelm Murnau,프리드리히 빌헬름 무르나우
William Dieterle,윌리엄 디터리
Gisela von Schwaben,기젤라 폰 슈바벤
Werner Haase (Mediziner),베르너 하제
Jürgen Trittin,위르겐 트리틴
Michael Ballack,미하엘 발라크
Leni Riefenstahl,레니 리펜슈탈
Margarethe von Trotta,마르가레테 폰 트로타
Lisa Kreuzer,리사 크루저
Rudolf Klein-Rogge,루돌프 클라인로게
Wu Jiaduo,우자둬
Klaus Kinski,클라우스 킨스키
Gregor Gysi,그레고르 기지
Gudrun Ensslin,구드룬 엔슬린
Renate Künast,레나테 퀴나스트
Karoline von Günderrode,카롤리네 폰 귄데로데
Wilhelm Ostwald,빌헬름 오스트발트
Richard Strauss,리하르트 슈트라우스
Wilhelm Wien,빌헬름 빈
Otto Stern (Physiker),오토 슈테른
Philipp Lenard,필리프 레나르트
Ulrich Lins,울리히 린스
Reinhard Selten,라인하르트 젤텐
Johannes Stark,요하네스 슈타르크
Thomas Dörflein,토마스 되르플라인
Hansi Müller,한지 뮐러
Otto Meissner,오토 마이스너
Horst Köppel,호르스트 쾨펠
Walter Moers,발터 뫼르스
Bernd Förster,베른트 푀르슈터
Wolfgang Schäuble,볼프강 쇼이블레
Jürgen Klinsmann,위르겐 클린스만
Änis Ben-Hatira,아니스 벤하티라
Alfred Eisenstaedt,알프레트 아이젠슈테트
Hans-Josef Kapellmann,유프 카펠만
Nelly Sachs,넬리 작스
Max von Laue,막스 폰 라우에
Markus Weinzierl,마르쿠스 바인치를
Robert Schuman,로베르 쉬망
Joachim Sauer,요아힘 자우어
Dimitri Peters,디미트리 페터스
Erich von Manstein,에리히 폰 만슈타인
Kurt von Schleicher,쿠르트 폰 슐라이허
Peter Grünberg,페터 그륀베르크
Maria Goeppert-Mayer,마리아 괴퍼트메이어
Frits Clausen,프리츠 클라우센
Julia Dietze,율리아 디체
Wolfgang Behrendt (Boxer),볼프강 베흐렌트
Wolf Rüdiger Heß,볼프 뤼디거 헤스
Andreas Tölzer,안드레아스 퇼처
Anna von Kleve,아나 폰 클레페 공녀
Friedrich III. (Pfalz),프리드리히 3세 폰 데어 팔츠 선제후
Timothy Chandler,티모시 챈들러
Ludwig Bieberbach,루트비히 비버바흐
Richard Brauer,리하르트 브라우어
Karlheinz Förster,카를하인츠 푀르슈터
Wolfgang Krull,볼프강 크룰
Edmund Schlink,에드문트 슐링크
Theodor Wisch,테오도어 비시
Paul Reinecke,파울 라이네케
Hans von Salmuth,한스 폰 잘무트
Volker Strassen,포커 슈트라센
Jürgen Moser (Mathematiker),위르겐 모저
Yuri Manin,유리 마닌
Leo August Pochhammer,레오 아우구스트 포흐하머
Erich Kähler,에리히 켈러
Wilhelm Canaris,빌헬름 카나리스
Albrecht Kossel,알브레히트 코셀
Otto Meyerhof,오토 프리츠 마이어호프
Hans-Ulrich Rudel,한스울리히 루델
Eike Immel,아이케 이멜
Wolfgang Petersen,볼프강 페테르젠
Hermann Paul (Germanist),헤르만 파울
Oswald Spengler,오스발트 슈펭글러
Constantin Carathéodory,콘스탄티노스 카라테오도리
Diane Kruger,디아네 크루거
Jens Lehmann,옌스 레만
Martin Winterkorn,마르틴 빈터코른
Richard Wilhelm,리하르트 빌헬름
Torsten May,토르스텐 마이
Walter Buch,발터 부흐
Egon Bahr,에곤 바르
Carl Friedrich von Weizsäcker,카를 프리드리히 폰 바이츠제커
Andreas von Bechtolsheim,앤디 벡톨샤임
Andreas Hillgruber,안드레아스 힐그루버
Paul Levi,파울 레비
Thore Schölermann,토레 슐레만
Kurt Christoph von Schwerin,쿠르트 크리스토프 폰 슈베린 백작
Erich von Falkenhayn,에리히 폰 팔켄하인
Erich Raeder,에리히 레더
Max Abraham,막스 아브라함
Friedrich Christian von Sachsen (1893–1968),프리드리히 크리스티안 폰 작센 (1893년)
Ernst Witt,에른스트 비트
Hanna Reitsch,하나 라이치
Hermann Müller (Reichskanzler),헤르만 뮐러
Hermann Muthesius,헤르만 무테지우스
Alexander Wendt (Politikwissenschaftler),알렉산더 웬트
Zé Roberto,제 호베르투 (1974년)
Adolf Galland,아돌프 갈란트
Georg von Küchler,게오르크 폰 퀴흘러
Franz Halder,프란츠 할더
Werner von Blomberg,베르너 폰 블롬베르크
Ralph Baer,랠프 베어
Meret Becker,메레트 베커
Ludwig Beck (General),루트비히 베크
Christoph Schneider,크리스토프 슈나이더
Erhard Milch,에르하르트 밀히
Sebastian Brendel,제바스티안 브렌델
Johann Geiler von Kaysersberg,요한 가일러 폰 카이저스베르크
Otto Sander,오토 잔더
Cacau,카카우
Hermann Hoth,헤르만 호트
Joachim Jeremias,요아힘 예레미아스
Thomas Hitzlsperger,토마스 히츨슈페르거
Ernst Busch (Offizier),에른스트 부슈
Max Hartung,막스 하르퉁
Ferdinand Schörner,페르디난트 쇠르너
Sepp Dietrich,제프 디트리히
Paul Hausser,파울 하우서
Matthias Sammer,마티아스 자머
Eugen d’Albert,외젠 달베르
Ingrid Mickler-Becker,잉그리트 베커
Friedrich Gogarten,프리드리히 고가르텐
Hermann Sudermann,헤르만 주더만
Gundi Busch,군디 부슈
Theodor Schneider (Mathematiker),테오도어 슈나이더
Hans Lewy (Mathematiker),한스 레비
Theodor Hänsch,테오도어 W. 헨슈
Horst Ludwig Störmer,호르스트 루트비히 슈퇴르머
Ewald von Kleist (Generalfeldmarschall),파울 루트비히 에발트 폰 클라이스트
Johann Ludwig Graf Schwerin von Krosigk,루츠 그라프 슈베린 폰 크로지크
Claude Dornier,클라우드 도르니에
Timo Hildebrand,티모 힐데브란트
Walther von Brauchitsch,발터 폰 브라우히치
Michael Fassbender,마이클 패스벤더
Carl Dahlhaus,카를 달하우스
Senta Berger,젠타 베르거
Peter Altmaier,페터 알트마이어 (1958년)
Dana Vávrová,다나 바브로바
Stefan George,슈테판 게오르게
Hans Adolf Krebs,핸스 애돌프 크레브스
Gerhard Domagk,게르하르트 도마크
Magda Schneider,마그다 슈나이더
Werner Maihofer,베르너 마이호퍼
August Wilhelm (Braunschweig-Wolfenbüttel-Bevern),아우구스트 빌헬름 폰 브라운슈바이크볼펜뷔텔베페른 공작
Herbert Kroemer,허버트 크뢰머
Lothar Bisky,로타어 비스키
Hans Furler,한스 푸를러
Alex Wright,앨릭스 라이트
Hannelore Kohl,하넬로레 콜
Heinz London,하인츠 론돈
Jochen Hecht,요헨 헥트
Karl Allgöwer,카를 알괴버
Erich Hartmann (Jagdflieger),에리히 하르트만
Moritz Schlick,모리츠 슐리크
Joachim Peiper,요아힘 파이퍼
Wilhelm List,빌헬름 리스트
Magda Goebbels,마그다 괴벨스
Hans von Seeckt,한스 폰 젝트
Paul von Lettow-Vorbeck,파울 폰 레토포어베크
Sophie von der Pfalz,조피 폰 데어 팔츠 공녀
Andreas Hinkel,안드레아스 힝켈
Kurt Meyer (SS-Mitglied),쿠르트 마이어
Arthur Nikisch,아르투르 니키슈
Hasso von Manteuffel,하소 폰 만토이펠 남작
Karen Horney,카렌 호나이
Ernst Ruska,에른스트 루스카
James Last,제임스 라스트
Traudl Junge,트라우들 융에
Klaus von Klitzing,클라우스 폰 클리칭
Karin Dor,카린 도어
Walther Funk,발터 풍크
Thomas Brdarić,토마스 브르다리치
Wilhelm Röpke (Wirtschaftswissenschaftler),빌헬름 뢰프케
Paula Riemann,파울라 리만
Emilie Schindler,에밀리 쉰들러
Wolfgang Paul (Physiker),볼프강 파울
Ulrich Plenzdorf,울리히 플렌츠도르프
Tom Tykwer,톰 티크베어
Mark Medlock,마크 메드록
Katja Riemann,카차 리만
Tron (Hacker),트론 (해커)
Christl Cranz,크리스틀 크란츠
Sabine Bergmann-Pohl,자비네 베르크만폴
Niklas Luhmann,니클라스 루만
Ernst Bloch,에른스트 블로흐
Heike Drechsler,하이케 드렉슬러
Hans Modrow,한스 모드로
Paul Hindemith,파울 힌데미트
Marika Kilius,마리카 킬리우스
Hans-Jürgen Bäumler,한스위르겐 보임러
Sebastian Bachmann,제바스티안 바흐만
Antje Buschschulte,안톄 부슈슐테
Alexander Sulzer,알렉산더 줄처
Klaus-Dieter Sieloff,클라우스디터 질로프
Maurizio Gaudino,마우리치오 가우디노
Wolfgang Rolff,볼프강 롤프
Hans Pietsch (Go-Spieler),한스 피치
Ernst Zermelo,에른스트 체르멜로
Ulf Timmermann,울프 티머만
Hans Jonas,한스 요나스
Anneliese Michel,아넬리제 미헬
Johann Kasimir (Pfalz-Simmern),요한 카지미어 폰 팔츠지머른 궁정백
Ernst Baier,에른스트 바이어
Sarah Hecken,자라 헤켄
Hape Kerkeling,하페 케르켈링
Britta Steffen,브리타 슈테펜
Helmuth Weidling,헬무트 바이틀링
Elisabeth Schwarzkopf,엘리자베트 슈바르츠코프
Wilhelm Furtwängler,빌헬름 푸르트벵글러
Ulrich Mühe,울리히 뮈헤
Kuno von Westarp,쿠노 폰 베스타르프
Harald Schmidt,하랄트 슈미트
Gottfried Benn,고트프리트 벤
Ermanno Wolf-Ferrari,에르만노 볼프-페라리
Melitta Schenk Gräfin von Stauffenberg,멜리타 솅크 그래핀 폰 슈타우펜베르크
Erich von dem Bach-Zelewski,에리히 폰 뎀 바흐
Gerhard Barkhorn,게르하르트 바르크호른
Wilhelm II. (Württemberg),빌헬름 2세 (뷔르템베르크)
Rolf Kanies,롤프 카니스
Werner Stengel,베르너 슈텡겔
Walter Baade,발터 바데
Hans-Gert Pöttering,한스게르트 푀테링
Robert Michels,로베르트 미헬스
Erich Mielke,에리히 밀케
Frank Wieneke,프랑크 비네케
Jörg Fiedler,외르크 피들러
Anna Seghers,아나 제거스
Til Schweiger,틸 슈바이거
Johannes Coccejus,요한 코케이우스
Alexander von Falkenhausen (General),알렉산더 폰 팔켄하우젠 남작
Barbara Meier,바르바라 마이어
Harald Quandt,하랄트 크반트
Maria Sibylla Merian,마리아 지빌라 메리안
Heike Makatsch,하이케 마카치
Wolfram Sievers,볼프람 지페르스
Reinhard Genzel,라인하르트 겐첼
Imke Duplitzer,임케 두플리처
Balthasar Hubmaier,발타자르 후부마이어
Albert Göring,알베르트 괴링
Gudrun Burwitz,구드룬 부르비츠
Sören Kam,쇠렌 캄
Stipe Erceg,스티페 에르체그
Friedrich August III. (Sachsen),프리드리히 아우구스트 3세 (작센)
Karl Hermann Frank,카를 헤르만 프랑크
Joschka Fischer,요슈카 피셔
Karl Rahner,카를 라너
Volker Schlöndorff,폴커 슐뢴도르프
August Diehl,아우구스트 딜
Nicolaus Reimers,니콜라우스 라이머스
Konrad Hesse,콘라트 헤세
Diana Amft,디아나 암프트
Ludwig Müller (Theologe),루트비히 뮐러
Torsten Albig,토르스텐 알비히
Ernst Albrecht,에른스트 알브레히트
Ernst August I. (Sachsen-Weimar-Eisenach),에른스트 아우구스트 1세 폰 작센바이마르아이제나흐 공작
Gustav Noske,구스타프 노스케
Hans Pfitzner,한스 피츠너
Georg Friedrich Prinz von Preußen,게오르크 프리드리히 폰 프로이센 왕자
Thomas de Maizière,토마스 데메지에르
Johann Reichhart,요한 라이히하르트
Martin Wuttke,마르틴 부트케
Detlev Buck,데틀레프 부크
Christiane Paul,크리스티아네 파울
Helmut Gollwitzer,헬무트 골비처
Lale Andersen,랄레 안데르센
Christa Wolf,크리스타 볼프
Michael Groß,미하엘 그로스
Wilhelm Schickard,빌헬름 시카르트
Albrecht Brandi,알브레히트 브란디
Adolf Meyer (Architekt),아돌프 마이어
Martin Walser,마르틴 발저
Alfred Döblin,알프레트 되블린
Annegret Kramp-Karrenbauer,안네그레트 크람프카렌바우어
Max Raabe,막스 라베
Herbert Otto Gille,헤르베르트 길레
Markus Wolf,마르쿠스 볼프
Georg Keppler,게오르크 케플러
Ernst Krieck,에른스트 크리크
Herbert Kegel,헤르베르트 케겔
Dorothea Röschmann,도로테아 뢰슈만
Peter Schreyer,피터 슈라이어
Helmut Käutner,헬무트 코이트너
Wolfgang Abendroth,볼프강 아벤트로트
Wolfgang Staudte,볼프강 슈타우테
Ernst-Wolfgang Böckenförde,에른스트볼프강 뵈켄푀르데
Friedrich Kittler,프리드리히 키틀러
Gerard Kleisterlee,헤라르트 클레이스테를레이
Luise Rinser,루이제 린저
Otto von Waldburg,오토 폰 발트부르크
Georg Gaffky,게오르크 가프키
Anton Ackermann,안톤 아커만
Josef Rosemeyer,요제프 로제마이어
Hans Ferdinand Mayer,한스 페르디난트 마이어
Max Trapp,막스 트라프
Christine Wenzel,크리스티네 브링커
Tomas Maier,토마스 마이어
Nicolas Limbach,니콜라스 림바흐
Norbert Grupe,윌헴 본 홈버그
Hans Knappertsbusch,한스 크나퍼츠부슈
Eugen Jochum,오이겐 요훔
Claudia Pechstein,클라우디아 페히슈타인
Carl Friedrich Goerdeler,카를 프리드리히 괴르델러
Heiner Müller,하이너 뮐러
Thomas Berthold,토마스 베르톨트
Leopold Jessner,레오폴트 예스너
Christian Reitz (Sportschütze),크리스티안 라이츠 (사격 선수)
Martin Sandberger,마르틴 잔트베르거
Stefanie Zweig,슈테파니 츠바이크
Elisabeth Röhm,엘리자베스 룀
Otto Deßloch,오토 데슬로흐
Jan Hendrik Schön,얀 헨드릭 쇤
Lothar de Maizière,로타어 데메지에르
Hans Oster,한스 오스터
Hermann-Bernhard Ramcke,헤르만베른하르트 람케
Antje Traue,안톄 트라우에
Woldemar Voigt (Physiker),볼데마르 포크트
Ernst Casimir (Nassau-Dietz),나사우디츠 백작 에른스트 카시미르 1세
Andreas Scholl (Sänger),안드레아스 숄
Heinrich Hoffmann (Fotograf),하인리히 호프만 (사진가)
Wilhelm Burgdorf,빌헬름 부르크도르프
Günter Schabowski,귄터 샤보프스키
Helmut Knochen,헬무트 크노헨
Kurt Maetzig,쿠르트 매치히
Götz Otto,괴츠 오토
Zacharias Ursinus,자카리아스 우르시누스
Günter Wand,귄터 반트
Hermann Gunkel,헤르만 궁켈
Fritz Thyssen,프리츠 티센
Karl Koller (General),카를 콜러 (1898년)
Jürgen Stark (Ökonom),위르겐 슈타르크
Mandy Capristo,맨디 카프리스토
Caspar Olevian,카스파 올레비안
Konrad Henlein,콘라트 헨라인
Kurt Schumacher,쿠르트 슈마허
Wilhelm Gustloff,빌헬름 구스틀로프
Hans Krebs (Offizier),한스 크렙스 (1898년)
Walter Krupinski,발터 크루핀스키
Lil Dagover,릴 다고버
Vadim Glowna,바딤 글로브나
Walther Schreiber,발터 슈라이버
Claus Clausen,클라우스 클로슨
Friedrich Meinecke,프리드리히 마이네케
Hans-Ulrich Wehler,한스울리히 벨러
Curt Goetz,쿠르트 괴츠
Loki Schmidt,로키 슈미트
Carl Stumpf,카를 슈툼프
Karl Otto Koch,카를오토 코흐
Hans Heinrich Lammers,한스 라머스
Ludwig von Battenberg,바텐베르크 공자 루이
Johannes Brandrup,요하네스 브란트루프
Ruth Fuchs,루트 푸흐스
Benno Ohnesorg,베노 오네조르크
Theo Morell,테오도어 모렐
Berthold IV. (Zähringen),베르톨트 4세 폰 체링겐 공작
Gustav Knuth,구스타프 크누트
Ferdinand Beyer,페르디난트 바이어
Wilhelm Groener,빌헬름 그뢰너
Franz Seldte,프란츠 젤테
Otto Ernst Remer,오토 에른스트 레머
Karl von Goebel,카를 폰 괴벨 기사
Rochus Misch,로후스 미슈
Aljona Savchenko,알리오나 사브첸코
Hermann Weingärtner,헤르만 바인게르트너
Elisabeth Schumann,엘리자베트 슈만
Hermann Heller (Jurist),헤르만 헬러
Friedrich Hoßbach,프리드리히 호스바흐
Claus Offe,클라우스 오페
Matthias Ringmann,마티아스 링만
Cornell Borchers,코르넬 보르헤르스
Fady Maalouf,파디 말루프
Karl-Michael Vogler,카를미하엘 포글러
Helmut Roleder,헬무트 롤레더
Udo Samel,우도 자멜
Viktoria Luise von Preußen,빅토리아 루이제 폰 프로이센 왕녀
Otto Günsche,오토 귄셰
Bruno Labbadia,브루노 라바디아
Erich Priebke,에리히 프리프케
Magnus Hirschfeld,마그누스 히르슈펠트
Sıla Şahin-Radlinger,슬라 샤힌
Angela Winkler,앙겔라 빙클러
Helena Fromm,헬레나 프롬
Johannes Ludwig (Rennrodler),요하네스 루트비히 (루지 선수)
Berthold Laufer,베르톨트 라우퍼
Vittorio Hösle,비토리오 회슬레
Hans Schmidt-Isserstedt,한스 슈미트 이세르슈테트
Marina Kiehl,마리나 킬
Sérgio da Silva Pinto,세르지우 핀투
Julian Schuster,율리안 슈스터
Ramin Djawadi,라민 자와디
Kurt Daluege,쿠르트 달루에게
Hans-Jürgen von Arnim,한스위르겐 폰 아르님
Felix Steiner,펠릭스 슈타이너
Herbert Backe,헤르베르트 바케
Friedrich I. (Pfalz),프리드리히 1세 폰 데어 팔츠 선제후
Ernst Hartert,에른스트 하르테르트
Joel Matip,조엘 마티프
Carl Runge,카를 룽게
Jessica Schwarz,예시카 슈바르츠
Iris Berben,이리스 베르벤
Andrea Nahles,안드레아 날레스
Karl Grün (Journalist),카를 테오도어 페르디난트 그륀
Heinrich von Preußen (1862–1929),하인리히 폰 프로이센 왕자 (1862년)
Hans Spemann,한스 슈페만
Christoph Höhne,크리스토프 회네
"Albert Speer (Architekt, 1934)",알베르트 슈페어 (1934년)
Anja Kling,아냐 클링
Nicolette Krebitz,니콜레테 크레비츠
Gertrud von le Fort,게르트루트 폰 르포르
Stefano Celozzi,슈테파노 첼로치
"Wilhelm His (Mediziner, 1863)",빌헬름 히스 주니어
Roland Freisler,롤란트 프라이슬러
Thomas Kretschmann,토마스 크레치만
Hildegard Knef,힐데가르트 크네프
Tibor Pleiß,티보어 플라이스
Maximilian von Weichs,막시밀리안 폰 바이흐스
Michael Schenker,미하엘 쉥커
Wilhelm von Preußen (1882–1951),빌헬름 폰 프로이센 황태자
Christine Kaufmann,크리스티네 카우프만
Thomas Godoj,토마스 고도이
Katrin Sass,카트린 자스
Katja Flint,카차 플린트
Katharina Thalbach,카타리나 탈바흐
Mathieu Carrière,마티외 카리에
Alexander Klaws,알렉산더 클라우스
Emma zu Waldeck und Pyrmont,에마 추 발데크운트피르몬트
Gedeon Burkhard,게데온 부르크하르트
Karl Hanke,카를 항케
Alice Schwarzer,알리체 슈바르처
Karl Kaufmann (Gauleiter),카를 카우프만
Maria Anna von der Pfalz (1667–1740),마리아 아나 폰 팔츠노이부르크
Viktoria von Baden,바덴의 빅토리아
John Rabe,욘 라베
Viktoria von Hessen-Darmstadt,빅토리아 폰 헤센다름슈타트 대공녀
Andrea Sawatzki,안드레아 사바츠키
Heiko Gerber,하이코 게르버
Ulric Neisser,율릭 나이서
Ingrid Krämer-Gulbin,잉그리트 크레머
Fritz Feld,프리츠 펠드
Rolf Hoppe,롤프 호페
Bernhard Rust,베른하르트 루스트
Walter Röhrl,발터 뢰를
Udo Beyer,우도 바이어
Hans-Jürgen Stumpff,한스위르겐 슈툼프
Ruth Fischer,루트 피셔
Alexander Graf Lambsdorff,알렉산더 람프스도르프
Timo Boll,티모 볼
Arthur Nebe,아르투어 네베
Georg Dionysius Ehret,게오르크 에레트
Kathrin Neimke,카트린 나임케
Matthias Erzberger,마티아스 에르츠베르거
Theo Albrecht,테오 알브레히트
Gerald Götting,게랄트 괴팅
Patrick Hausding,파트리크 하우스딩
Franz Ningel,프란츠 닝겔
Marco Hofschneider,마르코 호프슈나이더
Kurt Neumann (Regisseur),커트 뉴먼
Klaus Nomi,클라우스 노미
Markus Schulz,마르쿠스 슐츠
Walter Schellenberg (SS-Mitglied),발터 셸렌베르크
Pascalina Lehnert,파스칼리나 레네르트
Walter Kaufmann (Philosoph),월터 카우프만 (철학자)
Isolda Dychauk,이졸다 뒤하우크
Kurt Raab,쿠르트 라프
Friedrich Paschen (Physiker),프리드리히 파셴
Fritz Wunderlich,프리츠 분더리히
Philipp Rösler,필리프 뢰슬러
Rolf Rendtorff,롤프 렌토르프
Otto Georg Thierack,오토 게오르크 티라크
Anna Maria Mühe,안나 마리아 뮈헤
Jens Keller,옌스 켈러
Günther Quandt,귄터 크반트
Josef Terboven,요제프 테르보펜
Brigitte Mohnhaupt,브리기테 몬하우프트
Horst Sindermann,호르스트 진더만
Annegret Richter,안네그레트 리히터
Karl Wolff (SS-Mitglied),카를 볼프
Ralf Rangnick,랄프 랑니크
Rudolf Kempe,루돌프 켐페
Heide Ecker-Rosendahl,하이데 로젠달
Rudolf Bayer (Informatiker),루돌프 바이어
Florian Henckel von Donnersmarck,플로리안 헨켈 폰 도너스마르크
Hans Henny Jahnn,한스 헤니 얀
Veronica Ferres,베로니카 페레스
Martin Dibelius,마르틴 디벨리우스
Waldemar Bonsels,발데마르 본젤스
Kostja Ullmann,코스차 울만
Ferdinand von Schirach,페르디난트 폰 시라흐
Fritz London,프리츠 론돈
Uwe Daßler,우베 다슬러
Paul Schäfer (Sektengründer),파울 셰퍼
Maxi Herber,막시 헤르버
Heinrich von Vietinghoff,하인리히 폰 피팅호프
Ilona Slupianek,일로나 슬루피아네크
Michael Greis,미하엘 그라이스
Jan Ullrich,얀 울리히
Manfred Rommel,만프레트 로멜
Eva Habermann,에바 하버만
Peter Schreier,페터 슈라이어
Carl Hilpert,카를 힐페르트
Hans Jacob Reissner,한스 라이스너
Sandra Hüller,잔드라 휠러
Michelle (Sängerin),미셸 (독일의 가수)
Horst Heldt,호르스트 헬트
Christian Ehrhoff,크리스티안 에어호프
Natalie Geisenberger,나탈리 가이젠베르거
Uwe Krupp,우베 크루프
Carl Severing,카를 제베링
Menahem Pressler,메나헴 프레슬러
Paul Moritz Warburg,폴 워버그
Ludwig VI. (Pfalz),루트비히 6세 폰 데어 팔츠 선제후
Jens Todt,옌스 토트
Guido Westerwelle,기도 베스터벨레
René Pape,르네 파페
Hans Conzelmann (Theologe),한스 콘젤만
Marvin Plattenhardt,마르빈 플라텐하르트
Ulli Lommel,울리 롬멜
Jasmin Tabatabai,야스민 타바타바이
Katrin Himmler,카트린 힘러
Kristina Bach,크리스티나 바흐
Else Lasker-Schüler,엘제 라스커쉴러
August Horch,아우구스트 호르히
Kamil Glik,카밀 글리크
Wilhelm Karl von Urach,빌헬름 카를 폰 우라흐 공작
Leo Geyr von Schweppenburg,레오 가이어 폰 슈베펜부르크 남작
Wilhelm Stuckart,빌헬름 슈투카르트
Otto Carius,오토 카리우스
Erich Köhler,에리히 쾰러
Bruno Streckenbach,브루노 슈트레켄바흐
Martin Chemnitz (Theologe),마르틴 켐니츠
Dea Loher,데아 로어
Tobias Sammet,토비아스 사멧
Julius Schreck,율리우스 시레크
Sebastian Koch,제바스티안 코흐
Heinrich Müller (Gestapo),하인리히 뮐러
Katarina Witt,카타리나 비트
Dimitrij Ovtcharov,디미트리 옵차로프
Claudia Leistner,클라우디아 라이슈트너
Robert Schwentke,로베르트 슈벤트케
Emil Schürer,에밀 쉬러
Ilse Koch,일제 코흐
Nicole Struse,니콜 슈트루제
Dieter Laser,디터 라저
Thomas Bach,토마스 바흐
André Schürrle,안드레 쉬를레
Daniel Brühl,다니엘 브륄
Ernst Röhm,에른스트 룀
Franz Müntefering,프란츠 뮌터페링
Moritz Bleibtreu,모리츠 블라이프트로이
Maria Schrader,마리아 슈라더
Ingrid Caven,잉그리드 카벤
Christoph Schubert (Eishockeyspieler),크리스토프 슈베르트 (아이스하키 선수)
Ernst Boris Chain,언스트 체인
Erik H. Erikson,에릭 에릭슨
Nora Tschirner,노라 치르너
Hans Hotter,한스 호터
Hans Fritzsche,한스 프리체
Karl Gebhardt,카를 게프하르트
Ernst August von Hannover (1954),에른스트 아우구스트 폰 하노버 (1954년)
David Kross,다비트 크로스
Holger Behrendt,홀거 베렌트
Natalia Wörner,나탈리아 뵈르너
Tobias Regner,토비아스 레그너
Walter Giller,발터 길러
Robert Ley,로베르트 라이
Hans Jürgen Eysenck,한스 아이젠크
Anton Dostler,안톤 도슈틀러
Friedrich August von Finck,프리드리히 아우구스트 폰 피흐
Cornelia Froboess,코르넬리아 프로뵈스
Friedrich Wilhelm Gotter,프리드리히 빌헬름 고터
Arthur Rudolph,아르투어 루돌프
Marcel Goc,마르셀 고치
Dedê,레오나르두 지 지우스 산투스
Juliane Köhler (Schauspielerin),율리아네 쾰러
Otto Braun,오토 브라운 (1872년)
Max August Zorn,막스 초른
Robert Förster,로베르트 푀르스터
Bettina Zimmermann,베티타 치머만
Martina Müller (Tennisspielerin),마르티나 뮐러 (테니스 선수)
Oskar Dirlewanger,오스카르 디를레방거
Günther Rall,귄터 랄
Marco Sturm,마르코 슈투름
Thomas Nipperdey,토마스 니퍼다이
Alexander Beyer,알렉산더 바이어
Wolfgang Borchert,볼프강 보르헤르트
Heinz Linge,하인츠 링에
Arthur Scherbius,아르투르 슈르비우스
Andreas Krieger,안드레아스 크리거
Simone Laudehr,지모네 라우더
Daniel Fridman,다니엘 프리드만
Margit Carstensen,마르기트 카르스텐센
Kurt Symanzik,쿠르트 쥐만치크
Gerd von Rundstedt,게르트 폰 룬트슈테트
Karl-Otto Apel,카를오토 아펠
Simone Hauswald,지모네 하우스발트
Jens Voigt,옌스 포이크트
Hans Georg Dehmelt,한스 게오르크 데멜트
Anton Malloth,안톤 말로트
Johann Georg (Brandenburg-Jägerndorf),브란덴부르크 변경백 요한 게오르크
Hans Hermann von Katte,한스 헤르만 폰 카테
Maik Bullmann,마이크 불만
Serge Gnabry,세르주 그나브리
Robert Alexy,로베르트 알렉시
Hans-Wilhelm Müller-Wohlfahrt,한스빌헬름 뮐러볼파르트
Per Mertesacker,페어 메르테자커
Mark Keller (Schauspieler),마르크 켈러
Ole Bischof,올레 비쇼프
Wilhelm Ritter von Leeb,빌헬름 폰 레프 기사
Robin Szolkowy,로빈 숄코비
Doris Schröder-Köpf,도리스 슈뢰더쾨프
Fedor von Bock,페도어 폰 보크
Walter Model,발터 모델
Heinz Guderian,하인츠 구데리안
Anni Friesinger-Postma,아니 프리징거포스트마
Hartwig Gauder,하르트비히 가우더
Hannah Arendt,한나 아렌트
Herbert Marcuse,헤르베르트 마르쿠제
Gottlob Frege,고틀로프 프레게
Stephan Schröck,슈테판 슈뢰크
Theo Jörgensmann,테오 요르겐스만
Udo Dirkschneider,우도 디르크슈나이더
Babett Peter,바베트 페터
Hans Denck,한스 뎅크
Heidi Klum,하이디 클룸
Albert Speer,알베르트 슈페어
Gerhard Ertl,게르하르트 에르틀
Gabriel Heinze,가브리엘 에인세
Sarah Connor,사라 코너
Arne Friedrich,아르네 프리드리히
Sibel Kekilli,지벨 케킬리
Peter Gay,피터 게이
Christian Petzold (Regisseur),크리스티안 페촐트
Frank Giering,프랑크 기링
Lutz Heßlich,루츠 헤슬리히
Ulrich Matthes,울리히 마테스
Pasquale Passarelli,파스쿠알레 파사렐리
Rolf Carls,롤프 카를스
David Katz (Psychologe),데이비드 카츠
Ernst Jacobi,에른스트 야코비
Hans Frank,한스 프랑크
Konrad Zuse,콘라트 추제
Otto von Guericke,오토 폰 게리케
Marcel Schlutt,마르셀 슐루트
Irma Grese,이르마 그레제
Serdar Taşçı,세르다르 타쉬츠
André Hennicke,안드레 헤니케
Oswald Mathias Ungers,오스발트 마티아스 웅거스
Otto Friedrich Bollnow,오토 볼노브
Paul Panzer (Schauspieler),폴 팬저
Bruno Richard Hauptmann,리처드 하우프트먼
Bernhard von Bülow,베른하르트 폰 뷜로
Günter Blobel,권터 블로벨
Roland Emmerich,롤란트 에머리히
Gerhard Ebeling,게하르트 에벨링
Michael Gwisdek,미하엘 그비스데크
Manuela Schwesig,마누엘라 슈베지히
Carlo Ljubek,카를로 류베크
Max Amann (Politiker),막스 아만
Christian Träsch,크리스티안 트레슈
Eckhart Tolle,에크하르트 톨레
Franz Pfnür,프란츠 프뉘어
Hermann Scherchen,헤르만 셰르헨
Ernst Kretschmer,에른스트 크레치머
Conrad Schumann,콘라트 슈만
Aby Warburg,아비 바르부르크
Roberto Hilbert,로베르토 힐버트
Britta Heidemann,브리타 하이데만
Alfred Einstein,알프레트 아인슈타인
Julia Jentsch,율리아 옌치
Assani Lukimya,아사니 루키미아물롱고티
Leo Weisgerber,레오 바이스게르버
Frederick Lau,프레더릭 라우
Dietrich Eckart,디트리히 에카르트
Wilhelm Backhaus,빌헬름 박하우스
Alexander von Kluck,알렉산데르 폰 클루크
Wolf Kahler,볼프 칼러
Lou Bega,루 베가
Paul Biedermann,파울 비더만
Jürgen Moltmann,위르겐 몰트만
Wilhelm Herrmann,빌헬름 헤르만
Carlo Schmid,카를로 슈미트
Gunda Niemann-Stirnemann,군다 니만슈티르네만
Ernst Troeltsch,에른스트 트뢸치
Karl Korsch,카를 코르슈
Erhard Heiden,에르하르트 하이덴
Herbert Norkus,헤르베르트 노르쿠스
Günter Litfin,귄터 리트핀
Anja Mittag,아냐 미타크
Theodor Weißenberger,테오도어 바이센베르거
Kurt Heegner,쿠르트 헤그너
Adam Bousdoukos,아담 부스두코스
Thanos Petsos,타노스 페초스
Klaus Löwitsch,클라우스 뢰비치
Charlotte Bühler,샤를로테 뷜러
Julius Curtius (Politiker),율리우스 쿠르티우스
Hans Conon von der Gabelentz,한스 코논 폰 데어 가벨렌츠
Sig Ruman,지그 루만
Karl Hessenberg,카를 헤센베르크
Anita Pallenberg,아니타 팔렌버그
Lotte Lehmann,로테 레만
Gustav Herglotz,구스타프 헤르글로츠
Josef Bühler,요제프 뷜러
Dieter Hecking,디터 헤킹
Hannes Messemer,하네스 메세머
Sabrina Setlur,사브리나 세트루어
Ingrid Auerswald,잉그리트 아우어스발트
Philipp Bouhler,필리프 보울러
Rosel Zech,로젤 제크
Sebastian Rudy,제바스티안 루디
Bibiana Steinhaus,비비아나 슈타인하우스
Sven Ulreich,스벤 울라이히
Matthias Habich,마티아스 하비흐
Manfred Schnelldorfer,만프레트 슈넬도르퍼
Philipp Plein,필립 플레인
"Josef Müller (Politiker, 1898)",요제프 뮐러
Josef Straßberger (Gewichtheber),요제프 슈트라스베르거
Martin Harnik,마르틴 하르니크
Erich Koch,에리히 코흐
Heino Ferch,하이노 페르히
Nina Schenk Gräfin von Stauffenberg,니나 솅크 그래핀 폰 슈타우펜베르크
Hans Ehard,한스 에하르트
Heinz Günther Guderian,하인츠 귄터 구데리안
Ralf Bißdorf,랄프 비스도르프
Sebastian Urzendowsky,제바스티안 우르첸도프스키
Jakob Wassermann,야코프 바서만
Ernst-Robert Grawitz,에른스트로베르트 그라비츠
Danny Schwarz,대니 슈바르츠
Michael Verhoeven,미하엘 페어회벤
Karl Del’Haye,카를 델하예
Lothar von Richthofen,로타르 폰 리히트호펜 남작
Elke Schall-Süß,엘케 샬
Franz Ritter von Epp,프란츠 폰 에프 기사
Joseph Berchtold,요제프 베르히톨트
Kurt Sanderling,쿠르트 잔덜링
Günter Guillaume,귄터 기욤
Viktor Brack,빅토어 브라크
Peter Högl,페터 회글
Willy Fritsch,빌리 프리치
Georg Kaiser,게오르크 카이저
Wolfgang Iser,볼프강 이저
Christian Tramitz,크리스티안 트라미츠
Dieter Hoeneß,디터 회네스
Thomas Luckmann,토마스 루크만
"Dieter Müller (Fußballspieler, 1954)",디터 뮐러
Karl-Heinz Schnellinger,카를하인츠 슈넬링거
Tilly Fleischer,틸리 플라이셔
Alfred Müller-Armack,알프레드 뮐러 아르막
Johann Baptist Metz,요한 밥티스트 메츠
Hilde Schramm,힐데 슈람
Johannes Piscator,요한 피스카토르
Max Riemelt,막스 리멜트
Sylvester Groth,질베스터 그로트
Jennifer Ulrich,예니퍼 울리히
Heinrich Khunrath,하인리히 쿤라트
Xenia Seeberg,크세니아 제베르크
Nadine Keßler,나딘 케슬러
Rick Kavanian,릭 카바니안
Albrecht Mayer,알브레히트 마이어
Karl Bartos,카를 바르토스
Joseph Süß Oppenheimer,요제프 쥐스 오펜하이머
Horst Buchholz,호르스트 부흐홀츠
Thomas Strunz,토마스 슈트룬츠
Wilhelm Gliese,빌헬름 글리제
Edgar Feuchtinger,에트가어 포이흐팅거
Albert Bormann,알베르트 보어만
Georg-Hans Reinhardt,게오르크한스 라인하르트
Walter Dornberger,발터 도른베르거
Oka Nikolov,오카 니콜로프
Oksana Chusovitina,옥사나 추소비티나
Artur Axmann,아르투어 악스만
Christian Ulmen,크리스티안 울멘
Dagmar Lurz,다그마 루르츠
Dieter Hallervorden,디터 할러포르덴
Oliver Hirschbiegel,올리버 히르슈비겔
Georg Gänswein,게오르크 겐스바인
Alexander Kluge,알렉산더 클루게
Ute Lemper,우테 렘퍼
Arno Holz,아르노 홀츠
Frei Otto,프라이 오토
Norbert Haug,노르베르트 하우크
Martina Hellmann,마르티나 헬만
"Wolfgang Becker (Regisseur, 1954)",볼프강 베커
Astrid Kumbernuss,아스트리트 쿰베르누스
Charles P. Steinmetz,찰스 프로테우스 스타인메츠
Benno Fürmann,벤노 퓌만
Irmgard Seefried,이름가르트 제프리트
Adolf Friedrich zu Mecklenburg,아돌프 프리드리히 추 메클렌부르크 대공자
Günter Behnisch,귄터 베니슈
Dietrich Bonhoeffer,디트리히 본회퍼
Hugo von Seeliger,휴고 폰 젤리거
Philipp Melanchthon,필리프 멜란히톤
Felix Loch,펠릭스 로흐
Ferdinand Alexander Porsche,페르디난트 알렉산더 포르셰
Wilhelm Mohnke,빌헬름 몽케
Boris Becker,보리스 베커
Rudolf Bultmann,루돌프 불트만
Yıldıray Baştürk,이을드라이 바쉬튀르크
Nikolaus Ludwig von Zinzendorf,니콜라우스 루트비히 폰 친첸도르프
Martin Eichler,마르틴 아이클러
Valeska Gert,발레스카 거트
Gordon M. Gollob,고르돈 골로프
Helmut Rahn,헬무트 란
Volker Wieker,폴커 비커
Otto Schniewind (Admiral),오토 슈니빈트
Elga Andersen,엘가 앤더슨
Franz Ludwig Schenk Graf von Stauffenberg,프란츠루트비히 솅크 그라프 폰 슈타우펜베르크
Charles Bukowski,찰스 부코스키
Otto von Habsburg,오토 폰 합스부르크 대공
Katja Kipping,카탸 키핑
Philipp von Hessen (Politiker),필립 폰 헤센
Helene zu Waldeck und Pyrmont,헬레네 추 발데크운트피르몬트
Holger Meins,홀거 마인스
Axel Honneth,악셀 호네트
Martin Kaymer,마르틴 카이머
Albrecht II. Alcibiades,알브레히트 2세 알키비아데스
Peter Berling,페터 베를링
Hans-Georg Gadamer,한스게오르크 가다머
Christoph Eschenbach,크리스토프 에셴바흐
Christian Thielemann,크리스티안 틸레만
Joachim Fuchsberger,요아힘 푹스베르거
Wilhelm Keitel,빌헬름 카이텔
Hans Zimmer,한스 치머
Mehmet Kurtuluş,메멧 쿠투루스
Jürgen Habermas,위르겐 하버마스
Ingo Naujoks,잉고 나우욕스
Ellen Allien,엘렌 알리엔
Emmy Göring,에미 괴링
Dennis Gansel,데니스 간젤
Dieter Baumann,디터 바우만
Ursula von der Leyen,우르줄라 폰데어라이엔
Ricarda Huch,리카르다 후흐
Otto Schily,오토 실리
Petra Felke,페트라 펠케
Matthias Schweighöfer,마티아스 슈바이크회퍼
Heinrich Ratjen,도라 라첸
Fritz Schäffer,프리츠 셰퍼
Armin Laschet,아르민 라셰트
Georg Niedermeier,게오르크 니더마이어
Mehmet Ekici,메흐메트 에키지
Tunay Torun,투나이 토룬
Rolf Hochhuth,롤프 호흐후트
Hans Grodotzki,한스 그로도츠키
Ria Baran,리아 바란
Jakob Michael Reinhold Lenz,야코프 미하엘 라인홀트 렌츠
Karl-Josef Rauber,카를요제프 라우버
Michael Habeck,미하엘 하베크
Rolf Milser,롤프 밀저
Ulrike Folkerts,율리크 폴커츠
Dieter Rams,디터 람스
Alfred Andersch,알프레트 안더슈
Heinz Harmel,하인츠 하르멜
Fritz Straßmann,프리츠 슈트라스만
Carl Philipp Emanuel Bach,카를 필리프 에마누엘 바흐
Hans Zender,한스 첸더
Erich Klausener,에리히 클라우제너
Karin Büttner-Janz,카린 얀츠
Johann Samuel König,요한 사무엘 쾨니히
Olivia Pascal,올리비아 파스칼
Nadja Uhl,나디아 울
Günter Eich,귄터 아이히
Heinz Rühmann,하인츠 뤼만
Engelbert I. von Köln,엥엘베르트 1세
Fritz von Unruh,프리츠 폰 운루
Otto Wöhler,오토 뵐러
Gerhard von Rad,게르하르트 폰 라트
Sascha Klein,자샤 클라인
Herbert Knaup,헤르베르트 크나우프
Alfred Zeisler,알프레드 자이슬러
Theodor Steltzer,테오도어 슈텔처
"Karl Mayr (Politiker, 1883)",카를 마이어
Berthold Maria Schenk Graf von Stauffenberg,베르톨트 마리아 솅크 그라프 폰 슈타우펜베르크
Magdalena Neuner,마그달레나 노이너
Eberhard von Mackensen,에버하르트 폰 마켄젠
Henrich Focke,하인리히 포케
Jan Frodeno,얀 프로데노
Barbara Sukowa,바르바라 수코바
Rainer Maria Rilke,라이너 마리아 릴케
Johannes Volkelt,요하네스 폴켈트
Johann Pachelbel,요한 파헬벨
Martin Bormann junior,마르틴 아돌프 보어만
Adolf Bestelmeyer,아돌프 베스텔마이어
Karl Dönitz,카를 되니츠
Edmund Heines,에드문트 하이네스
Wilhelm Koppe,빌헬름 코페
Stefan Leko,스테판 레코
Florian Lukas,플로리안 루카스
Ernst Käsemann,에른스트 케제만
Kurt Eisner,쿠르트 아이스너
Agnes Bernauer,아그네스 베르나우어
Wilhelm Brückner,빌헬름 브뤼크너
Heinrich Eberbach,하인리히 에버바흐
Martin Schwarzschild,마르틴 슈바르츠실트
Werner Kempf (General),베르너 켐프
Bernhard Vogel (Ministerpräsident),베른하르트 포겔
Hans Joachim Schellnhuber,한스 요아힘 셸른후버
Wolfgang Ketterle,볼프강 케털리
Walther Bothe,발터 보테
Heinrich Mann,하인리히 만
Kirsten Dunst,커스틴 던스트
Marco Pezzaiuoli,마르코 페차이올리
Johann Conrad Dannhauer,요한 콘라트 단하우어
Georg Grozer junior,게오르크 그로처
Dietmar Lorenz (Judoka),디트마어 로렌츠
Günther Bornkamm,귄터 보른캄
Martin Opitz,마르틴 오피츠
Lilli Palmer,릴리 팔머
Heinrich von Brentano,하인리히 폰 브렌타노
Werner Kohlmeyer,베르너 콜마이어
Michael Ende,미하엘 엔데
Nicolai Hartmann,니콜라이 하르트만
Karl Jaspers,카를 야스퍼스
Simon Verhoeven,지몬 페어회벤
Marquard Sebastian Schenk von Stauffenberg,마르크바르트 제바스티안 솅크 폰 슈타우펜베르크
Henriette von Schirach,헨리에테 폰 시라흐
Kim Petras,킴 페트라스
Fritz Bayerlein (Generalleutnant),프리츠 바이에를라인
Erwin Piscator,에르빈 피스카토어
Alexander Gottlieb Baumgarten,알렉산데르 고트리프 바움가르텐
Alfred Weber,알프레트 베버
Judith Hermann,유디트 헤르만
"Wilhelm Adam (General, 1877)",빌헬름 아담 (1877년)
Jens Spahn,옌스 슈판
Richard Sammel,리하르트 자멜
Irm Hermann,임 허만
Heinz Hopf,하인츠 호프
Christian Berkel,크리스티안 베르켈
Hermann Oberth,헤르만 오베르트
Romy Schneider,로미 슈나이더
Paul Augustin Mayer,파울 아우구스틴 마이어
Wilhelm Ackermann (Mathematiker),빌헬름 아커만
Max Scheler,막스 셸러
Ernst Friedrich Schumacher,에른스트 프리드리히 슈마허
Peter Fox,피터 폭스 (음악가)
Heinz Hilpert,하인츠 힐페르트
Jan Niklas,얀 니클라스
Walter Gieseking,발터 기제킹
Rani Khedira,라니 케디라
Johann Bayer (Astronom),요한 바이어
Manfred Zapatka,만프레트 차파트카
Richard Courant,리하르트 쿠란트
Felix Neureuther,펠릭스 노이로이터
Ernst Deutsch,에른스트 도이치
Horst Mahler,호르스트 말러
Stefan Heym,슈테판 하임
Kurt Gerstein,쿠르트 게르슈타인
Hans Joachim Pabst von Ohain,한스 폰 오하인
Ulrike Meinhof,울리케 마인호프
Tony Martin (Radsportler),토니 마르틴
Meister Eckhart,마이스터 에크하르트
Susanne Lothar,주자네 로타어
Ferry Porsche,페리 포르셰
Elyas M’Barek,엘리아스 음바레크
Fritz Kater,프리츠 카터
Kurt Student,쿠르트 슈투덴트
Nico Hülkenberg,니코 휠켄베르크
Erich Kästner,에리히 케스트너
Alexander Granach,알렉산더 그라나흐
Margarete Schütte-Lihotzky,마가레테 쉬테-리호츠키
Winfried Kretschmann,빈프리트 크레치만
Olaf Scholz,올라프 숄츠
Arno Breker,아르노 브레커
Klaus Teuber,클라우스 토이버
Wassily Kandinsky,바실리 칸딘스키
Augustin Bea,아우구스틴 베아
Karoline Herfurth,카롤리네 헤르푸르트
Manfred Eigen,만프레트 아이겐
Bernhard Wicki,베른하르트 비키
Gerhard Herzberg,게르하르트 헤르츠베르크
Hans Fischer (Chemiker),한스 피셔
Eugen Dühring,카를 뒤링
Max Dessoir,막스 데소이어
Hans Delbrück,한스 델브뤼크
Elisabeth Trissenaar,엘리자베스 트리센나
Heinrich Cornelius Agrippa von Nettesheim,하인리히 코르넬리우스 아그리파 폰 네테스하임
Kurt Alder,쿠르트 알더
Robin Knoche,로빈 크노헤
Eva Mattes,에바 마테스
Karl Kautsky,카를 카우츠키
Richard Dehmel,리하르트 데멜
Johann Deisenhofer,요한 다이젠호퍼
Miroslav Klose,미로슬라프 클로제
Ralf Moeller,랄프 묄러
Oskar Barnack,오스카 바르낙
Fritz Gerlich,프리츠 게를리히
Walther Nehring,발터 네링
Mesut Özil,메수트 외질
Wilhelm Redieß,빌헬름 레디스
Joseph Keilberth,요제프 카일베르트
Wilhelm Schepmann,빌헬름 셰프만
Adolf Strauß,아돌프 슈트라우스
Bernhard von Sachsen-Weimar,베른하르트 폰 작센바이마르
Percy Adlon,퍼시 아들론
Friedrich Bergius,프리드리히 베르기우스
Hans von Euler-Chelpin,한스 폰 오일러켈핀
Otto Diels,오토 딜스
Jürgen Klopp,위르겐 클로프
Stephan Engels,슈테판 엥겔스
Walter Gropius,발터 그로피우스
Sebastian Jung,제바스티안 융
Hermann Prey,헤르만 프라이
Sebastian Münster,제바스티안 뮌스터
Karl August Wittfogel,카를 아우구스트 비트포겔
Carl Friedländer,카를 프리들란더
Luigi Colani,루이지 꼴라니
Hilde Gerg,힐데 게르크
Josef Bierbichler,요제프 비어비흘러
Eduard Spranger,에두아르트 슈프랑어
Ludwig Crüwell,루트비히 크뤼벨
Karl-Wilhelm von Schlieben,카를빌헬름 폰 슐리벤
Karl Ziegler,카를 치글러
Robert Huber,로베르트 후버
Alfred Naujocks,알프레트 나우요크스
Otto Strasser,오토 슈트라서
Karl Böhm,카를 뵘
Ingo Steinhöfel,잉고 슈타인회펠
Peter Hacks,페터 학스
Wolfgang Sawallisch,볼프강 자발리슈
Friedrich Hund,프리드리히 훈트
Frank-Walter Steinmeier,프랑크발터 슈타인마이어
Barnaby Metschurat,바르나비 메추라트
Angela Schanelec,앙겔라 샤넬레크
Jo Weil,요 바일
Eva Padberg,에바 파트베르크
Ossi Oswalda,오시 오스발다
Birthe Wolter,비르데 볼터
Klaus Tennstedt,클라우스 텐슈테트
Devid Striesow,데비드 슈트리조
Nadja Auermann,나댜 아우어만
Baki Davrak,바키 다브렉
Markus Babbel,마르쿠스 바벨
Hermann Amandus Schwarz,헤르만 아만두스 슈바르츠
Petra Kelly,페트라 켈리
Melitta Bentz,멜리타 벤츠
Greta Schröder,그레타 슈뢰더
Christoph Daum,크리스토프 다움
Dietrich von Choltitz,디트리히 폰 콜티츠
Otto Braun (Parteifunktionär),오토 브라운 (1900년)
Fredi Bobic,프레디 보비치
Hans-Hermann Hoppe,한스헤르만 호페
Christian Gentner,크리스티안 겐트너
Felix Hoffmann (Chemiker),펠릭스 호프만
Laura Berlin,로라 베를린
Andrea Berg,안드레아 베르크
Ludwig Prandtl,루트비히 프란틀
Georg Bednorz,요하네스 게오르크 베드노르츠
Nastassja Kinski,나스타샤 킨스키
Franz Rosenzweig,프란츠 로젠츠바이크
Max Wolf,막스 볼프
Matthias Koeberlin,마티아스 쾨베를린
Bahar Kizil,바하르 크즐
Alexander Schenk Graf von Stauffenberg,알렉산더 솅크 그라프 폰 슈타우펜베르크
Bernhard Schlink,베른하르트 슐링크
Jawed Karim,자베드 카림
Nina Hoss,니나 호스
Hermann Graf,헤르만 그라프
Karl Lagerfeld,카를 라거펠트
Claudia Schiffer,클라우디아 시퍼
Gisela Hahn,기젤라 한
Franz Schafheitlin,프란츠 샤프하이틀린
Malu Dreyer,말루 드라이어
Elisabeth Schüssler Fiorenza,엘리자베스 쉬슬러 피오렌자
Hans Robert Jauß,한스 로베르트 야우스
Gustaf Gründgens,구스타프 그뤼드겐스
Johannes Rydzek,요하네스 뤼트체크
Moritz von Sachsen (1696–1750),모리스 드 삭스
Reinhart Koselleck,라인하르트 코젤레크
Johann der Beständige,요한 폰 작센 선제후
Anton Raphael Mengs,안톤 라파엘 멩스
Ernst Jünger,에른스트 윙어
Peter Behrens,페터 베렌스
Adam Schall von Bell,요한 아담 샬 폰 벨
Erich Mendelsohn,에리히 멘델손
Horst Janson,호르스트 얀존
Mario Adorf,마리오 아도르프
Senna Gammour,세나 그무르
Karl Haushofer,카를 하우스호퍼
Karl Richter (Musiker),칼 리히터
Peter Fechter,페터 페흐터
Suzanne von Borsody,수잔 본 보소디
Fabian Hambüchen,파비안 함뷔헨
Johanna Wokalek,요하나 보칼레크
Armin Veh,아어민 페
Richard Kroner,리처드 크로너
Johann Tetzel,요한 테첼
Baldur von Schirach,발두어 폰 시라흐
Friederike von Hannover,프레데리케 폰 하노버
Uwe Boll,우베 볼
Jürgen Prochnow,위르겐 프로흐노
Edith Stein,에디트 슈타인
Beno Gutenberg,베노 구텐베르크
Tim Borowski,팀 보로프스키
Adolf Dassler,아돌프 다슬러
Klaus Schwab,클라우스 슈바프
Alfred Bucherer,알프레드 부헤러
Matthias Ettrich,마티아스 에트리히
Gerd Binnig,게르트 비니히
Max Delbrück (Biophysiker),막스 델브뤼크
Lothar Wolleh,로타르 볼레
Jürgen Ehlers (Physiker),위르겐 엘러스
Heinrich II. (Braunschweig-Wolfenbüttel),하인리히 5세 폰 브라운슈바이크뤼네부르크 공작
Brigitte Helm,브리짓 헴
Karl Mannheim,카를 만하임
Max Horkheimer,막스 호르크하이머
Waldemar Fegelein,발데마르 페겔라인
Johann Georg Faust,요한 게오르크 파우스트
Karl-Theodor zu Guttenberg,카를테오도어 추 구텐베르크
Petra Dallmann,페트라 달만
Gottfried Böhm,고트프리트 뵘
Philipp Boy,필리프 보이
Frank Appel,프랑크 아펠
Carl Zuckmayer,카를 추크마이어
Christoph Waltz,크리스토프 발츠
Hans Werner Henze,한스 베르너 헨체
Albrecht Alt,알브레흐트 알트
Monika Sozanska,모니카 조찬스카
Wolfhart Pannenberg,볼프하르트 판넨베르크
Julian Schieber,율리안 쉬버
Tobias Schenke,토비아스 솅케
Martin Lanig,마틴 라니히
Sami Allagui,사미 알라구이
Florian David Fitz,플로리안 다비트 피츠
Franz Boas,프란츠 보아스
Marcel Nguyen,마르셀 응우옌
Mohamed Zidan,무함마드 지단
Andreas Baader,안드레아스 바더
Rudolf von Sebottendorf,아담 알프레트 루돌프 글라우어
Otto Kumm,오토 쿰
Dieter Althaus,디터 알트하우스
Conrad Böcker,콘라트 뵈커
Wilhelm Frick,빌헬름 프리크
Dieter Bohlen,디터 볼렌
August von Mackensen,아우구스트 폰 마켄젠
Eberhard Jüngel,에베하르드 융엘
Johannes Steinhoff,요하네스 슈타인호프
Gert Fröbe,게르트 프뢰베
W. G. Sebald,W. G. 제발트
Hans Werner Richter,한스 베르너 리히터
Ralf Dahrendorf,랄프 다렌도르프
Augusta von Sachsen-Gotha-Altenburg,아우구스타 폰 작센고타알텐부르크 공녀
Bernd Kannenberg,베른트 카넨베르크
Gottfried John,고트프리트 욘
Karl Löwith,카를 뢰비트
Heinrich Rickert (Philosoph),하인리히 리케르트
Briana Banks,브리애나 뱅크스
August Sander,아우구스트 잔더
Herta Oberheuser,헤르타 오버호이저
Jakob Böhme,야코프 뵈메
Herbert Seifert,헤르베르트 자이페르트
Curt Lowens,커트 로웬스
Ernst von Wolzogen,에른스트 폰 볼초겐
Bernd Brunnhofer,베른트 브룬호퍼
Emilia Schüle,에밀리아 슐레
Norbert Elias,노르베르트 엘리아스
ATB (DJ),ATB (음악가)
Rudolf Höß,루돌프 회스
Selma Ergeç,셀마 에르게치
Michael Cretu,마이클 크레투
Sylvia Nasar,실비아 나사르
Julius Streicher,율리우스 슈트라이허
Ben (Sänger),벤 (독일의 가수)
Mayer Amschel Rothschild,마이어 암셀 로트실트
Maria Antonia von Bayern,마리아 안토니아 폰 바이에른
Helmuth Rilling,헬무트 릴링
Gökhan Töre,괴크한 퇴레
Mirko Slomka,미르코 슬롬카
Rudolf Heß,루돌프 헤스
Tomasz Wałdoch,토마시 바우도흐
Moses Mendelssohn,모제스 멘델스존
Fritz Fischer (Mediziner),프리츠 피셔 (의사)
Wilhelm Wundt,빌헬름 분트
Walter Gotell,발터 고텔
Nico Rosberg,니코 로스베르크
Dietrich Fischer-Dieskau,디트리히 피셔디스카우
Karl Wilhelm Reinmuth,카를 빌헬름 라인무트
Simon Grynaeus,사이먼 그리네우스
Anke Engelke,앙케 엥겔케
Paul van Dyk,파울 반 디크
Udo Kier,우도 키어
Hermann Simon (Manager),헤르만 지몬
Jürgen Neukirch,위르겐 노이키르히
Felix Wankel,펠릭스 방켈
Karl Brugmann,카를 브루크만
Clara Zetkin,클라라 체트킨
Thomas Jahn (Filmregisseur),토마스 얀
Meryem Uzerli,메리엠 우제를리
Richard Kruspe,리하르트 크루스페
Oceana (Sängerin),오세아나 (가수)
Arnold Gehlen,아르놀트 겔렌
Fatih Akin,파티흐 아킨
C. C. Catch,C. C. 캐치
Harald zur Hausen,하랄트 추어 하우젠
Bert Sakmann,베르트 자크만
Arnold Sommerfeld,아르놀트 조머펠트
Uwe Johnson,우베 욘존
Rosi Mittermaier,로지 미터마이어
Maren Eggert,마렌 에거트
Lilli Lehmann,릴리 레만
Uwe Timm,우베 팀
Hans Speidel (General),한스 슈파이델
Nuri Şahin,누리 샤힌
Lena Goeßling,레나 괴슬링
Klaus Barbie,클라우스 바르비
Fritz Sauckel,프리츠 자우켈
Karl Brandt (Mediziner),카를 브란트
Herbert Wehner,헤르베르트 베너
Hartmut Michel,하르트무트 미헬
Katharina Schmid,카타리나 슈미트
Friedrich von Huene,프리드리히 폰 후에네
Detlef Schrempf,데틀레프 슈렘프
Christian Oliver,크리스티안 올리버
Cosma Shiva Hagen,코스마 시바 하겐
Fritz Albert Lipmann,프리츠 앨버트 리프만
Max Schmeling,막스 슈멜링
Ludwig Stumpfegger,루트비히 슈툼페거
Oliver Grau,올리버 그라우
Reinhold Mack,라인홀트 맥
Johanna Quandt,요한나 크반트
Karl Liebknecht,카를 리프크네히트
Rudolf Martin (Schauspieler),루돌프 마틴
Kurt Lewin,쿠르트 레빈
Ernst Heinkel,에른스트 하인켈
Carl Ludwig Siegel,카를 루트비히 지겔
Hans Münch (Mediziner),한스 뮌히
Christian Lindner,크리스티안 린트너
Adolf Windaus,아돌프 오토 라인홀트 빈다우스
Gerd Faltings,게르트 팔팅스
Robert von Greim,로베르트 리터 폰 그라임
Matthäus Zell,마테우스 젤
Richard Röstel,리하르트 뢰스텔
Walther Meißner,발터 마이스너
Erwin Neher,에르빈 네어
Mary Wigman,마리 비그만
Wilhelm Maybach,빌헬름 마이바흐
Theobald von Bethmann Hollweg,테오발트 폰 베트만홀베크
Kati Wilhelm,카티 빌헬름
Julie Engelbrecht,줄리 엥겔브레히트
Gustav Landauer,구스타프 란다우어
Max Dehn,막스 덴
Rudolf Peierls,루돌프 파이얼스
Kurt Hensel,쿠르트 헨젤
Friedrich Hirzebruch,프리드리히 히르체브루흐
Thomas Anders,토마스 안더스
Leo Strauss,레오 스트라우스
Carl Schmitt,카를 슈미트
Tilemann Hesshus,틸레만 헤수시우스
Pascual Jordan,파스쿠알 요르단
Carl Brandan Mollweide,카를 몰바이데
Helmut Hasse,헬무트 하세
Ermin Bičakčić,에르민 비착치치
Georg Wittig,게오르크 비티히
Hugo Meurer,후고 모이러
Hans Joachim Morgenthau,한스 모건소
Boris Kerner,보리스 커너
Julia Klöckner,율리아 클뢰크너
Alice Orlowski,알리체 오를로브슈키
Otto Loewi,오토 뢰비
Christiane Nüsslein-Volhard,크리스티아네 뉘슬라인폴하르트
Angelique Kerber,안젤리크 케르버
Wilhelm Cuno,빌헬름 쿠노
Annika Beck,아니카 베크
Constantin Fehrenbach,콘스탄틴 페렌바흐
August Vilmar,아우구스트 프리드리히 크리스티안 빌마르
Georges J. F. Köhler,게오르게스 J. F. 쾰러
Wilhelm Marx,빌헬름 마르크스
Emil Jannings,에밀 야닝스
Maria Simon,마리아 지몬
Manfred Weber (Politiker),만프레트 베버
Silke Bodenbender,질케 보덴벤더
Ernst David Bergmann,에른스트 데이비드 버그만
Nicolas Berggruen,니콜라스 베르그루엔
O. E. Hasse,O. E. 하세
Wolfgang Stumph,볼프강 슈툼프
Horst Schnellhardt,호르스트 슈넬하르트
Lothar III. (HRR),로타르 3세
Fons Matthias Hickmann,폰스 히크만
Petra Pau,페트라 파우
Sahra Wagenknecht,자라 바겐크네히트
Otto Wernicke,오토 베르니케
Janosch,야노쉬
Otto Grotewohl,오토 그로테볼
Ferdy Mayne,페르디 마이네
Jie Schöpp,제 쇼프
Kai Wiesinger,카이 비징거
Julia Fischer (Geigerin),율리아 피셔
Michael Mendl,미하엘 멘들
Franz-Benno Delonge,프란츠베노 델롱게
Georg Elser,게오르크 엘저
Friedrich III. (Sachsen),프리드리히 3세 폰 작센 선제후
Johannes Bugenhagen,요하네스 부겐하겐
LaFee,라피 (가수)
Heinrich Heppe,하인리히 헤페
Karl Fritzsch,카를 프리츠슈
Regina von Sachsen-Meiningen,레기나 폰 작센마이닝겐
Maria Josepha von Bayern,마리아 요제파 폰 바이에른 공녀
Hardy Krüger,하르디 크뤼거
Waldemar Kobus,발데마르 코부스
Guido Buchwald,기도 부흐발트
Helmut Jahn (Architekt),헬무트 얀
Carl Gottfried Neumann,카를 노이만
Heinz Reincke,하인츠 라인케
Leopold von Wiese,레오폴트 폰 비제
Klaus Koch (Theologe),클라우스 코흐
Peter Joppich,페터 요피히
Paul Hector Mair,파울루스 헥토르 마이어
Abdul Ahad Momand,압둘 아하드 모만드
Rangin Dadfar Spanta,랑긴 다드파르 스판타
Benjamin Kleibrink,베냐민 클라이브링크
Johann Liechtenauer,요하네스 리히테나워
Christine Lieberknecht,크리스티네 리베르크네히트
Michael Kessler,미하엘 케슬러
Wolfgang Heinz (Schauspieler),볼프강 하인츠
Oskar Morgenstern,오스카르 모르겐슈테른
Florian Geyer,플로리안 가이어 폰 기벨슈타트
Marianne Koch,마리안느 코흐
Hans Peter Hallwachs,한스 피터 홀워치
Geoffrey Rudolph Elton,제프리 엘턴
Doris Kunstmann,도리스 컨스트먼
Stefan Hell,슈테판 헬
Helmut Losch,헬무트 로슈
Aniela Jaffé,아니엘라 야페
Carl Joachim Friedrich,칼 조아킴 프리드릭
Julia Stegner,율리아 슈테그너
Lena Gercke,레나 게르케
Dagmar Lassander,다그머 라샌더
André Weßels,안드레 베셀스
Ingrid van Bergen,잉그리트 판베르겐
Helmut Schoeck,헬무트 쉐크
Tankred Dorst,탕크레트 도르스트
Hans Carossa,한스 카로사
Ariadne von Schirach,아리아드네 폰 시라흐
Max Noether,막스 뇌터
Hans Freudenthal,한스 프로이덴탈
Karin Baal,카린 발
Simon von Utrecht,시몬 판 위트레흐트
Gisela Oeri,기젤라 오에리
Karl Groos,카를 그로스
Barbara Krause (Schwimmerin),바르바라 크라우제
Hans Imhoff (Unternehmer),한스 임호프
Laura Tonke,라우라 통케
Hermann J. Giskes,헤르만 기스케스
Meister Gerhard,게르하르트 폰 릴레
Jasmin Gerat,야스민 게라트
Richard Rado,리하르트 라도
Maria Margaretha Kirch,마리아 마가레테 키르히
Ida Noddack,이다 노다크
Fatmire Alushi,파트미레 알루시
Jacob Matschenz,야코프 마트셴츠
Arabella Kiesbauer,아라벨라 키스바우어
Maren Ade,마렌 아데
Sven Martinek,스벤 마르티네크
Margret Göbl,마르그레트 괴블
Fritz Wepper,프리츠 웨퍼
Elmar Wepper,엘마어 베퍼
Karin Schubert (Schauspielerin),카린 슈베르트
Sandy Mölling,샌디 묄링
Sergej Moya,세르게이 모야
Volker Bertelmann,하우슈카
Roland Schimmelpfennig,롤란트 시멜페니히
Uli Edel,울리 에델
Friedrich Julius Rosenbach,프리드리히 율리우스 로젠바흐
Odisseas Vlachodimos,오디세아스 블라호디모스
Thomas Fritsch (Schauspieler),토마스 프리치
Wolf Roth,볼프 로트
Egon Schultz,에곤 슐츠
Matthias Hues,매티아스 휴즈
Karl Bücher,카를 뷔허
Albert Eichhorn (Theologe),알버트 아이크혼
Rudolf Haag,루돌프 하크
Fahriye Evcen,파흐리예 에브젠
Adam Gottlob von Moltke,아담 고틀로브 몰트케
Sara Nuru,자라 누루
Hannes Jaenicke,하네스 예니케
Ludger Pistor,루트거 피스토어
Ralf Richter,랄프 리츠터
Anna Thalbach,안나 탈바히
Barbara Auer,바르바라 아우어
Ruth Moufang,루트 무팡
Siegfried Arno,지크 아르노
Natalia Avelon,나탈리아 아벨론
Georg Braun,게오르크 브라운
Mike Leon Grosch,미케 그로슈
Alexandra Neldel,알렉산드라 넬델
Georg Knöpfle,게오르크 뇌플레
Hannelore Elsner,하넬로레 엘스너
Maria Furtwängler,마리아 푸르트벵글러
Harry Baer,해리 베어
Ludwig Dürr (Konstrukteur),루트비히 뒤어
Alexander Fehling,알렉산더 펠링
Lisa Martinek,리사 마르티네크
Max W. Kimmich,막스 W. 키미히
Gerhard Kittel,게르하르트 키텔
Helmut Thielicke,헬무트 틸리케
Philipp Tanzer,로건 매크리
Philip Wiegratz,필리프 비그라츠
Hans Grimm,한스 그림
Carolin Golubytskyi,카롤린 골루비츠키
Hans Erich Nossack,한스 에리히 노사크
Peter Carsten,페터 카르스텐
Chalid Arrab,할리드 아랍
Siriusmo,시리우즈모
Ernst von Beling,에른스트 폰 벨링
Hans Welzel,한스 벨첼
Hans Richter-Haaser,한스 리히터하저
Ben Becker,벤 베커
David Pareus,데이빗 파레우스
Ulrich Noethen,울리히 뇌텐
Georg H. Schnell,게오르크 H. 슈넬
Saskia Vester,사스키아 베스터
Uwe Potteck,우베 포테크
Thor Freudenthal,토어 프로이덴탈
Karl Jansen (Gewichtheber),카를 얀센
Norbert Vollertsen,노르베르트 폴러첸
Konrad von Hochstaden,콘라트 폰 호흐슈타덴
Günther Weisenborn,귄터 바이젠보른
Hugo Friedrich,후고 프리드리히
Wilhelm Meisel,빌헬름 마이젤
Michael Michalsky,미하엘 미할스키
Eva Löbau,에바 뢰바우
Reinhard Goering,라인하르트 괴링
Carina Vogt,카리나 포크트
Lena Stolze,레나 스톨즈
Peter Florin,페터 플로린
Volker Spengler,폴커 슈펭글러
Antonio Rüdiger,안토니오 뤼디거
Ida Siekmann,이다 지크만
Waldemar Steffen,발데마르 슈테펜
Stephan Feck,슈테판 펙
Jürgen Fehling,위르겐 펠링
Eugen Hadamovsky,오이겐 하다모프스키
Julius Wolff (Mediziner),줄리어스 울프
Helmut Müller-Brühl,헬무트 뮐러 브륄
Olga Costa,올가 코스타
Kurt Hoffmann (Filmregisseur),쿠르트 호프만
Anton Schnack,안톤 슈나크
Heinar Kipphardt,하이나르 키프하르트
Hans-Georg Pflaum,한스게오르크 플라움
Sandra Borgmann,잔드라 보르크만
Thomas Thieme,토마스 티메
Joachim Kaiser,요아힘 카이저
Kurt Fricke,쿠르트 프리케
Heinz Hoenig,하인츠 회니히
Rainer Zitelmann,라이너 치텔만
Karl Holl (Theologe),칼 홀
Inka Friedrich,잉카 프리드리히
Luna Schweiger,루나 슈바이거
Jasmin Schwiers,야스민 슈비어스
Marion Freisler,마리온 프라이슬러
Hanno Koffler,하노 코플러
Kaaren Verne,카렌 베른
Dieter Schidor,디터 시도어
Kristin Lang,크리스틴 질버아이젠
Pheline Roggan,펠리네 로간
Alfred Hause,알프레드 하우제
Wolfgang Mischnick,볼프강 미슈니크
Palina Rojinski,팔리나 로진스키
Nele Neuhaus,넬레 노이하우스
Anna Brüggemann,아나 브뤼게만
Rufus Beck,루푸스 베크
Sonja Gerhardt,소냐 게르하르트
David Scheller,다비트 셸러
Ellen Schwiers,엘렌 슈비르스
Thure Riefenstein,투레 리펜슈타인
Mark Waschke,마르크 바슈케
Ilse Heß,일제 헤스
Hilmi Sözer,힐마이 소제르
Tayfun Bademsoy,타이푼 바뎀소이
Hans Bender (Schriftsteller),한스 벤더
Ann-Kathrin Kramer,안카트린 크라머
Wiguläus von Kreittmayr,비굴레우스 폰 크라이트마이어
Karl Graul,카를 그라울
Marie Bäumer,마리 보이머
Gesine Cukrowski,게지네 추크로프스키
Petra Schmidt-Schaller,페트라 슈미트샬러
Stefanie Stappenbeck,슈테파니 슈타펜베크
Albrecht Fölsing,알브레히트 푈싱
Albert Friedrich Speer,알베르트 프리드리히 슈페어
Caroline Peters,카롤리네 페터스
Bernadette Heerwagen,베르나데테 헤어바겐
Edda Göring,에다 괴링
Tristano Casanova,트리스타노 카사노바
Maike Kohl-Richter,마이케 콜리히터
Rebecca Immanuel,레베카 이마누엘
Peter Scholze,페터 숄체
Dominic Raacke,도미니크 라케
Pegah Ferydoni,페가 페리도니
Martin Bojowald,마틴 보조발트
Claus Peter Schnorr,클라우스페터 슈노어
Brigitte Grothum,브리기테 그로툼
Karl Ludwig Schmidt,칼 슈미츠
Anna Bederke,아나 베데르케
Thomas Südhof,토마스 쥐트호프
Frederik Wiedmann,프레데리크 비트만
Kristian Kiehling,크리스티안 킬링
Maren Kroymann,마렌 크로이만
Hans Egon Holthusen,한스 에곤 홀투젠
Gustav Kleikamp,구스타프 클라이캄프
Hito Steyerl,히토 슈타이얼
Hans Maaß (Mathematiker),한스 마스
Stefan Lippe,슈테판 리페
Erich von Holst,에리히 폰 홀스트
Gerard Salton,제라드 솔튼
Daniel J. Bernstein,대니얼 J. 번스타인
Susan Hoecke,수산 호이케
Wilhelm Meyer-Förster,빌헬름 마이어 푀르스터
Roger Fritz,로거 프리츠
Björn Hübner,뵈른 휘브너
Adnan Maral,아드난 마랄
Wilma Elles,빌마 엘르
Rosalie Thomass,로잘리 토마스
Mina Tander,미나 탄더
Siegfried Rauch (Schauspieler),지크프리트 라우흐
Dan van Husen,단 판후젠
Janina Fautz,야니나 파우츠
Jochen Nickel,요헨 니켈
Dietmar Bartsch,디트마어 바어치
Joe Kaeser,요제프 코저
Jutta Hoffmann,유타 호프만
Ursula Werner,우르줄라 베르너
Christian Wunderlich (Schauspieler),크리스티안 분더리히 (1979년)
Axel Prahl,엑셀 프랄
Gustav Stresemann,구스타프 슈트레제만
Peter Bürger (Literaturwissenschaftler),페터 뷔르거
Christian Doermer,크리스티안 되르머
Hans J. Markowitsch,한스 마르코비치
Andreas M. Kaplan,안드레아스 카플란
Axel Meyer (Biologe),악셀 마이어
Johann Gottlieb Fichte,요한 고틀리프 피히테
Heinrich Rombach,하인리히 롬바흐
Fabian Busch,파비안 부슈
Isabella Laböck,이자벨라 라뵈크
Axel Milberg,악셀 밀베르크
Karl Lauterbach,카를 라우터바흐
Andreas Schmidt (Schauspieler),안드레아스 슈미트 (배우)
Ricardo Eichmann,리카르도 아이히만
Heinrich Vogt (Astronom),하인리히 보그트
Benjamin List,베냐민 리스트
Miriam Morgenstern,미리암 모르겐슈테른
Fabian Hinrichs,파비안 힌리히스
Anna Fischer,아나 피셔
Kurt Kreuger,커트 크루거
"Michael Müller (Politiker, 1964)",미하엘 뮐러 (정치인)
Hardy Krüger junior,하르디 크뤼거 유니오어
Burkhard Driest,부르크하르트 드리스트
Ottmar Edenhofer,오트마르 에덴호퍼
Gerda Bormann,게르다 보어만
Ricarda Multerer,리카르다 물테러
Alexandra Bujdosó,알렉산드라 부이도소
Patrick Süskind,파트리크 쥐스킨트
Simone Thomalla,시모네 토말라
Nina Eichinger,니나 아이힝거
Christoph Maria Herbst,크리스토프 마리아 허브스트
Micaela Schäfer,미카엘라 셰퍼
Bernd Tauber,베른트 타우버
Holger Handtke,홀거 한트케
Sabine Winter,자비네 빈터
Joseph Welzenbacher,요제프 벨첸바셔
Mario Götze,마리오 괴체
Tim Wiese,팀 비제
Tim Seyfi,팀 세이피
Robert Enke,로베르트 엥케
Hans-Dietrich Genscher,한스디트리히 겐셔
Leonard Lansink,레오나르트 란징크
Torsten Frings,토르스텐 프링스
Egino Weinert,에기노 바이너트
Peter Lohmeyer,페터 로마이어
Paul Harzer,파울 하르처
Michael Welker,미하엘 벨커
Bodo Ramelow,보도 라멜로
Heinz Emigholz,하인츠 에미히홀츠
Frank Deppe,프랑크 데페
Frank Engel (Fußballtrainer),프랑크 엥겔
Fritz Gansberg,프리츠 가네베르크
Lars Windhorst,랄스 빈트호르스트
Bodo Schäfer,보도 섀퍼
Norbert Bolz,노르베르트 볼츠
Ulrike Beisiegel,울리케 바이지겔
Willi Eichler,빌리 아이흘러
Song Du-yul,송두율
Martin Kriele,마르틴 크릴레
Jürgen Knieper,위르겐 크니퍼
Julian Sensley,줄리안 센슬리
Rudolf Smend (Jurist),카를 프리드리히 루돌프 스멘트
Richard Hey,리하르트 하이
Harald von Hirschfeld,하랄트 폰 히르슈펠트
Franz Urban Pappi,프란츠 파피
Ralf Schmitz,랄프 슈미츠
Martin Sperr,마르틴 슈페르
Anna Loos,아나 로스
Hermine Sterler,헤르민 스터러
Gila von Weitershausen,길라 폰 바이터스하우젠
Florian Stetter,플로리안 슈테터
Heinz Schubert (Schauspieler),하인츠 슈베르트
Christian Redl (Schauspieler),크리스티앙 레들
Maryam Zaree,마리암 자리
Stefan Kießling,슈테판 키슬링
Albert Lieven,알베르트 리벤
Joachim von Ribbentrop,요아힘 폰 리벤트로프
Arthur Brauss,아르투어 브라우스
Max Bruch,막스 브루흐
George Grosz,게오르게 그로스
Ulrike C. Tscharre,울리케 C. 차레
Horst Krause,호르스트 크라우세
Mike Hanke,미케 항케
Werner Daehn,베르너 덴
Christoph M. Ohrt,크리스토프 M. 오트
Michael J. G. Gleissner,미하엘 글라이스너
Ludwig Blochberger,루트비히 블로흐베르거
Paula Kalenberg,파울라 칼렌베르크
Marlon Kittel,말론 키텔
Katharina Schüttler,카타리나 쉬틀러
Manuel Neuer,마누엘 노이어
Jens Hartwig,옌스 하르트비히
Theophil Großgebauer,테오필 그로스게바워
Johannes W. Rohen,요하네스 로헨
Heinrich II. (HRR),하인리히 2세 (신성 로마 황제)
Heinrich der Löwe,하인리히 사자공
Rüdiger Frank,뤼디거 프랑크
Georg von Waldburg-Zeil (1488–1531),게오르크 3세 폰 발트부르크차일
Christiane Krüger,크리스티아네 크뤼거
Uwe Bohm,우베 봄
Axel Stein,악셀 슈타인
Jördis Triebel,외르디스 트리벨
Alexander Liebreich,알렉산더 리브라이히
Samuel Finzi,자무엘 핀치
Kim Gloss,킴 글로스
Gerald Asamoah,게랄트 아자모아
Walter Kohl (Unternehmer),발터 콜
Melika Foroutan,메리카 포로탠
Carl Jaffe,카를 야페
Ute Frevert,우테 프레베르트
Fritzi Haberlandt,프리치 하베를란트
Markus Boysen,마르쿠스 보이젠
Oskar Lafontaine,오스카르 라퐁텐
Gerd Gigerenzer,게르트 기거렌처
Manuel Friedrich,마뉴엘 프리드리히
Aykut Kayacık,아이쿠트 카야즈크
Adam von Bremen,아담 폰 브레멘
Jim Boeven,짐 뵈벤
Florentine Lahme,플로렌틴 라메
Klaus Hasselmann,클라우스 하셀만
Uta Briesewitz,우타 브리제비츠
Oliver Stokowski,올리버 슈토코프스키
Robert Graf (Schauspieler),로베르트 그라프
Claus Westermann,클라우스 베스터만
Jan Henrik Stahlberg,얀 헨릭 스탈베르그
Claudio Pizarro,클라우디오 피사로
Nadine Warmuth,나딘 바르무트
Tilly Lauenstein,틸리 라우엔스테인
Jens Winter,옌스 빈터
Christopher Buchholz,크리스토퍼 부츠홀즈
Dagmar Manzel,다그마 만첼
Edgar Selge,에드가어 젤게
Sebastian Schipper,제바스티안 시퍼
Alina Levshin,알리나 렙신
Jan Hatzius,얀 하치우스
Julia Hummer,율리아 후머
Hans Walter Wolff,한스 월터 울프
"Hermann Dietrich (Politiker, 1879)",헤르만 디트리히
Heiko Maas,하이코 마스
Wilhelm Pauck,빌헬름 포크
Robert Gradmann,로베르트 그라트만
Ernst Fuchs (Theologe),에른스트 푹스 (신학자)
Daisy Earles,데이지 얼스
Philipp von Schwaben,필리프 폰 슈바벤 공작
Hertha Thiele,헤르타 틸레
Johanna Gastdorf,요하나 가스트도프
Max von Thun,막스 폰 툰
Maxim Mehmet,맥심 메멧
Jürgen Tonkel,위르겐 통켈
Norbert Weisser,노르베르트 바이서
Heiko Westermann,하이코 베스테르만
Albrecht Dold,알브레히트 돌트
Birgit Prinz,비르기트 프린츠
Max Picard,막스 피카르트
Johannes Wallmann,요한네스 발만
Robert Habeck,로베르트 하베크
Rotraut Susanne Berner,로트라우트 수잔네 베르너
Kevin Trapp,케빈 트라프
Boris Kodjoe,보리스 코조
Sebastian Kehl,제바스티안 켈
Mats Hummels,마츠 후멜스
Werner Weinhold,베르너 바인홀트
Friederike Kempter,프리데리케 켐프터
Leonie Benesch,레오니 베네슈
Heinrich Hoffmann (Marineoffizier),하인리히 호프만 (1910년)
Karl Lieffen,카를 리펜
Pietro Lombardi (Sänger),피에트로 롬바르디 (가수)
Klaus Fichtel,클라우스 피히텔
Michael Tarnat,미하엘 타르나트
Renate Krößner,레나테 크뢰스너
Willi Schulz,빌리 슐츠
Leopold I. (HRR),레오폴트 1세 (신성 로마 황제)
Franz von Papen,프란츠 폰 파펜
Karl Philipp Moritz,카를 필리프 모리츠
Hermann Danuser,헤어만 다누저
Niklas Frank,니클라스 프랑크
Andreas Franz (Schriftsteller),안드레아스 프란츠
Carl Schuricht,카를 슈리히트
Salomon Bochner,잘로몬 보흐너
Sebastian Schlemmer,세바스티안 슐레머
Fred Uhlman,프레드 울만
Marko Marin,마르코 마린
Heinrich VI. (HRR),하인리히 6세
Albert O. Hirschman,앨버트 허쉬만
Arthur Kaufmann (Jurist),아르투어 카우프만
Peter Fulde,페터 풀데
Volker Ludwig,폴커 루트비히
Hans Lilie,한스 릴리에
Ina Maria Schnitzer,조단 카버
Nike Fuhrmann,니케 푸르만
Jeanette Hain,제넷 하인
Hennes Weisweiler,헤네스 바이스바일러
Jérôme Boateng,제롬 보아텡
Michael Rensing,미하엘 렌징
Kevin-Prince Boateng,케빈프린스 보아텡
Nina Petri,니나 페트리
Christian Kracht,크리스티안 크라흐트
Otto IV. (HRR),오토 4세
Hjalmar Schacht,얄마르 샤흐트
Erwin Wickert,에르빈 비케르트
Stef Wertheimer,스테프 베르트하이머
Axel Springer,악셀 슈프링어
Holger Badstuber,홀거 바트슈투버
Franz Walter (Politikwissenschaftler),프란츠 발터
Hans Günter Michelsen,한스 귄터 미헬센
Wolfgang Kunkel,볼프강 쿵켈
Jupp Heynckes,유프 하인케스
Konrad II. (HRR),콘라트 2세 (신성 로마 황제)
Friedrich I. (Preußen),프리드리히 1세 (프로이센)
Marcel Schmelzer,마르셀 슈멜처
Konstantin von Neurath,콘스탄틴 폰 노이라트
Aylin Tezel,아일린 테젤
Bernd Schneider (Fußballspieler),베른트 슈나이더
Emil Nolde,에밀 놀데
Oliver Bierhoff,올리버 비어호프
Hans von Aachen,한스 폰 아헨
Hans Jörg Butt,한스외르크 부트
Marco Reus,마르코 로이스
Karl-Heinz Rummenigge,카를하인츠 루메니게
Benedikt Höwedes,베네딕트 회베데스
Lars Bender,라르스 벤더
Kevin Kurányi,케빈 쿠라니
Marcell Jansen,마르셀 얀젠
Hugo Gutmann,후고 구트만
Theodor W. Adorno,테오도어 아도르노
Matt Lucas,맷 루커스
Matthias Brandt,마티아스 브란트
Oliver Neuville,올리버 뇌빌
Christoph Metzelder,크리스토프 메첼더
Bernhard Sekles,베른하르트 세클레스
Heinrich III. (HRR),하인리히 3세 (신성 로마 황제)
Otto Dix,오토 딕스
Moritz Leitner,모리츠 라이트너
Jack Steinberger,잭 스타인버거
Leó Szilárd,실라르드 레오
Cristina do Rego,크리스티나 두 헤고
Dieterich Buxtehude,디트리히 북스테후데
Isang Yun,윤이상
Felix Magath,펠릭스 마가트
Paula Schramm,폴라 슈람
Werner Krusche,베르너 크루셰
Hans Arp,장 아르프
Martin Niemöller,마르틴 니묄러
Joseph Beuys,요제프 보이스
Nena,네나
Mehmet Scholl,메흐메트 숄
Henry van de Velde,앙리 반 데 벨데
Piotr Trochowski,피오트르 트로호프스키
Josef Manger,요제프 망거
Lewon Aronjan,레본 아로니안
Nikolaus von Kues,니콜라우스 쿠자누스
Auguste Wilhelmine von Hessen-Darmstadt,아우구스테 빌헬미네 폰 헤센다름슈타트 공비
Arnold Schönberg,아르놀트 쇤베르크
Aribert Heim,아리베르트 하임
Friedrich Gottlieb Klopstock,프리드리히 고틀리프 클로프슈토크
Luise Ulrike von Preußen,루이제 울리케 폰 프로이센
Roman Weidenfeller,로만 바이덴펠러
Martin Bucer,마르틴 부처
Katrin Krabbe,카트린 크라베
Silke Möller,질케 묄러
Elisabeth von Württemberg (1767–1790),엘리자베트 폰 뷔르템베르크 공녀
Jakob Brendel,야코프 브렌델
Marita Koch,마리타 코흐
Karlheinz Stockhausen,카를하인츠 슈토크하우젠
Matthias Grünewald,마티아스 그뤼네발트
Dennis Aogo,데니스 아오고
Maria Amalia von Österreich (1701–1756),마리아 아말리아 폰 외스터라이히 (1701년)
Karl-Heinz Radschinsky,카를하인츠 라친스키
Manfred Nerlinger,만프레트 네를링거
Daniel Libeskind,대니얼 리버스킨드
Marie in Bayern,마리 인 바이에른 여공작
Wilhelmine Amalie von Braunschweig-Lüneburg,아말리아 빌헬미네 폰 브라운슈바이크뤼네부르크 공녀
Rica Reinisch,리카 라이니슈
Bernd Krauss,베른트 크라우스
Andreas Wellinger,안드레아스 벨링거
Sead Kolašinac,세아드 콜라시나츠
Daniel Caligiuri,다니엘 칼리주리
Johannes Flum,요하네스 플룸
Marco Höger,마르코 회거
Till Lindemann,틸 린데만
Andreas Köpke,안드레아스 쾨프케
Alfred von Tirpitz,알프레트 폰 티르피츠
Klaus Meine,클라우스 마이네
René Adler,레네 아들러
Helene Fischer,헬레네 피셔
"Nicole (Sängerin, 1964)",니콜 (독일의 가수)
Max Kruse (Fußballspieler),막스 크루제
Matthias Ginter,마티아스 긴터
Christa Luding-Rothenburger,크리스타 루딩
Otto Klemperer,오토 클렘퍼러
Diego Contento,디에고 콘텐토
Christian Streich,크리스티안 슈트라이히
Oliver Baumann,올리버 바우만
Marvin Compper,마르빈 콤퍼
Ron-Robert Zieler,론로베르트 칠러
Bill Kaulitz,빌 카울리츠
Andrea Pollack,안드레아 폴라크
Heinrich Brüning,하인리히 브뤼닝
Sigrun Wodars,지그룬 보다르스
Johanna Klier,요하나 샬러
Diana Damrau,디아나 담라우
John C. Polanyi,존 폴라니
Christian Lell,크리스티안 렐
"Toni Schumacher (Fußballspieler, 1954)",하랄트 슈마허
Sepp Herberger,제프 헤르베르거
Karl Mai (Fußballspieler),카를 마이 (축구인)
Frank-Michael Wahl,프랑크미하엘 발
Herbert Fandel,헤르베르트 판델
Daniel Williams (Fußballspieler),대니 윌리엄스
Bruno Walter,브루노 발터
Lars Unnerstall,라르스 운너스탈
Walther Rathenau,발터 라테나우
Dietmar Hamann,디트마어 하만
Thomas Häßler,토마스 헤슬러
Andreas Möller,안드레아스 묄러
Dieter Eilts,디터 아일츠
Annelie Ehrhardt,안넬리 에르하르트
Gabriele Reinsch,가브리엘레 라인쉬
Kevin Volland,케빈 폴란트
Wiradech Kothny,위라뎃 콧니
Toni Kroos,토니 크로스
Inka Grings,잉카 그링스
Anna Amalia von Braunschweig-Wolfenbüttel,아나 아말리아 폰 브라운슈바이크볼펜뷔텔 공녀
Kristin Otto,크리스틴 오토
Terence Hill,테런스 힐
Angela Voigt,앙겔라 포이크트
Margitta Gummel,마르기타 구멜
Oliver Kahn,올리버 칸
Hans Luther,한스 루터
Robert Huth,로베르트 후트
Pina Bausch,피나 바우슈
Christian Lorenz,크리스티안 로렌츠
Konrad I. (Ostfrankenreich),콘라두스 1세
Wolfgang Schmidt (Leichtathlet),볼프강 슈미트
Karim Haggui,카림 하귀
Helmut Walcha,헬무트 발햐
Lukas Podolski,루카스 포돌스키
Franz von Bayern,프란츠 폰 바이에른
Carl Schuhmann,카를 슈만
Uli Jon Roth,울리 존 로스
Markus Merk,마르쿠스 메르크
Sophie von Preußen (1870–1932),조피 폰 프로이센 왕녀
Halil Altıntop,할릴 알튼토프
Gustav Krupp von Bohlen und Halbach,구스타프 크루프 폰 볼렌 운트 할바흐
Christian Ziege,크리스티안 치게
Angela Gossow,안젤라 고소우
Luise von Mecklenburg-Strelitz,루이제 추 메클렌부르크슈트렐리츠 공녀
Haddaway,해더웨이 (음악가)
André Previn,앙드레 프레빈
Sebastian Boenisch,제바스티안 뵈니슈
Evelin Jahl,에벨린 쉴나크
Tatjana Hüfner,타탸나 휘프너
Christa Ludwig,크리스타 루트비히
Ute Geweniger,우테 게베니거
Elke Sommer,앨케 조머
Silke Renk,질케 렝크
Nam June Paik,백남준
Ines Diers,이네스 디어스
Max Liebermann,막스 리버만
Konrad III. (HRR),콘라트 3세
Konrad IV. (HRR),콘라트 4세
Thomas Schaaf,토마스 샤프
Rudolf Schenker,루돌프 쉥커
Kurt Masur,쿠르트 마주어
Carl Stamitz,카를 슈타미츠
Zvjezdan Misimović,즈베즈단 미시모비치
Waldemar Cierpinski,발데마르 치르핀스키
Andreas Brehme,안드레아스 브레메
Kevin Großkreutz,케빈 그로스크로이츠
Jenny Wolf,예니 볼프
Jens Nowotny,옌스 노보트니
Caren Metschuck,카렌 메추크
Lina Radke,리나 라트케
Aileen Frisch,아일린 프리슈
Nina Hagen,니나 하겐
Patrick Helmes,파트리크 헬메스
Nils Petersen,닐스 페테르젠
Andreas Beck (Fußballspieler),안드레아스 베크
Heike Apitzsch-Friedrich,하이케 프리드리히
Frank Lieberam,프랑크 리베람
Adolf von Hildebrand,아돌프 폰 힐데브란트
Akaki Gogia,아카키 고기아
James Stirling (Architekt),제임스 스털링 (건축가)
Frank Baumann,프랑크 바우만
Hildegard Falck,힐데가르트 팔크
Christine Wachtel,크리스티네 바히텔
Mathias Schober,마티아스 쇼버
Claus von Amsberg,네덜란드 여왕 부군 클라우스
Richard Meier (Architekt),리처드 마이어
Frank Rost,프랑크 로스트
Klaus Kinkel,클라우스 킹켈
Wilhelm Kempff,빌헬름 켐프
Stefan Bell,슈테판 벨
Jeffrey Schlupp,제프리 슐루프
Thomas Doll,토마스 돌
Mario Basler,마리오 바슬러
Karl Amadeus Hartmann,카를 아마데우스 하르트만
Klaus Augenthaler,클라우스 아우겐탈러
Karl-Heinz Riedle,카를하인츠 리들레
Wolf Biermann,볼프 비어만
Anett Pötzsch-Rauschenbach,아네트 푀치
Sabine Meyer,자비네 마이어
Walter Hallstein,발터 할슈타인
Sebastian Deisler,제바스티안 다이슬러
Richard Eilenberg,리하르트 아일렌베르크
Olaf Thon,올라프 톤
Horst Hrubesch,호르스트 흐루베슈
Max Morlock,막스 모를로크
Timm Klose,팀 클로제
David Garrett,데이비드 가렛
Aaron Hunt,아론 훈트
Muhamed Bešić,무하메드 베시치
Gerd Wessig,게르트 베시크
Ashkan Dejagah,아슈칸 데자가
Carl Eduard (Sachsen-Coburg und Gotha),카를 에두아르트 폰 작센코부르크고타 공작
Marc-André ter Stegen,마르크안드레 테어 슈테겐
Klaus Voormann,클라우스 부어만
Manfred Kaltz,만프레트 칼츠
Carsten Ramelow,카르스텐 라멜로프
Matthias Flacius,마티아스 플라키우스
Lutz Dombrowski,루츠 돔브로프스키
Alexander Baumjohann,알렉산더 바움요한
Alexandra Popp,알렉산드라 포프
Lars Riedel,라르스 리델
Simon Rolfes,지몬 롤페스
Carlos Kleiber,카를로스 클라이버
Kai Hansen,카이 한센
David Odonkor,다비트 오동코어
Clemens Fritz,클레멘스 프리츠
Wolfgang Stark,볼프강 슈타르크
Dagmar Hase,다그마르 하제
Ludowika Jakobsson,루도비카 야콥손
Gerhard Hochschild,게르하르트 호흐실트
Ralf Hütter,랄프 휘터
Andreas Osiander,안드레아스 오시안더
Melanie Behringer,멜라니 베링거
Joachim Streich,요아힘 슈트라이히
Florian Schneider-Esleben,플로리안 슈나이더
Sigmar Gabriel,지그마어 가브리엘
Fabian Ernst,파비안 에른스트
İlkay Gündoğan,일카이 귄도안
José Holebas,호세 홀레바스
Bianca Maria Sforza,비앙카 마리아 스포르차
Hanka Kupfernagel,항카 쿠퍼나겔
Sophie Dorothea von Hannover,조피 도로테아 폰 하노버
Otto I. (Sachsen),오토 1세 폰 작센
Astrid Kirchherr,아스트리드 커처
Marco Bode,마르코 보데
Stefan Kuntz,슈테판 쿤츠
Anna Hübler,안나 휘블러
Christine Errath,크리스티네 에라트
Bärbel Wöckel,베르벨 뵈켈
Armin Mueller-Stahl,아르민 뮐러슈탈
Gerhard Richter,게르하르트 리히터
Robert Rauschenberg,로버트 라우션버그
Simon Terodde,시몬 테로데
Gabriele Seyfert,가브리엘레 자이페르트
Patrick Groetzki,파트리크 그뢰츠키
Christina Lathan,크리스티나 브레머
Thomas Linke,토마스 링케
Max Pechstein,막스 페히슈타인
Roland Matthes,롤란트 마테스
Maria Josepha von Sachsen (1731–1767),마리아 요제파 폰 작센 (1731년)
Silvius Leopold Weiss,실비우스 레오폴트 바이스
Auguste Viktoria von Schleswig-Holstein-Sonderburg-Augustenburg,아우구스테 빅토리아 폰 슐레스비히홀슈타인 공녀
Carl Heinrich Graun,카를 하인리히 그라운
Karl Schmidt-Rottluff,카를 슈미트 로틀루프
Alfred Pfaff,알프레트 파프
Stefan Reinartz,슈테판 라이나르츠
Cenk Tosun,젱크 토순
Richard Trautmann,리하르트 트라우트만
Raimond Aumann,라이몬트 아우만
Marlies Göhr,마를리스 괴어
Jens Weißflog,옌스 바이스플로크
Jürgen Schult (Leichtathlet),위르겐 슐트
Wendelin Werner,벤델린 베르너
Max Beckmann,막스 베크만
Adolf von Harnack,아돌프 폰 하르나크
Bert Trautmann,베르트 트라우트만
Ossi Reichert,오시 라이헤르트
Hans-Peter Briegel,한스페터 브리겔
Martina Müller (Fußballspielerin),마르티나 뮐러 (축구인)
Bernhard Cullmann,베른하르트 쿨만
Tobias Kempe,토비아스 켐페
Herbert Wimmer,헤르베르트 비머
Hans Leo Haßler,한스 레오 하슬러
Tina Theune,티나 토이네
Katrin Dörre-Heinig,카트린 되레 하이니히
Burglinde Pollak,부르글린데 폴락
Max Grün,막스 그륀
Toni Turek,토니 투레크
Tabea Zimmermann,타베아 치머만
Sergiu Celibidache,세르주 첼리비다케
Sven Bender,스벤 벤더
Kornelia Ender,코르넬리아 엔더
Paul Landers,파울 란더스
Marko Spittka,마르코 슈피트카
Katharina Fritsch,카타리나 프릿치
Niclas Füllkrug,니클라스 퓔크루크
Célia Šašić,첼리아 샤시치
Jörg Heinrich,외르크 하인리히
Hanno Balitsch,한노 발리치
Arnd Peiffer,아른트 파이퍼
Dany Heatley,대니 히틀리
Schoolboy Q,스쿨보이 큐
Uta Pippig,우타 피피히
Denis Thomalla,데니스 토말라
Klaus Allofs,클라우스 알로프스
Christian Pander,크리스티안 판더
Christian Wörns,크리스티안 뵈른스
Arne Jacobsen,아르네 야콥센
Nadine Angerer,나딘 앙거러
Wolf Vostell,볼프 포스텔
Gottfried von Straßburg,고트프리트 폰 슈트라스부르크
Patrick Owomoyela,파트리크 오보모옐라
Jens Jeremies,옌스 예레미스
Klaus Schulze,클라우스 슐체
Alexander Merkel,알렉산드르 메르켈
Stefan Reuter,슈테판 로이터
Petra Thümer,페트라 튀머
Daniel Schwaab,다니엘 슈바브
Samuel Scheidt,사무엘 샤이트
Klaus Fischer (Fußballspieler),클라우스 피셔
Ulrike Richter,울리케 리히터
Otto Addo,오토 아도
Herbert Grönemeyer,헤르베르트 그뢰네마이어
Edgar Prib,에드가 프립
"Alfredo Morales (Fußballspieler, 1990)",앨프리도 모랄레스
Johann Mattheson,요한 마테존
Fritz Hofmann (Leichtathlet),프리츠 호프만
Carsten Jancker,카르스텐 양커
Hans Reichenbach (Physiker),한스 라이헨바흐
Anselm Kiefer,안젤름 키퍼
Renate Stecher,레나테 슈테허
Vahid Hashemian,바히드 하셰미안
Sonja Morgenstern,소냐 모르겐슈테른
Christina Heinich,크리스티나 하이니히
Lukas Schmitz,루카스 슈미츠
Peter Brötzmann,페터 브뢰츠만
Rudi Kargus,루돌프 카르구스
Arno Penzias,아노 앨런 펜지어스
Franz Roth,프란츠 로트
Dominik Kohr,도미니크 코어
Hanne Darboven,한네 다보벤
Lotte Reiniger,로테 라이니거
"Matthias Zimmermann (Fußballspieler, 1992)",마티아스 치머만
Alex Meier,알렉산더 마이어
Ralf Fährmann,랄프 페어만
Almuth Schult,알무트 슐트
Ömer Toprak,외메르 토프라크
Heike Henkel,하이케 헹켈
Oskar Gröning,오스카르 그뢰닝
Felix Kroos,펠릭스 크로스
Christian Clemens (Fußballspieler),크리스티안 클레멘스
Reinhard Eiben,라인하르트 아이벤
Loris Karius,로리스 카리우스
Hans Julius Zassenhaus,한스 차센하우스
Irmina von Oeren,성녀 이르미나
Birte Weigang,비르테 바이강
Alfred Harth,알프레드 하르트
Peter Rösel,페터 뢰젤
Arthur Eisenmenger,아르투어 아이젠멩거
Jermaine Jones,저메인 존스
Steffi Jones,슈테피 존스
Silvia Neid,질비아 나이트
Erna Berger,에르나 베르거
Rolf Danneberg,롤프 다네베르크
Józef Szmidt,유제프 슈미트
Sigfrid Karg-Elert,지크프리트 카르크-엘레르트
Martin Lawrence,마틴 로런스
Siegrun Siegl,지그룬 지글
Ferydoon Zandi,페리둔 잔디
Yvonne Catterfeld,이본 카터펠드
Nadja Tiller,나자 틸러
Reinhard Libuda,라인하르트 리부다
Lennart Thy,레나르트 티
Udo Lattek,우도 라테크
Sascha Riether,사샤 리터
Ji-In Cho,조지인
Peter Niemeyer,페터 니마이어
Uwe Ochsenknecht,우베 옥센크네히트
Harald Konopka,하랄트 코노프카
Kurt Thomas (Komponist),쿠르트 토마스
Dzsenifer Marozsán,제니페르 머로잔
Christian Schenk (Leichtathlet),크리스티안 솅크
Maria Riva,마리아 리바
Dieter Eckstein,디터 에크슈타인
Lucas Cranach der Ältere,루카스 크라나흐
Zhi Gin Lam,지긴 람
Max Dauthendey,막스 다우텐다이
Helmut Zacharias,헬무트 차하리아스
Danny da Costa,다니 다 코스타
Kathleen Nord,카틀렌 노르트
Manuela Stellmach,마누엘라 슈텔마흐
Erich Mende,에리히 멘데
Olaf Zinke,올라프 칭케
Zlatan Alomerović,즐라탄 알로메로비치
Bernd Leno,베른트 레노
Eric Maxim Choupo-Moting,에리크 막심 슈포모팅
Ulf Kirsten,울프 키르스텐
Yvonne Bönisch,이본 뵈니슈
Christian Schulz (Fußballspieler),크리스티안 슐츠
Joseph Haas,요제프 하스
J. Cole,제이 콜
Jürgen Kohler,위르겐 콜러
Gentleman (Musiker),젠틀맨 (음악가)
Amalie Sebald,아말리 제발트
Erhard Wunderlich,에르하르트 분더리히
Andre Eckardt,안드레 에카르트
Andrea Hübner,안드레아 휘브너
Friedel Lutz,프리델 루츠
Gerd Strack,게르하르트 슈트라크
Michael Bella,미하엘 벨라
Oleg Kutscherenko,올레크 쿠체렌코
Hugo Riemann,후고 리만
Ludolph van Ceulen,뤼돌프 판 쾰런
Lewis Holtby,레비스 홀트비
Johann Joseph Fux,요한 요제프 푹스
Philipp Jacob Spener,필리프 야코프 슈페너
Gustav Felix Flatow,구스타프 펠릭스 플라토브
Rudolf Arnheim,루돌프 아른하임
Hans Burgkmair der Ältere,한스 부르크마이어
Bernd Alois Zimmermann,베른트 알로이스 치머만
Amandus Polanus von Polansdorf,아만두스 폴라누스
Heinz Flohe,하인츠 플로헤
Alexander Zickler,알렉산더 치클러
Natascha Keller,나타샤 켈러
Andreas Behm,안드레아스 벰
Heinz Kubsch,하인츠 쿠브슈
Louis Ferdinand von Preußen (1907–1994),루이 페르디난트 폰 프로이센 왕자 (1907년)
Uwe Bein,우베 바인
Jan Tschichold,얀 치홀트
Rudolf Rocker,루돌프 로커
Hans Richter (Dadaist),한스 리히터 (1888년)
Wladimir Nikolajewitsch Woinowitsch,블라디미르 보이노비치
Uli Stielike,울리 슈틸리케
Wolfgang Nordwig,볼프강 노르트비히
Johann Heinrich Alsted,요한 하인리히 알스테드
Tom Starke,톰 슈타르케
Bruno von Köln,쾰른의 브루노
Udo Lindenberg,우도 린덴베르크
Hans Schäfer (Fußballspieler),한스 셰퍼
Max Lorenz (Fußballspieler),막스 로렌츠
Werner Egk,베르너 에크
Norbert Meier,노르베르트 마이어
Wolfgang Köhler (Psychologe),볼프강 쾰러
Mehdi Mahdavikia,메흐디 마다비키아
Hans Bellmer,한스 벨머
Albrecht Haushofer,알브레히트 하우스호퍼
Ulrich Biesinger,울리히 비징거
Kurt Edelhagen,쿠르트 에델하겐
Maylin Wende,마일린 벤데
Nils Schumann,닐스 슈만
Boris Blacher,보리스 블라허
Eugen Schüfftan,오이겐 쉬프탄
Matthias Steiner,마티아스 슈타이너
Werner Lorant,베르너 로란트
Andreas Thom (Fußballspieler),안드레아스 톰
Philipp Bargfrede,필리프 바르크프레데
Rolf Rüssmann,롤프 뤼스만
Adolf Busch,아돌프 부슈
Robert F. Wagner,로버트 F. 와그너
Johann Karl August Musäus,요한 카를 아우구스트 무세우스
Julian Draxler,율리안 드락슬러
Ottmar Walter,오트마어 발터
Jan Schlaudraff,얀 슐라우드라프
Adam Matuschyk,아담 마투슈치크
Blixa Bargeld,블릭사 바르겔트
Andreas von Everdingen,안드레아스 폰 에베르딩겐
Maja Michailowna Plissezkaja,마이야 플리세츠카야
Ronald Maul,로날트 마울
Andreas Wecker,안드레아스 베커
Marcel Kittel,마르셀 키텔
Andrei Hoteev,안드레이 호테예프
Jan Josef Liefers,얀 요제프 리페르스
Rudolf Brandt (Jurist),루돌프 브란트
Hildrun Laufer,힐드룬 클라우스
Lothar Emmerich,로타어 에메리히
Hans Tilkowski,한스 틸코프스키
Helga Seidler,헬가 자이들러
"Michael Schulz (Fußballspieler, 1961)",미하엘 슐츠
Søren Nils Eichberg,쇠렌 닐스 아이히베르크
Herman Oskarowitsch Gref,게르만 그레프
Steffen Freund,슈테펜 프로인트
Holger Osieck,홀거 오지크
Liudolf (Schwaben),슈바벤 공작 리우돌프
Arthur Oncken Lovejoy,아서 옹켄 러브조이
Christian Schreier,크리스티안 슈라이어
Richard Honig,리하르트 호니히
Annalena Baerbock,아날레나 베어보크
Volker Beck (Leichtathlet),폴커 베크
Joachim Kunz,요아힘 쿤츠
Dettmar Cramer (Fußballtrainer),데트마어 크라머
Edgar Froese,에드가 프로제
Horst-Dieter Höttges,호르스트디터 회트게스
Paul von Schoenaich,파울 폰 쇠나이히 남작
Willy Kaiser,빌리 카이서
Oskar Fischer,오스카르 피셔
Tony Sheridan,토니 셰리던
Kurt Doerry,쿠르트 되리
Wolfgang Stresemann,볼프강 슈트레제만
Lars Ricken,라르스 리켄
Eduard Fraenkel,에두아르트 프랭켈
Georg Kulenkampff,게오르그 쿨렌캄프
Olaf Kölzig,올라프 쾰치크
Friedrich Merz,프리드리히 메르츠
Erich Ribbeck,에리히 리베크
Thomas Helmer,토마스 헬머
Yunus Malli,유누스 말르
Erwin Geschonneck,에르빈 게쇼네크
Jana Pallaske,야나 팔라스케
Klaus Toppmöller,클라우스 토프묄러
Johann Georg Pisendel,요한 게오르크 피젠델
Felix Brych,펠릭스 브리히
Sigfried Held,지크프리트 헬트
Wolfgang Weber (Fußballspieler),볼프강 베버
Jan Hoffmann (Eiskunstläufer),얀 호프만
Leon Balogun,레온 발로군
Konrad von Jungingen,콘라트 폰 융깅겐
Annette Humpe,아네테 훔페
Pascal Groß,파스칼 그로스
Lisa Tetzner,리자 테츠너
Jonas Cohn,요나스 콘
Rainer Barzel,라이너 바르첼
Katrin Rutschow-Stomporowski,카트린 루초슈톰포로프스키
Dietmar Mögenburg,디트마르 뫼겐부르크
Max Davidson,맥스 데이비슨
Samed Yesil,사메드 예실
Herbert Zimmermann (Fußballspieler),헤르베르트 치머만
Bernd Franke (Fußballspieler),베른트 프랑케
Wilfried Hannes,빌프리트 하네스
Tomma Abts,토마 압츠
André Breitenreiter,안드레 브라이텐라이터
Uwe Gensheimer,우베 겐스하이머
Leonardo Bittencourt,레오나르도 비텡코우르트
Walther Eichrodt,월터 아이크롯트
Sascha Mölders,사샤 묄더스
Mustafa Doğan,무스타파 도안
Albert Brülls,알버트 브륄스
Marco Rose,마르코 로제
Horst Eckel,호르스트 에켈
Katrin Meißner,카트린 마이스너
Richard Sukuta-Pasu,리차드 수쿠타 파수
Roland Wohlfarth,롤란트 볼파르트
Thomas Lange,토마스 랑게
Uwe Reinders,우베 라인더스
Michael Rummenigge,미하엘 루메니게
André Hahn (Fußballspieler),안드레 한
Daniel Stephan,다니엘 슈테판
Erich Hecke,에리히 헤케
Leon Goretzka,레온 고레츠카
Bernhard Schmidt (Optiker),베른하르트 슈미트
Martina Voss-Tecklenburg,마르티나 포스테클렌부르크
Caspar Memering,카스파르 메메링
Otto Rehhagel,오토 레하겔
Siegmund Lubin,지크문드 루빈
Reinhard Saftig,라인하르트 자프티히
Hans-Günter Bruns,한스귄터 브룬스
Walter Junghans,발터 융한스
Hans Bongartz,한스 봉가르츠
Ina Bauer,이나 바우어 (피겨스케이팅 선수)
Karl Leister,카를 라이스터
Johannes Fischer (Schlagzeuger),요하네스 피셔 (타악기주자)
Gerhard Tremmel,게르하르트 트레멜
Rudolf Ismayr,루돌프 이스마이어
Erich Beer,에리히 베어
Eckhard Krautzun,에크하르트 크라우춘
Daniel Hopfer,다니엘 호퍼
Marco Caligiuri,마르코 칼리지우리
Tobias Schweinsteiger,토비아스 슈바인슈타이거
Sandro Wagner,잔드로 바그너
André Schubert,안드레 슈베르트
Ronny Weller,로니 벨러
Albert Zürner,알베르트 취르너
Michael Skibbe,미하엘 스키베
Josef Sommer (Schauspieler),조지프 서머
Bernd Storck,베른트 슈토르크
Franz Anton Maulbertsch,프란츠 안톤 말베르츠
Frank Mill,프랑크 밀
Helmut Lachenmann,헬무트 라헨만
Marko Rehmer,마르코 레머
Jörg Michael,외르크 미하엘
Fin Bartels,핀 바르텔스
Herman Frank,헤르만 프랑크
Shkodran Mustafi,슈코드란 무스타피
Marcel Risse,마르셀 리세
Udo Quellmalz,우도 켈말츠
Jupp Derwall,유프 데어발
Hans Pflügler,한스 플뤼글러
Pierre-Michel Lasogga,피에르미셸 라조가
Thomas Quasthoff,토마스 크바스트호프
Werner Liebrich,베르너 리브리히
Bastian Oczipka,바스티안 오칩카
Christian Wetklo,크리스티안 베트클로
Valdet Rama,발데트 라마
Jan Kirchhoff,얀 키르히호프
Christian Wück,크리스티안 뷔크
Michael Zorc,미하엘 초어크
Ignaz Günther,프란츠 이그나츠 귄터
Werner Olk,베르너 올크
Heiner Goebbels,하이너 괴벨스
Bernhard Klodt,베른하르트 클로트
Günter Hermann,귄터 헤르만
Maximilian Hecker,막시밀리안 헤커
Yvan Goll,이반 골
Ralf Schumann,랄프 슈만
Klaus Wolfermann,클라우스 볼퍼만
Christoph Moritz,크리스토프 모리츠
Erik Möller,에릭 묄러
Ines Geißler,이네스 가이슬러
Paul Renner,파울 레너
Hans-Jochen Vogel,한스요헨 포겔
Benjamin Wess,베냐민 베스
Carl Galle,카를 갈레
Uli Stein (Fußballspieler),울리 슈타인
Hansi Flick,한지 플리크
Raphael Wolf,라파엘 볼프
Tony Jantschke,토니 얀치케
Lior Shamriz,리오 샴리즈
Dieter Burdenski,디터 부르덴스키
Ronald Worm,로날트 보름
Josephine Henning,요제피네 헤닝
Wolfgang Kleff,볼프강 클레프
Matthias Herget,마티아스 헤르게트
Antoine Monot,안톤 모놋 주니어
"Patrick Herrmann (Fußballspieler, 1991)",파트리크 헤르만
Fabian Johnson,페이비언 존슨
Diego Demme,디에고 데메
Paulo Rink,파울루 힝크
Mirko Votava,미로슬라프 포타바
Helmut Kremers,헬무트 크레머스
Apparat (Musiker),아파라트
Marco Engelhardt,마르코 엥엘하트
Eric Braeden,에릭 브래든
Heinrich (princeps militiae),하인리히 (프랑코니아)
Ulrich Tukur,울리히 투쿠어
Marvin Matip,마르뱅 마티프
Uli Borowka,울리히 보로프카
Olaf Marschall,올라프 마르샬
Natalie Horler,나탈리 홀러
Peter Maffay,페터 마파이
Milko Kelemen,밀코 켈레멘
Paul Steiner (Fußballspieler),파울 슈타이너
"Hans Bauer (Fußballspieler, 1927)",한스 바우어
Thomas Sydenham,토머스 시드남
Paul Mebus,파울 메부스
Dieter Herzog,디터 헤르초크
Egid Quirin Asam,에기트 퀴린 아잠
Rouven Sattelmaier,루펜 자텔마이어
Günter Bernard,귄터 베르나르트
Roland Brückner (Turner),롤란트 브뤼크너
Eric Frenzel,에리크 프렌첼
Thorsten Fink,토르스텐 핑크
Rudi Bommer,루돌프 보머
Karim Bellarabi,카림 벨라라비
Ernst Willimowski,에른스트 빌리모프스키
Sebastian Rode,제바스티안 로데
Sebastian Langkamp,세바스티안 랑캄프
Volker Braun,폴커 브라운
Oliver Reck,올리버 레크
Christian Eichner,크리스티안 아이히너
Hannes Löhr,하네스 뢰어
Herbert Erhardt,헤르베르트 에르하르트
Thomas Allofs,토마스 알로프스
Hubert Kah,후베르트 카
Peer Kluge,페어 클루게
Thomas Tuchel,토마스 투헬
Peter Thiel,피터 틸
Christian Nerlinger,크리스티안 네를링거
Max Slevogt,막스 슬레포크트
"Martin Wagner (Fußballspieler, 1968)",마르틴 바그너
Peter Popoff,피터 포포프
Franz Anton Hoffmeister,프란츠 안톤 호프마이스터
Dariusz Wosz,다리우시 보시
Luis Manuel Seijas,리스 마누엘 세이하스
Michael Preetz,미하엘 프레츠
Martin Max,마르틴 막스
Walter Braunfels,발터 브라운펠스
Eric Voegelin,에리히 푀겔린
Stefan Klos,슈테판 클로스
Albert Forster,알베르트 포르스터
Bernard Dietz,베르나르트 디츠
Alessandro Riedle,알레산드로 리들레
Lee Charm,이참
Michael Rother,미하엘 로터
Konrad Frey (Turner),콘라트 프라이
Fritz Laband,프리츠 라반트
Richard Herrmann (Fußballspieler),리하르트 헤르만
Herms Niel,헤름스 닐
Stefan Kretzschmar,슈테판 크레추마어
Wolf Hoffmann (Musiker),울프 호프만
Dennis Diekmeier,데니스 디크마이어
"René Schneider (Fußballspieler, 1973)",레네 슈나이더
Arthur Jonath,아르투어 요나트
Volker Finke,폴커 핑케
Uwe-Jens Mey,우베옌스 마이
Werner Bergengruen,베르너 베르겐그루엔
Thorben Marx,토르벤 마르크스
Otto I. (Schwaben),오토 1세 폰 슈바벤 공작
Jörg Woithe,외르크 보이테
Maik Franz,마이크 프란츠
Max von Schillings,막스 폰 실링스
Gustav Schuft,구스타프 슈프트
Frank Schaffer,프랑크 샤퍼
Norbert Eder,노르베르트 에더
Wolfgang Paul (Fußballspieler),볼프강 파울 (축구 선수)
Josef Posipal,요제프 포지팔
Wolfgang Dremmler,볼프강 드렘러
Axel Jungk,악셀 융크
Anna Schudt,아나 슈트
Manfred Binz,만프레트 빈츠
Rüdiger Abramczik,뤼디거 아브람치크
Maximilian Riedmüller,막시밀리안 리트뮐러
Kessler-Zwillinge,케슬러 쌍둥이
Jörg Böhme,외어흐 뵈메
Heinrich Kwiatkowski,하인츠 크비아트코프스키
Gunnar Sauer,구나르 자우어
Christopher Grotheer,크리스토퍼 그로테어
Axel Wegner,악셀 베그너
Aziz Bouhaddouz,아지즈 부하두즈
Torsten Voss,토르스텐 포스
Marco Russ,마르코 루스
Holger Hieronymus,홀거 히로니무스
Gerd Zewe,게르트 체베
Peter Dietrich (Fußballspieler),페터 디트리히
Manfred Manglitz,만프레트 망글리츠
Ralf Falkenmayer,랄프 팔켄마이어
Dietmar Danner,디트마어 다너
Peter Nogly,페터 노글리
Bernd Patzke,베른트 파츠케
Heinz Hornig,하인츠 호르니크
Hans Hartung,앙스 아르퉁
Hans Dorfner,한스 도르프너
Madison Ivy,매디슨 아이비
Werner Krämer (Fußballspieler),베르너 크레머
Peniel Mlapa,페니엘 음라파
Irmin Schmidt,이르민 슈미트
Robin Dutt,로빈 두트
Alexander Gassner,알렉산더 가스너
Horst Wolter,호르스트 볼터
Mergim Mavraj,머르김 마브라이
Konstantin Rausch,콘스탄틴 라우슈
Lars Stindl,라르스 슈틴들
Timo Wess,티모 베스
Timo Horn,티모 호른
Hakan Çalhanoğlu,하칸 찰하노을루
Marie Clothilde von Frankreich,프랑스의 클로틸드
Sophie in Bayern (1967),리히텐슈타인 후세자빈 조피
John Anthony Brooks,존 브룩스
Werner Rittberger,베르너 리트베르거
Tannhäuser (Dichter),탄호이저 (시인)
Sascha Lewandowski,사샤 레반도프스키
Karl-Heinz Metzner,카를하인츠 메츠너
Michael Frontzeck,미하엘 프론체크
Marvin Bakalorz,마빈 바칼로츠
"Jonas Hofmann (Fußballspieler, 1992)",요나스 호프만
Kerem Demirbay,케렘 데미르바이
Stefan Ortega Moreno,슈테판 오르테가
Hanns Kilian (Bobfahrer),한스 킬리안
Erwin Kremers,에르빈 크레머스
Fritz Szepan,프리츠 슈체판
Heiko Herrlich,하이코 헤를리히
Norbert Nigbur,노르베르트 니크부어
Jörg Freimuth,외르크 프라이무트
Carsten Nicolai,알바 노토
Benedict Wells,베네딕트 벨스
Dirk Theismann,디르크 타이스만
Franz von Liszt,프란츠 폰 리스트
Wolfram Wuttke,볼프람 부트케
Ditmar Jakobs,디트마어 야콥스
Marvin Ducksch,마르빈 두크슈
Erik Durm,에리크 두름
Marcel Halstenberg,마르셀 할스텐베르크
Berti Vogts,베르티 포크츠
Norbert Weber (Benediktiner),노르베르트 베버
Faissal Ebnoutalib,파이살 에브누탈리프
Emil Walter (Fußballspieler),에밀 발터
Felix Wiedwald,펠릭스 비드발트
Klaus Glahn,클라우스 글란
Rolf Zacher,롤프 차허
Bodo Illgner,보도 일그너
Lutz Wanja,루츠 바냐
Martin Hyun,마르틴 현
Daniel Schuhmacher,다니엘 슈마허
Ladislaus von Bortkewitsch,라디슬라우스 보르트키에비치
Magneto (Comicfigur),매그니토
Marc Hornschuh,마크 호언슈어
Kevin Akpoguma,케빈 아크포구마
Sara Däbritz,자라 데브리츠
Walter Harzer,발터 하르처
Martin Odersky,마틴 오더스키
Michael Jurack,미하엘 유라크
David Wagner,다비트 바그너
Birge Schade,비르게 샤데
Jonas Hector,요나스 헥토어
Regina Weber,레기나 베버
Peter Hermann (Schauspieler),피터 허먼
Olga Nemes,올가 네메스
Jürgen Heuser,위르겐 호이저
Chhunly Pagenburg,훈리 파겐부르크
Peter Draisaitl,페터 드라이자이틀
Heinrich Berger (Musiker),헨리 버거
Charles Willoughby,찰스 A. 윌로우비
Liu Xia (Künstlerin),류샤 (작가)
Carsten Haitzler,카르스텐 하이츨러
Daniel Günther,다니엘 귄터
Christian Drosten,크리스티안 드로스텐
Carmen-Maja Antoni,카르멘마야 안토니
Christoph Kramer,크리스토프 크라머
Christine Schorn,크리스틴 쇼른
Christoph Schwöbel,크리스토퍼 슈뵈벨
Clemens Schick,클레멘스 시크
Christian Friedel,크리스티안 프리에델
Christoph Letkowski,크리스토프 레트코브스키
Friedrich August Joseph von Nauendorf,"프리드리히 요제프, 나우엔도르프 백작"
Christiane Rücker,크리스티아네 뤼커
Gretl Braun,그레틀 브라운
Jodocus Trutfetter,요도쿠스 트루트페터
Christina Fischer,크리스티나 피셔
Sven Tippelt,스벤 티펠트
Claudia Hempel,클라우디아 헴펠
Peter Lehel,페터 레헬
Maximilian Arnold,막시밀리안 아르놀트
Lena Lauzemis,레나 라우제미스
Sara Doorsoun,사라 두르순
Constantin von Jascheroff,콘스탄틴 폰 야셰로프
Claudia Michelsen,클라우디아 미헬센
Dieter Puppe,디터 푸페
Dietmar Schacht,디트마르 샤흐트
Dietrich Hollinderbäumer,디트리히 홀린더보이머
Dimitrij Nazarov,디미트리 나자로프
Dorothea von Ertmann,도로테아 폰 에르트만
Denis Kudla (Ringer),데니스 쿠들라 (레슬링 선수)
Stefan Kapičić,스테판 카피치치
Dmitri Wladimirowitsch Wrubel,드미트리 브루벨
Detlef Bothe,데틀레프 보테
Peri Baumeister,페리 바우마이스터
Alicia von Rittberg,알리치아 폰 리트베르크
Stefan Konarske,슈테판 코나르스케
Dominique Heintz,도미니크 하인츠
Henrike Fehrs,헨리케 페어스
Nadeshda Brennicke,나데슈다 브레니케
Frank Reicher,프랭크 레이처
Franz Osterroth,프란츠 오스터로트
Nilam Farooq,닐람 파루크
Elisa Schlott,엘리자 슐로트
Aline Rotter-Focken,알리네 로터포켄
Erich Zeller,에리히 첼러
Nico Schulz,니코 슐츠
Erwin Helmchen,에르빈 헬름센
Ernst-Georg Schwill,에른스트게오르크 슈빌
Felicio Brown Forbes,펠리시오 브라운 포브스
Helmut Schön,헬무트 쇤
Torben Liebrecht,토르벤 리브레히트
Wolfgang Capito,볼프강 카피토
Fabian Holland,파비안 홀란트
Elise Barensfeld,엘리제 바렌스펠트
Petrus van Mastricht,페트루스 판 마스트리흐트
Frank Stäbler,프랑크 슈테블러
Roger Schmidt,로거 슈미트
Nadia Hilker,나디아 힐커
Sarah Engels,자라 엥겔스
Benedikt Wagner,베네딕트 바그너
Karoline Schuch,카롤리네 슈흐
Florence Kasumba,플로렌스 카숨바
Franziska Petri,프란치스카 페트리
Franziska Knuppe,프란치스카 크누페
Florian Panzner,플로리안 판츠너
Maria Dragus,마리아빅토리아 드라구스
Katharina Marie Schubert,카타리나 M. 슈베르트
Ruby O. Fee,루비 O. 피
Gerd B. Achenbach,게르트 B. 아헨바흐
Gerd Bonk,게르트 봉크
Gerd Antes,게르트 안테스
Gereon Krahforst,게레온 크라포르스트
Gabriele Oettingen,가브리엘레 외팅겐
Richard von Schirach,리하르트 폰 시라흐
Gerhard Roth (Biologe),게르하르트 로스 (생물학자)
Gudrun Ritter,구드런 리터
Steffen Weinhold,슈테펜 바인홀트
Godehard Giese,고데하르트 기제
Gottfried Stiehler,고트프리트 슈틸러
Isolde Barth,이솔데 바스
Gottfried Weimann,고트프리트 바이만
Otto Weber (Theologe),오토 베버
Han Ying (Tischtennisspielerin),한잉
Rainer Basedow,라이너 바제도
Heinrich Vogel (Theologe),하인리히 포겔
Jørn Andersen,예른 안데르센
Hannes Beckmann (Musiker),하네스 벡만
Peter Kurth (Schauspieler),페터 쿠르트
Hans Peter Korff,한스 피터 코르프
Hans-Michael Rehberg,한스미하엘 레베르크
Hans Schumm (Schauspieler),한스 슘
Saskia Rosendahl,자스키아 로젠달
Helge Braun,헬게 브라운
Henning Schröer,헤닝 슈뢰어
Hermann Heidegger,헤르만 하이데거
Susanne Wolff,주자네 볼프
Nina Franoszek,니나 프라노젝
Alexander Leipold,알렉산더 라이폴트
Horst Mittelstaedt (Biologe),호르스트 미텔슈테트
Alexander Gauland,알렉산더 가울란트
Rudolf Mang,루돌프 망
Hubertus von Grünberg,후버투스 폰 그륀버그
Imogen Kogge,이모겐 코게
Konstanze von Schulthess,콘스탄체 폰 슐테스
Ina Weisse,이나 바이세
Alexandra Finder,알렉산드라 파인더
Martin Zawieja,마르틴 차비에야
Isabel Kerschowski,이자벨 케르쇼프스키
Jenny Apolant,제니 아폴란트
Igor Jovanović,이고르 요바노비치
Jella Haase,옐라 하제
Jan-Lennard Struff,얀레나르트 슈트루프
Ill-Young Kim,김일영
Jack Nasher,잭 내셔
Lisa Vicari,리자 비카리
Joachim Hossenfelder,요아킴 호센펠더
Janine Wissler,야니네 비슬러
Ronald Zehrfeld,로날트 체르펠트
Johann Kuene van Franckenberg,요한 쿠에네 판 프랑켄베르크
Johannes Strate,요하네스 슈트라테
Joseph M’Barek,요제프 음바레크
Martin Brambach,마르틴 브람바흐
Paul Kluckhohn,파울 클루크혼
Judith Kaufmann,유디트 카우프만
Jorinde Voigt,요린데 포크트
Karoline Eichhorn,카롤리네 에이크혼
Karin Maag,카린 마아그
Norbert Walter-Borjans,노르베르트 발터-보르얀스
Vincenzo Grifo,빈첸초 그리포
Kornelia Greßler,코르넬리아 그레슬러
Katy Karrenbauer,카티 카렌바우어
Kevin Müller,케빈 뮐러
Kralle Krawinkel,게르트 크라빙켈
Leonie Maier,레오니 마이어
Kurt Bock,쿠르트 보크
Lisa Tomaschewsky,리사 토마셰브스키
Leslie Malton,레슬리 말톤
Albrecht Schuch,알브레히트 슈흐
Riem Hussein,리엠 후세인
Lars Rudolph,라르스 루돌프
Liv Lisa Fries,리브 리자 프리스
C418,C418
Ludwig Trepte,루트비히 트렙테
Lars Eidinger,라르스 아이딩거
Lavinia Wilson,라비니아 빌손
Louis Hofmann,루이스 호프만
Marc Hosemann,마르크 호제만
Loy Hering,로이 헤링
Maximilian Mauff,막시밀리안 마우프
Marek Harloff,마레크 하를로프
Maria Ehrich,마리아 에를리히
Max von der Groeben,맥스 본 더 그로벤
Marianne Hettinger,마리안 헤팅어
Mark Zak,마르크 차크
Martin Wölfel,마틴 뵐펠
Melanie Leupolz,멜라니 로이폴츠
Nairy Baghramian,나이리 바그라미안
Heinz Ziegler,하인츠 치글러
Max Emanuel Herzog in Bayern,막스에마누엘 헤어초크 폰 바이에른
Onel Hernández,오넬 에르난데스
Michael Brandner (Schauspieler),미하엘 브란트너
Navíd Akhavan,나비드 아카반
Nikola Kastner,니콜라 카스트너
Nina Kunzendorf,니나 쿤첸도르프
Nikolaus van Bueren,니콜라우스 판 부에렌
Peter Behrens (Schlagzeuger),페터 베렌스 (음악가)
Milena Tscharntke,밀레나 차른트케
Peter Beyerhaus,페터 바이어하우스
Helena von Schleswig-Holstein-Sonderburg-Glücksburg,헬레네 아델하이트 빅토리아 마리 폰 슐레스비히홀슈타인존더부르크글뤽스부르크
Paula Beer,파울라 베어
Simon Episcopius,시몬 에피스코비우스
Carl Wilhelm Freund Walther,카를 발터
Red Skull,레드 스컬
Peter Fitz,페터 피츠
Oliver Masucci,올리버 마수치
Ralf Kellermann,랄프 켈레르만
Stephan Weil,슈테판 바일
Birgit Fischer (Kanutin),비르기트 피셔
Nur Fettahoğlu,누르 페타홀루
Johannes Geis,요하네스 가이스
Tobias Rieder,토비아스 리더
Stephan Grossmann,슈테판 그로스만
Ruth Landshoff,루트 란츠호프
Stephan Remmler,슈테판 렘러
Theodor Undereyck,테오도르 운데어아익
Vladimir Lossky,블라디미르 로스키
Thomas Limpinsel,토마스 림핀젤
Thomas Heinze,토마스 하인체
Sebastian Blomberg,제바스티안 블롬베르크
Thomas Kemmerich,토마스 켐머리히
Tobias A. Schliessler,토비아스 A. 슐리슬러
Uğur Şahin,우우르 샤힌
Ulrike Krumbiegel,울리케 크룸비겔
Valeria Eisenbart,발레리아 아이젠바르트
Vicky Krieps,비키 크립스
Ursula Haverbeck,우르줄라 하페르베크
Max Wünsche,막스 뷘셰
Volker Bruch,볼커 브루흐
Vinzenz Kiefer,빈첸츠 키퍼
Wilhelm Emrich,빌헬름 엠리히
Alexander Allerson,알렉산더 알레슨
Willi Orban,빌리 오르반
Alexander S. Kekulé,알렉산더 케쿨레
Cosima Shaw,코시마 쇼
Hedwig Potthast,헤트비히 포타스트
Friedrich-Georg Eberhardt,프리드리히게오르크 에버하르트
Christian Günter,크리스티안 귄터
Alice Dwyer,앨리스 드바이어
Fabian Schnellhardt,파비안 슈넬하르트
Werner Koch (Softwareentwickler),워너 코흐
Lina Heydrich,리나 하이드리히
Gerhard Engel (General),게르하르트 엥겔
Jeremy Toljan,예레미 톨리안
Edmund Roßmann,에드문트 로스만
Hans Andersag,한스 안데르자크
Julian Brandt,율리안 브란트
Kaan Ayhan,카안 아이한
Fritz Klingenberg,프리츠 클링겐베르크
Erich Redman,에리히 레트만
Gustav Rau (Leichtathlet),구스타프 라우
Sophie Charlotte (Schauspielerin),소피 샤를로치
Wulff-Dieter Heintz,울프-디터 하인츠
Helmut Kunz,헬무트 쿤츠
Anni Rehborn,아니 레보른
Adrienne McQueen,에이드리언느 맥퀸
Marian Sarr,마리안 자어
Marc Stendera,마르크 슈텐데라
Alexandré Pölking,알렉산드레 푈킹
Falk Hentschel,팔크 헨첼
Ernst von Freyberg,에른스트 폰 프라이베르크
Susanne König,주자네 쾨니히
Fritz Albrecht (General),프리츠 알브레히트
Mark Uth,마르크 우트
Branko Tomović,브랑코 토모빅
Timo Werner,티모 베르너
Gennadi Vengerov,겐나디 벤게로브
Laura Dahlmeier,라우라 달마이어
Greta Meyer,그레타 마이어
Lee Kohlmar,리 콜마
Walter Christaller,발터 크리스탈러
Hanni Rehborn,하니 레보른
Max Meyer (Fußballspieler),막스 마이어
Knut Berger,크누트 베르거
Ilse Braun,일제 브라운
Philipp Grubauer,필리프 그루바워
Jürgen Damm,위르겐 담
Peter Leibing,페터 라이빙
Jannik Bandowski,야닉 반도프스키
Dolkun Isa,돌쿤 이사
Paul Koslo,폴 코슬로
Nursel Köse,누르셀 쾨세
Sergei Wladimirowitsch Taborizki,세르게이 타보리츠키
Thomas Röhler,토마스 뢸러
Justin Eilers,저스틴 아일러스
Julius Rehborn,율리우스 레보른
Karl Herzog (General),카를 헤어초크
Sandy Helberg,샌디 헬버그
Frauke Petry,프라우케 페트리
Louis Adlon (Schauspieler),루이스 아들론
Dennis Schröder,데니스 슈뢰더
Sven Beckert,스벤 베커트
Niklas Süle,니클라스 쥘레
Arlissa,아를리사
Lukas Raeder,루카스 레더
Wolfgang Kroll,볼프강 크롤
Victor Beaumont,빅터 보몬트
Linda Hesse,린다 헤세
Levin Öztunali,레빈 외즈투날르
Thorsten Kaye,토르스텐 카이에
Jürgen Hinzpeter,위르겐 힌츠페터
Christoph Harting,크리스토프 하르팅
"Georg von Waldersee (Offizier, 1860)",게오르크 폰 발더제
Hendrik Bonmann,헨드릭 본만
Nicole Hansen,니콜 한슨
Torsten Voges,토르스텐 포게스
Davie Selke,다비 젤케
Burak Karan,부라크 카란
Ernst Hermann Himmler,에른스트 헤르만 힘러
Gebhard Ludwig Himmler,게프하르트 루트비히 힘러
Alexander Zverev,알렉산더 즈베레프
Jost Gippert,요스트 기퍼트
Jonathan Tah,조나탕 타
Julian Green,줄리언 그린
Lina Larissa Strahl,리나 라리사 슈트랄
Joshua Kimmich,요주아 키미히
Thomas Lemke (Soziologe),토마스 렘케
Leon Draisaitl,레온 드라이자이틀
Hans Kremer,한스 크레머
Yannick Gerhardt,야니크 게르하르트
Stanislaw Iljutschenko,스타니슬라프 일류첸코
Melvyn Lorenzen,멜빈 로렌즌
Friederike Becht,프레데리케 베흐트
Robin Gosens,로빈 고젠스
Sanny van Heteren,자니 판헤테렌
Katrin Gebbe,카트린 게베
Christian Wunderlich (Mediziner),크리스티안 분더리히 (1806년)
Hieronymus Wilhelm Ebner von Eschenbach,히에로니무스 빌헬름 에브너 폰 에센바흐
Aenne Schwarz,에네 슈바르츠
Fabian Wagner,파비안 바그너
Ihlas Bebou,이흘라스 베부
Sinja Dieks,시냐 디크스
Marianne Stewart,마리앤 스튜어트
Hagen Reinhold,하겐 라인홀트
Patrick Mainka,파트리크 마인카
Klaus Schormann,클라우스 쇼르만
Kenan Karaman,케난 카라만
Philipp Max,필리프 막스
Erwin Bowien,에르빈 요하네스 보비엔
Julian Weigl,율리안 바이글
Lena Klenke,레나 클렝케
Robin Schulz,로빈 슐츠
Lukas Klostermann,루카스 클로스테르만
Maximilian Philipp (Fußballspieler),막시밀리안 필리프
Franz Rogowski,프란츠 로고프스키
Svenja Jung,스베냐 융
Lea Schüller,레아 쉴러
Virtual Riot,버추얼 라이엇
Römer %2B Römer,뢰머%2B뢰머
John Keogh (Schauspieler),존 키오
Leroy Sané,리로이 자네
Lea van Acken,레아 판아켄
Gianluca Gaudino,잔루카 가우디노
Daniel Jasinski,다니엘 야신스키
Alexander Schwolow,알렉산더 슈볼로브
Stefanie Giesinger,슈테파니 기징거
Pascal Stenzel,파스칼 슈텐첼
Peter Kohl (Unternehmer),페터 콜
Marnon Busch,마르논 부슈
Kim Riedle,킴 리들레
Clara-Jumi Kang,클라라 주미 강
Mahmoud Dahoud,마흐무드 다후드
Teesy,티지 (가수)
Marius Wolf,마리우스 볼프
Maximilian Eggestein,막시밀리안 에게슈타인
Janek Sternberg,야네크 슈테른베르크
Erwin Fehlberg,에르빈 펠베르크
Lisa Unruh,리자 운루흐
Christoph Zimmermann (Fußballspieler),크리스토프 치머만
Donis Avdijaj,도니스 아브디야이
Rochus Leonhardt,로후스 레온하르트
Stefan Baumeister,슈테판 바우마이스터
Fabian Benko,파비안 벤코
Robert Bauer (Fußballspieler),로베르트 바우어
Narges Rashidi,나르게스 라시디
Felix Jaehn,펠릭스 옌
Franziska Giffey,프란치스카 기파이
Daniel Lindemann,다니엘 린데만
Anna Ewers,아나 에베르스
August Wittgenstein,아우구스트 비트겐슈타인
Nadiem Amiri,나딤 아미리
Ann Sophie,앤 소피
Felix Götze,펠릭스 괴체
Luca Waldschmidt,루카 발트슈미트
Eva Umlauf,에바 움라우프
Jessy Ares,제시 아레스
Ulrich Spiesshofer,울리히 스피어스호퍼
Emma Bading,에마 바딩
Robert Andrich,로베르트 안드리히
Dennis Mojen,데니스 모옌
Namika,나미카
Vitalij Lux,비탈리 룩스
Thilo Kehrer,틸로 케러
Luise Befort,루이제 베포르트
Oliver Blume (Manager),올리버 블루메
Felix Passlack,펠릭스 파슬라크
Jochen Küpper,요헨 퀴퍼
Johannes Eggestein,요하네스 에게슈타인
Alexander Nübel,알렉산더 뉘벨
Grischa Prömel,그리샤 프뢰멜
Lilith Stangenberg,릴리트 슈탕겐베르크
Bibi Bourelly,비비 보릴리
Benjamin Henrichs (Fußballspieler),베냐민 헨릭스
Alexander Dreymon,알렉산더 드레이먼
Julian Nagelsmann,율리안 나겔스만
Çağla Korkmaz,찰라 코르크마즈
Mariama Jamanka,마리아마 야망카
Andreas Winkelmann,안드레아스 빙켈만
Cebio Soukou,세비오 수쿠
Jennifer Teege,예니퍼 티에게
Vinzenz Geiger,빈첸츠 가이거
Magda Staudinger,마그다 슈타우딩거
Malina Weissman,멀리나 와이스먼
Emma Drogunova,엠마 드로구노바
Jamie-Lee Kriewitz,제이미리 크리비츠
Waldemar Anton,발데마르 안톤
Kristin Pudenz,크리스틴 푸덴츠
Salih Özcan,살리흐 외즈잔
Kwasi Okyere Wriedt,콰시 오키어 브리트
Robin Koch,로빈 코흐
Zazie Beetz,자시 비츠
Henri Junghänel,헨리 융헤넬
Jannes Horn,야네스 호른
Shirin David,시린 다비드
Reinhold Hanning,라인홀트 하닝
Uisenma Borchu,위센마 보르추
Florian Wellbrock,플로리안 벨브로크
Pol Lirola,폴 리롤라
TheFatRat,더팻랫
Kai Havertz,카이 하베르츠
Florian Neuhaus,플로리안 노이하우스
Josef Gangl (Offizier),요제프 강글
Martina Barta,마르티나 바르타
Alice Weidel,알리스 바이델
Joachim Frank (Biologe),요아힘 프랑크
Lucie Jones,루시 존스
Domenico Tedesco,도메니코 테데스코
Jordan Torunarigha,요르단 토루나리가
David Raum,다비트 라움
Martin Schumacher (Statistiker),마틴 슈마허
Marcel Barthel,루디윅 카이저
Alice Merton,앨리스 머튼
Levina,레비나
Daniel Farke,다니엘 파르케
Lukas Nmecha,루카스 은메차
Mohamed Dräger,모하메드 드래거
Youssoufa Moukoko,유수파 무코코
Bella Dayne,벨라 데인
Yann Aurel Bisseck,얀 아우렐 비세크
Dora Richter,도라 리히터
Tino Chrupalla,티노 흐루팔라
Ridle Baku,리들레 바쿠
Chris Führich,크리스 퓌리히
Gideon Adlon,기디언 애들론
Fiete Arp,얀피에테 아르프
Juju (Rapperin),유유 (래퍼)
Lennard Maloney,레너드 말로니
Wilhelm Heinrich Neuser,빌헬름 하인리히 노이저
Florian Munteanu,플로리안 문테아누
Deniz Undav,데니스 운다브
Kevin Behrens,케빈 베렌스
Timo Hübers,티모 휘버스
Anna-Maria Wagner,아나마리아 바그너
Karim Adeyemi,카림 아데예미
Au/Ra,Au/Ra
Adrian Fein,아드리안 파인
Keven Schlotterbeck,케벤 슐로터베크
Nora Fingscheidt,노라 핑샤이트
Bettina Heinen-Ayech,베티나 하이넨아이예흐
Nico Schlotterbeck,니코 슐로터베크
Armel Bella-Kotchap,아르멜 벨라코차프
Adeline Rudolph,아델린 루돌프
Helena Zengel,헬레나 쳉겔
Josip Stanišić,요시프 스타니시치
Edin Terzić,에딘 테르지치
Maduka Okoye,마두카 오코예
Hannah Neise,하나 나이제
Meltem Kaptan,멜템 카프탄
Felix Nmecha,펠릭스 은메차
Ismail Jakobs,이스마일 야콥스
Angry German Kid,독일초딩
Heinrich XIII. Prinz Reuß,하인리히 로이스
Malick Thiaw,말릭 티아우
Maximilian Beier,막시밀리안 바이어
Lazar Samardžić,라자르 사마르지치
Florian Wirtz,플로리안 비르츠
Eduard Trippel,에두아르트 트리펠
Özlem Türeci,외즐렘 튀레지
Jamal Musiala,자말 무시알라
Kevin Schade,케빈 샤데
Ye-One Rhie,이예원 (정치인)
Lorena Brandl,로레나 브란들
Marcel Hopp,마르셀 호프
Ela Aydin,엘라 아이딘
Assan Ouédraogo,아산 우웨드하우구
Ivana Rudelić,이바나 루델리치
Jasmin Selberg,재스민 셀버그
Yusuf Kabadayı,유수프 카바다이
Noah Darvich,노아 다르위시