Seoul,서울특별시
Gwangju,광주광역시
Incheon,인천광역시
Busan,부산광역시
Daegu,대구광역시
Daejeon,대전광역시
Suwon,수원시
Republic of Korea,대한민국
Ulsan,울산광역시
Goyang-si,고양시
Changwon,창원시
Seongnam-si,성남시
Eastern Asia,동아시아
Hallasan,한라산
Chuncheon,춘천
Jeonju,전주시
Cheongju-si,청주시
Cheonan,天安市
Jeju City,제주시
Andong,안동시
Gyeongsangbuk-do,경상북도
Gyeongju,경주시
Gunsan,군산시
Kimhae,김해시
Gimcheon,김천
Iksan,익산시
Chungju,충주
Bucheon-si,부천시
Osan,오산시
Asan,아산
Jeollanam-do,전라남도
Jirisan,지리산
Chinju,진주시
Ansan-si,안산시
Incheon International Airport,인천국제공항
Sejong,世宗
Gyeongsan-si,경산시
Gyeonggi-do,경기도
Gwangju,광주광역시
Gwangju,광주시
Guri-si,구리시
Gumi,龜尾市
Gongju,공주시
Gangwon,강원도
Gangneung,강릉시
Icheon-si,이천시
Hwaseong-si,화성시
Chungcheongnam-do,충청남도
Chungcheongbuk-do,충청북도
Pyeongtaek,평택시
Pohang,포항
Mungyeong,문경
Mokpo,목포
Miryang,밀양시
Yangsan,양산
Yangju,양주
Wŏnju,원주시
Suncheon,순천
Seosan,서산시
Seoraksan,설악산
Jeollabuk-do,전라북도
Anyang-si,안양시
Anseong,안성
Yeosu,여수시
Gyeongsangnam-do,경상남도
Hanam,하남
Namyangju,남양주시
Jeju International Airport,제주국제공항
Asia,아시아
Gimpo International Airport,김포국제공항
Sejong-si,세종특별자치시
Jeongeup,정읍시
Koch'ang,고창
Incheon,인천광역시
Hongch’ŏn,홍천군
Pyeongchang,평창군
Busan,부산광역시
Nonsan,논산시
Masan,마산
Yeongju,영주
Yeoju,여주시
Yesan,예산군
Wanju,완주
Ulsan,울산광역시
Uijeongbu-si,의정부시
Daejeon,대전광역시
Daegu,대구광역시
Seoul,서울특별시
Sokcho,속초
Cheongsong gun,청송
Jeju-do,제주특별자치도
Changnyeong,창녕
Muan International Airport,무안국제공항
Gunsan Airport,군산공항
Yeosu/Suncheon Airport,여수공항
Busan / Gimhae International Airport,김해국제공항
Sacheon Airport,사천공항
Seoul Air Base,서울공항
Saha-gu,사하구
Yeosu Gu Hang,여수구항
Yeosu Sin-Hang,여수신항
Gyeongsan-si,경산시
Gyeongpoho,경포호
Kyebang-san,계방산
Gwangyang-si,광양시
Kwangwŏl-li,광원리
Gwangsan-gu,광산구
Gwangju-si,광주시
Gwanak-gu,관악구
Guam-ri,구암리
Kuŭm-ni,구읍리
Kusal-li,구산리
Gurye-gun,구례군
Kurye,구례
Guro-gu,구로구
Gunwi-gun,군위군
Kunwi,군위
Gunsan-si,군산시
Geumsan-gun,금산군
Gimpo-si,김포시
Gimje-si,김제시
Gumi-si,구미시
Kŭmgang-ni,금강리
Geumchon-dong,금촌동
Goyang-si,고양시
Goseong-gun,고성군
Goseong-gun,고성군
Goryeong-gun,고령군
Koho-ri,고포리
Gongju-si,공주시
Kongjŏl-li,공전리
Komang-ni,고막리
Gokseong-gun,곡성군
Geoje-si,거제시
Goheung-gun,고흥군
Goesan-gun,괴산군
Geochang-gun,거창군
Gochang-gun,고창군
Gimhae-si,김해시
Kiltu-ri,길두리
Gijang,기장
Gangseo-gu,강서구
Gangneung-si,강릉시
Gangnam-gu,강남구
Gangjin-gun,강진군
Ganghwa-gun,강화군
Gangcheonri,강천리
Gakhoeri,각회리
Kaeksal-li,객산리
Inje-gun,인제군
Imsil-gun,임실군
Imsil,임실
Rinsen-ri,임전리
Iksan-si,익산시
Icheon-si,이천시
Hwasun-gun,화순군
Hwasun,화순
Paroho,파로호
Hwacheon,화천군
Hwaam-ni,화암리
Haktong-ni,흥학리
Hongseong-gun,홍성군
Hongcheon-gun,홍천군
Hoeryong-ni,회룡리
Hoengseong-gun,횡성군
Hoegok-ri,회곡리
Hapcheon-gun,합천군
Hanteo,한터
Hamyang-gun,함양군
Hampyeong-gun,함평군
Hampyeongsaengtaegongwon,함평생태공원
Hambaek-san,咸白山
Haman-gun,함안군
Kaigen-ri,해원리
Haenam-gun,해남군
Haenam,해남
Hadong-gun,하동군
Yeongju-si,영주시
Chwaul-li,좌운리
Tongyeong-si,통영시
Chungju-si,충주시
Jung-gu,중구
Jung-gu,중구
Chuncheon-si,춘천시
Jumunjin,주문진
Sancheong-gun,산청군
Pyeongtaek,평택시
Pyeongchang-gun,평창군
Buyeo-gun,부여군
Bunin-ri,분원리
Bucheon-si,부천시
Buan-gun,부안군
Boeun-gun,보은군
Boseong-gun,보성군
Boryeong-si,보령시
Buphang,법흥리
Bonghwa-gun,봉화군
Ponghang-ni,봉학리
Pohang-si,포항시
Pocheon-si,포천시
Pangch’ul-li,방춘리
Paju-si,파주시
Okcheon-gun,옥천군
Osal-li,오산리
Nonsan-si,논산시
Battei-ri,벌정리
Namyangju-si,남양주시
Namwon,남원시
Namhae-gun,남해군
Naju-si,나주시
Naju,나주
Naeseongdongni,내성동리
Naedong-ni,내동리
Muju-gun,무주군
Mugal-li,묵안리
Muan-gun,무안군
Mokpo-si,목포시
Miryang-si,밀양시
Mapo-gu,마포구
Mantoku-ri,만덕리
Heunghae,흥해
Enhei-ri,연평리
Yeonil,연일
Yeongwol-gun,영월군
Neietsu,영월
Yeongsinjigu,영신지구
Yongsin-ni,영신리
Yongsan-gu,용산구
Hogye-ri,호계리
Eiden-ri,영전리
Yongjamdong,용잠동
Yongin-si,용인시
Yongil-li,용일리
Suroe-ri,영관리
Yeonggwang-gun,영광군
Yeongdeungpo-gu,영등포구
Yeongdong-gun,영동군
Yeongdeok-gun,영덕군
Yeongdo-gu,영도구
Yeongdo,영도
Yeongcheon-si,영천시
Yongbal-li,용반리
Yeongam-gun,영암군
Nanren-ri,연동리
Yeoncheon-gun,연천군
Yeoju-si,여주시
Yeosu-si,여수시
Yesan-gun,예산군
Yecheon-gun,예천군
Yangyang-gun,양양군
Yangsan-si,양산시
Yangpyeong-gun,양평군
Yanggu-gun,양구군
Yanggu,양구
Wonju-si,원주시
Inshin-ri,원진리
Gyeongju,경주시
Wolmun-ri,월문리
Ayeom,아염
Wando-gun,완도군
Eunpyeong-gu,은평구
Unden-ri,운전리
Eumseong-gun,음성군
Ulleung-gun,울릉군
Ulju-gun,울주군
Uljin-gun,울진군
Uiseong-gun,의성군
Uiryeong-gun,의령군
Uijeongbu-si,의정부시
Tokugan-ri,득암리
Enko-ri,연호리
Dongnae-gu,동래구
Dongjak-gu,동작구
Donghae-si,동해시
Tonghae-ri,동해리
Dong-gu,동구
Dongducheon,동두천시
Dongdaemun-gu,동대문구
Deokso-ri,덕소리
Todong-ni,도청리
Dobong-gu,도봉구
Danyang-gun,단양군
Tannae,단천리
Dangjin-si,당진시
Tangjin,당진시
Tangam-ni,당암리
Damyang-gun,담양군
Dalseong-gun,달성군
Taeya-ri,대야리
Taesal-li,대산리
Taeha-dong,태하리
Daedeok-gu,대덕구
T’aebaek,태백
Suwon-si,수원시
Suryang-ni,수양리
Suncheon-si,순천시
Sunchang-gun,순창군
Seosan-si,서산시
Songsal-li,송산리
Songsal-li,송살리
Seongnam-si,성남시
Seongju-gun,성주군
Seishin-ri,성진리
Gangdong-gu,강동구
Songchon-ri,송촌리
Gangbuk-gu,강북구
Songam-ni,송암리
Seomeosuji,섬어두지
Sokcho-si,속초시
Seogwipo-si,서귀포시
Seo-gu,서구
Seodaemun-gu,서대문구
Seocheon-gun,서천군
Shingetsu-ri,신월리
Shingetsu-ri,신월리
Sinhang-ni,신학리
Sinan-gun,신안군
Siheung,시흥시
Rentei-ri,산정리
Sangju-si,상주시
Cheorwon-gun,철원군
Jeonju-si,전주시
Cheongyang-gun,청양군
Cheongwon-gun,청원군
Jeongeup-si,정읍시
Jeongseon-gun,정선군
Cheongpyeong-ri,청평리
Jongno-gu,종로구
Cheongju-si,청주시
Cheonggye-ri,청계리
Cheongdo-gun,청도군
Ch’ŏnbu-ri,천부리
Cheonan-si,천안시
Chodong-ni,조동리
Jinju-si,진주시
Jindo-gun,진도군
Jincheon-gun,진천군
Jinbeol-ri,진벌리
Jinan-gun,진안군
Jinan-gun,진안군
Chilgok-gun,칠곡군
Jidun-ri,지둔리
Jeju-si,제주시
Jecheon-si,제천시
Teisen,제천시
Changwon-si,창원시
Jangsu-gun,장수군
Jangseong-gun,장성군
Jangpyeong-ri,장평리
Changnyeong-gun,창녕군
Janghyeonjigu,장현
Jangheung-gun,장흥군
Tangsa-do,당사도
Asan-si,아산시
Anyang-si,안양시
Anseong,안성시
Anho-ri,안호리
Andong-si,안동시
Allakri,안락리
Wabu,와부
Neungnae-ri,능내리
Nomun-ri,노문리
Gangjaegusoryeongginyeomtapgongwon,강재구소령기념탑공원
Seongdong-gu,성동구
Gwangjin-gu,광진구
Jungnang-gu,중랑구
Nowon-gu,노원구
Seongbuk-gu,성북구
Yangcheon-gu,양천구
Geumcheon-gu,금천구
Seocho-gu,서초구
Songpa-gu,송파구
Ilsan I Jigu,일산2동
Lotte World,롯데월드
Seoul Forest,서울숲
Tapgol Park,탑골공원
Phoenix Snow Park,휘닉스스노우파크
Toegye Il.I Jigu,퇴계1.2.지구
Songtangongdan,평택송탄지방산업단지
Wongokgongdan,원곡공단
Chilgwasaneopdanji,칠과산업단지
Pyeongtaeksaneopdanji,평택산업단지
Hyeongokilbanjibang-sanoepdanji,현곡일반지방산업단지
Bukjeju,북제주
Hwacheon-gun,화천군
Taebaek-si,태백시
Hanam-si,하남시
Ansan-si,안산시
Gunpo-si,군포시
Gwangmyeong-si,광명시
Osan-si,오산시
Uiwang-si,의왕시
Gwacheon-si,과천시
Guri-si,구리시
Yangju-si,양주시
Seo-gu,서구
Nam-gu,남구
Buk-gu,북구
Dong-gu,동구
Sasang-gu,사상구
Yeonje-gu,연제구
Haeundae-gu,해운대구
Gangseo-gu,강서구
Geumjeong-gu,금정구
Gijang-gun,기장군
Seo-gu,서구
Gyeyang-gu,계양구
Bupyeong-gu,부평구
Namdong-gu,남동구
Yeonsu-gu,연수구
Dong-gu,동구
Taean-gun,태안군
Gyeryong-si,계룡시
Jeungpyeong-gun,증평군
Yuseong-gu,유성구
Seo-gu,서구
Jung-gu,중구
Dong-gu,동구
Yeongyang-gun,영양군
Dalseo-gu,달서구
Seo-gu,서구
Nam-gu,남구
Jung-gu,중구
Buk-gu,북구
Dong-gu,동구
Suseong-gu,수성구
Ojeong-gu,오정구
Buk-gu,북구
Nam-gu,남구
Gukripsumogwon,국립수목원
Gimcheon-si,김천시
Hwaseong-si,화성시
Mungyeong-si,문경시
Sacheon-si,사천시
Samcheok-si,삼척시
Wanju-gun,완주군
Cheongsong-gun,청송군
Gapyeong-gun,가평군
Busanjin-gu,부산진구
Jung-gu,중구
Michuhol,미추홀구
Nam-gu,남구
Dong-gu,동구
Jung-gu,중구
Buk-gu,북구
Ongjin-gun,옹진군
Suyeong-gu,수영구
Daedeok-yeongu Il Danji,대덕연구1단지
Namwon-gwangwangdanji,남원관광단지
Damyangho-gwangwangji,담양호관광지
Jonam Je I Saneopdanji,조남제2산업단지
Yeongam,영암
Songamgongeopdanji,송암공업단지
Kŏmsan-dong,Kŏmsal-li
Guryongdong,구룡동
Baekhakdong,백학동
Baekseokdong,백석동
Neungdong,능동
Bonggokdong,봉곡동
Panbudong,판부동
Gayagongwon,가야공원
Daesingongwon,대신공원
Miansancheyukgongwon,미안산체육공원
Millakgongwon,민락공원
Eden Gongwon,에덴공원
Suryanggongwon,수량공원
Junganggongwon,중앙공원
Naengjeong,냉정
Janghanghang,장항항
Mokpo,목포
Gundeul,군들
Kyesal-li,계산리
Kyera-ri,계라리
Gyemyeongsan,계명산
Kwisal-li,귀산리
Kwidul-li,귀둔리
Kwangha-ri,광하리
Kwangam-ni,광암리
K’waesang-ni,쾌상리
Kuryong-ni,구룡리
Kunnong-ni,군농리
Gunip,군입
Kŭmsŏng-ni,금성리
Kŭmp’ung-ni,금풍리
Kimba-ri,금마리
Kŭmho-ri,금호리
Kŭmch’ŏl-li,금천리
Kuksal-li,국산리
Hagujado,하구자도
Kuhang-ni,구학리
Kugyo-ri,구교리
Kugong-ni,신곡리
Kumam-ni,검암동
Gokduyeo,곡두여
Goipo,고이포
Goheonsan,고헌산
Geogeumdo,거금도
Godaedo,고대도
Kkamakseom,까막섬
Gilmado,길마도
Kijwa-ri,기좌리
Kaptul-li,갑둔리
Kangsal-li,강산리
Kangjŏng-ni,강정리
Kangjŏl-li,강절리
Kaltong-ni,갈동리
Gakeuldo,각흘도
Kahyŏl-li,가현리
Kahang-ni,가학리
Gagok-ri,가곡리
Taeryong-ni,대룡리
Gaecheok-ri,개척리
Gadeokdo,가덕도
Kadae-ri,가대리
Gacheon,가천
Kaji-ri,가차리
Kaa-ri,가아리
Rigetsu-ri,이월리
Iŭm-ni,이읍리
Rifu-ri,이포리
Ninken-ri,임현리
Imgye,임계
Hyŏl-li,현리
Kempyo-ri,현평리
Hyeoldo,혈도
Hyangsal-li,향산리
Hyangho,향호저수지
Hwasong-ni,화송리
Hwangseo,황서
Hwangji-dong,황지동
Hwanae-ri,화내리
Hwagye-ri,화계리
Gokkalseom,고깔섬
Hage,하개
Heunghori,흥호리
Kitsu-ri,흘리
Kokusen-ri,흑천리
Baegamsan,백암산
Josling Island,흑일도
Heosado,허사도
Homyeong-ri,호명리
Hawŏlch’ŏl-li,하월천리
Hosunae-ri,하수내리
Hanagwoldo,하낙월도
Han’gye-ri,한계리
Hakkye-ri,학계리
Hajedu-ri,하저
Hahoeumdong,하호음동
Kakugi-ri,학의리
Hagaldo,하갈도
Haengwŏl-li,행월리
Haengjŏng-ni,행정리
Jwacheon,좌천
Chungt’ong-ni,중동리
Chungsal-li,중산리
Chungsal-li,중산리
Chungnyeongsan,祝靈山
Chungdo,충도
Junam,주남
Chuksal-li,죽산리
Sangga-ri,상가리
Sanggaldo,상갈도
Tomun-dong,도문동
Undae-ri,운대리
Sari-ri,사정리
Sagon-ni,사곶리
Jodo,조도
Saeseom,새섬
Saengildo,생일도
Saengdong,생동
Witsaemok,윗새목
Sinchon,신촌
Byeongsanyeoldo,병산열도
P’yŏngjang-ni,평장리
Pyeongildo,평일도
Heikatsu-ri,평활리
P’yŏngdong-ni,평동리
P’yŏngch’ol-li,평촌리
Fuhei-ri,부평리
Bupyeong-ri,부평리
Bundo-ri,분토리
Bulmudo,불무도
Bulmodo,불모도
Burukin To,불근도
Puktong-ni,북동리
Puhwang-ni,부황리
Budo,부도
Pual-li,부안리
Buado,부아도
Bureumdo,불음도
Pongsŏl-li,봉선리
Pongsal-li,봉산리
Pongsal-li,봉산리
Pongsal-li,봉산리
Pongnim-ni,봉림리
Pongnae-ri,봉내리
Pongmyŏng-ni,봉명리
Bonghwagol,봉화골
Tongho-ri,동호리
Naebong-ni,봉덕리
Pongch’ŏl-li,봉천리
Beolgyo,벌교
Bokseom,복섬
Bogildo,보길도
Biyangdo,飛揚島
Pibak-kol,피약골
Biseulsan,비슬산
Piryong-ni,비룡리
Pigumu Do,비금도
Paryeongsan,팔영산
Bangil-ri,방일리
Panghang-ni,방학리
Bangtaesan,방태산
Pangch’ol-li,방촌리
Ritsugen,밤벼루
Pallyong-ni,반용리
Yeoldo,열도
Paekho-ri,백호리
Paegyang-ni,백양리
Paegya-ri,백야리
Baeam,배암
Oryukdo,오륙도
Chugam-ni,죽암리
Oktong-ni,옥동리
Okchŏl-li,옥전리
Ong-ni,옥리
Oido,오이도
Oeongchiri,외옹치리
Oepasudo,외파수도
Janggodo,장고도
Oedo,외도
Odae-san,오대산
Jamdo,잠도
Neunggyeongbong,능경봉
Kŭmsa-ri,금사리
Yuldo,율도
Norooreum,노로오름
Daenoindo,대노인도
Neopdo,넙도
Nae-do,넙도
Neopgori,넙고리
Nongsang-ni,노상리
Noha-ri,노하리
Noch’ŏl-li,노천리
Namgye-ri,남개리
Namdae-ri,남대리
Nansen-ri,남전리
Namchang,남창
Namch’ang-ni,남창리
Namae-ri,남애리
Nalgaji,날가지
Noil-li,노일리
Naepasudo,내파수도
Naejangsangungnipgongwon,내장산국립공원
Naegong-ni,내곡리
Murŭng-ni,무릉리
Munsubong,문수봉
Munho-ri,문호리
Paju,파주
Munchonri,문촌리
Mulkkaemal,물깨말
Muktong-ni,묵동리
Mudo-ri,무도리
Monam-ri,모남리
Mukkong-ni,묵곡리
Mokpooehangbudu,목포외항부두
Mokkye-ri,목계리
Mogong-ni,모곡리
Tangetsu-ri,단월리
Modo-ri,모도리
Miya-ri,미야리
Miam-ni,미암리
Maseogu-ri,마석우리
Mapyeong,마평제
Mangu-dong,망우동
Mangsal-li,망산리
Maldo,말도
Maemuldo,매물도
Maemul-to,매물도
Maegong-ni,매곡리
Yunae-ri,유서리
Yusal-li,유산리
Yŏt’al-li,여탄리
Rosui-ri,여수리
Taro To,여서도
Yŏnsal-li,연산리
Rensei-ri,연정리
Yongyŏl-li,용연리
Yŏn’gu-ri,연구리
Yongt’al-li,용탄리
Yongso-ri,용소리
Yongsal-li,용산리
Yongsal-li,용산리
Yeongsan-ri,영산리
Yongsal-li,용산리
Yongsal-li,용산리
Yeongpung,용풍
Eiha-ri,영파리
Yeongnangho,영랑호
Yongmul-li,용문리
Yongjŏl-li,용전리
Yongjŏl-li,용전리
Yongjŏng-ni,용정리
Yeongnamdong,영남동
Yeonggwang,영광
Yongdong-ni,용동리
Yongam-ni,용암리
Yŏndŏng-ni,연덕리
Yeondo,연도
Yeondaebong,연대봉
Yeomjujigu,염주지구
Yeogwisan,여귀산
Yemi-ri,예미리
Yangyang,양양
Yangsa-ri,양사리
Wŏryang-ni,월양리
Worul-li,월운리
Wŏrul-li,월운리
Wŏl-li,원리
Maryang-ni,마량리
Wŏnilchŏl-li,원일전리
Wondangin,원당이
Wŏlsong-ni,월송리
Wŏlsal-li,월산리
Wŏlp’yŏng-ni,월평리
Wolchulsan,월출산
Wŏlchŏng-ni,월정리
Waryong-ni,와룡리
Usal-li,우산리
Usal-li,우산리
Unsal-li,운산리
Ŭndŏng-ni,은덕리
Unch’ŏl-li,운천리
Udu-ri,우두리
Uch’ŏl-li,우천리
Duwibong,두위봉
Tusa-san,頭陀山
Tŭngnyang-ni,득량리
Towŏl-li,도원리
Tosil-li,도신리
Tongnyul-li,동률리
Tongsal-li,동산리
Tŏngnim-ni,덕림리
Tonggyŏngyŏlbi-do,동격열비도
Tongch’ŏl-li,동천리
Tonam-ni,도남리
Deokpo,덕포진
Deokgok-ri,덕곡리
Deokjae-ri,덕재리
Meongseom,멍섬
Dogok-ri,도곡리
Tokugan-ri,덕암리
Toegyewon,퇴계원
Toch’ol-li,도촌리
Toch’ŏl-li,도천리
Toal-li,도안리
Tapdong,탑동
Tangsal-li,당산리
Tangnang-ni,당낙리
Dakseom,닭섬
Taeryŏl-li,대련리
Daenorokdo,대노록도
Taeryang-dong,대량동
Taep’o-ri,대포리
Muuido,무의도
Taemul-li,대문리
Taemo-do,대모도
Daemadeung,대마등
Daejukdo,대죽도
Daejeon,대전
Taejin,대진
Daehang,대항
Daegwallyeong,대관령
Taegong-ni,대곡리
Taegong-ni,대곡리
Kayong-ni,가용리
Daegakssido,대각씨도
Daedaegudo,대대구도
Daechojido,큰풀치도
Daechilgido,대칠기도
Suyang-ni,수양리
Sureuisan,수리산
Suraeneomeo,수래너머
Suryeom,수렴
Sudong-ni,금수리
Ssangyeodo,쌍여도
Ssangyul-li,쌍율리
Ssangbong-ni,쌍봉리
Sowolmido,소월미도
Sŏsal-li,서산리
Sorokdo,소록도
Sŏp’ae-ri,서패리
Seomeopbeol,섬업벌
Seonso,선소
Seoneopdo,서넙도
Sŏnhwang-ni,서황리
Seongsan,성산
Songjŏng-ni,송정리
Songjŏng-ni,송정리
Seonginbong,성인봉
Songhal-li,송한리
Songcheon,송천
Songgong-ni,송곡리
Hansan-ni,성기리
Songdok,송덕리
Seondorae,선도래
Sinchangjigu,신창지구
Somaemul-to,소마 문두
Sŏktae-do,석대도
Soksa-gol,속사골
Sŏkkyo-ri,석교리
Sŏhong-ni,서흥리
Sodo-dong,소도동
Sochojido,소초지도
Siu-ri,시우리
Sinyang-ni,신양리
Sinsang-ni,신상리
Sil-li,신리
Sinjung-ni,신죽리
Sinjeong,신정동
Sinhŭng-ni,신흥리
Sinhal-li,신한리
Shinkei-ri,신계리
Saedunji,새둔지
Sinch’ŏl-li,신천리
Sinal-li,신안리
Simcheon,심천
Sikdo,식도
Sich’ŏl-li,시천리
Seeodo,세어도
Sayeom,사서
Sapsido,삽시도
Sanseongri,산성리
Sangwŏl-li,상월리
Sangsi-ri,상시리
Sangnang-ni,산악리
Sanghŭng-ni,상흥리
Ch’owŏl-li,초원리
Chodan-ni,조탄동
Kahang-ni,천학리
Seishin-ri,청신리
Jeok-ri,적리
Chŏngdo-ri,정도리
Chŏnch’ol-li,전촌리
Cheolgotdondae,철곶돈대
Jeolgolgogae,절골고개
Jobaldo,조발도
Chan To,진섬
Chinsal-li,진산리
Jinmal,진말
Jijukdo,지죽도
Haedo,해도
Jeodo,저도
Jebudo,제부도
Changyang-ni,장양리
Ch’angwŏl-li,창원리
Changsal-li,장산리
Changnam-ni,장남리
Ch’angjuk-tong,창죽동
Jangjukdo,장죽도
Jangjwado,장좌도
Anmal,장곡동
Changgong-ni,장곡리
Sam-ni,창촌리
Changch’ŏl-li,장천리
Changch’ol-li,장존리
Jangdeul,장들
Chamdu-ri,잠두리
Chŭngt’ŏ,중터
Chagwido,차귀도
Mulchido,물치도
Soseongnamdo,소성남도
Joeunchi,조은치
Ch’aeji-ri,채지리
Asoraeseom,아소래섬
Araenmanmok,아랫만목
Araetojaksil,아래오작실
Angeumri,안금리
Anbandŭng,안반등
Yamang-ni,야막리
Deokdongho,덕동호
Sanhang-ni,산학리
Tango-ri,당오리
Juamho,주암호
Yongdae-ri,용대리
Pung-ni,북리
Damyangho,담양호
Yongdul-li,용둔리
Igong-ni,이곡리
Ŏriha-ch’on,어리하촌
Songtan,송탄
Haewol-ri,해월리
Yanggeo-ri,양거리
Gail-ri,가일리
Mogwang-ri,목왕리
Asin-ri,아신리
Oebang-ri,외방리
Sarŭng-ni,사릉리
Bomunsandae-gongwon,보문산대공원
Gayangbirae-gongwon,가양비래공원
Eunpyeong-gongwon,은평공원
Jangnamho,장남호
Gwangbuldong,광불동
Gurau,구라우
Galbakkumi,갈밭구미
Micheolli,미천리
Guneopgangbyeonyuwonji,군업강변유원지
Daejingyogangbyeonyuwonji,대진교강변유원지
Hudeok,후덕
Chagŭn’gaemŏri-kkŭt,인신
Chugok-ri,추곡리
Tongsil-li,동신리
Maegong-ni,매곡리
Yongseong-ri,용성리
Daeheung-ri,대흥리
Jeongbalsangongwon,정발산공원
Hyeoncheondong,현천동
Dapdeok,답덕
Bamseonggol,밤성골
Tunggian,둥기안
Yuneung-gol,유능골
Sayapyeong,사야평
Sangni,상리
Songjeongja,송정자
Kaojakil-li,가오작1리
Taegong-ni,대곡리
Sang Muryong-ni,상무룡리
Kaojaki-ri,가오작2리
Pugwi-ri,부귀리
Pulmuteo,풀무터
Songjeongji,송정지
Domyeongni,도명리
Geumgye-ri,금계리
Seoporigungmin-gwan-gwangji,서포리국민관광지
Sinchon,신촌
Paldang-ho,팔당호
Sanghwalri,상활리
Yongcheon-ri,용천리
Eomso-ri,엄소리
Geomjunsaneopdanji,검준산업단지
Hyang-dong,향동
Seokchonhosu,석촌호수
Sungnyemun,숭례문
Mangwŏl-tong,망월동
Ha-dong,하동
Paeyang-ni,배양리
Chin’gwal-li,진관리
Sinwŏl-li,신월리
Yongjŏng-ni,용정리
Yangji-ri,양지리
Songokri,손곡리
Norimri,노림리
Dosinri,도신리
Jeongsaengri,정생리
Sincheongri,신청리
Hwaseokri,화석리
Suryongri,수룡리
Munseongri,문성리
Dangchonri,당촌리
Samseungri,삼승리
Jangneungri,장릉리
Chagokri,차곡리
Chapyeongri,차평리
Neungsanri,능산리
Saengri,생리
Gwanseongri,관성리
Danpyeong-ri,단평리
Bukduri,북두리
Wondangri,원당리
Bangchukri,방축리
Seoksanri,석산리
Sangpyeongri,상평리
Neungamri,능암리
Donsanri,돈산리
Maryeonri,마련리
Bonpyeongri,본평리
Hyeonsuri,현수리
Buguri,부구리
Sagokri,사곡리
Beopcheonri,법천리
Namhangangyuwonji,남한강유원지
Mullakri,문락리
Gasinri,가신리
Eungcheongongwon,응천공원
Banchangyuwonji,반창유원지
Baengnojuyuwonji,백로유원지
Hyeolliyuwonji,현리유원지
Galgyeottteo,갈겼터
Wayari,와야리
Garisanjayeonhyuyangnim,가리산자연휴양림
Chambaenamugol,참배나무골
Saedeogi,새덕이
Gangjidong,강지동
Dongmakgol,동막골
Bammuri,밤무니
Jueumchigangbyeonyuwonji,주음치강변유원지
Mulgeolli,물걸리
Oktogol,옥토골
Solseomyuwonji,솔섬유원지
Miyakgol,미약골
Jiraengi,지랭이
Sulgunemi,술구너머
Ssarijaegol,싸리재골
Eosarideok,어사리덕
Gyesudong,계수동
Yŏnpyŏng-ni,연평리
Banseomyuwonji,밤섬유원지
Songamgwangwangnongwon,송암관광농원
Naegang-ni,내각리
Changhyŏl-li,장현리
Byeoraksoyuwonji,벼락소유원지
Pup’yŏng-ni,부평리
Yonghyeonjibang-saneopdanji,용현지방산업단지
Chuncheongongeopdanji,춘천공업단지
Daesim-ri,대심리
Sucheong-ri,수청리
Obin-ri,오빈리
Guksu-ri,국수리
Deokpunggongwon,덕풍공원
Kkumnaragongwon,꿈나라공원
Sinwon-ri,신원리
Jeungdong-ri,증동리
Eunbangulgongwon,은방울공원
Saenaragongwon,새나라공원
Buyong-ri,부용리
Paldang-ri,팔당리
Sinbok-ri,신복리
Jinjung-ri,진중리
Seohu-ri,서후리
Dogok-ri,도곡리
Sureung-ri,수릉리
Jeongbae-ri,정배리
Sampae-dong,삼패동
Sambong-ri,삼봉리
Yulseok-ri,율석리
Chasan-ri,차산리
Geumnam-ri,금남리
Cheonan-ri,천안리
Suip-ri,수입리
Changhyeon-ri,창현리
Nokchon-ri,녹촌리
Wolsan-ri,월산리
Icheon-ri,이천리
Songneung-ri,송릉리
Mukhyeon-ri,묵현리
Sinae-ri,신애리
Sangp’al,하산곡동
Imun-ri,이문리
Gyosan-dong,교산동
Bokpo-ri,복포리
Gwiyo-ri,귀여리
Geomcheon-ri,검천리
Changu-dong,창우동
Joan-ri,조안리
Yongdam-ri,용담리
Misa-dong,미사동
Dojang-ri,도장리
Onam-ri,오남리
Palhyeon-ri,팔현리
Sayong-ri,사용리
Eunhangariyuwonji,은항아리유원지
Damnae-ri,답내리
Seonchon-ri,선촌리
Songcheon-ri,송천리
Samhoe-ri,삼회리
Ipseok-ri,입석리
Geumgok-ri,금곡리
Goseong-ri,고성리
Daeseong-ri,대성리
Susan-ri,수산리
Naebang-ri,내방리
Palya-ri,팔야리
Haenghyeon-ri,행현리
Imcho-ri,임초리
Hacheon-ri,하천리
Deokhyeon-ri,덕현리
Gajangdong,가장동
Gyeonggi-do,경기도
Guksa-bong,국사봉
Geumchonjigu,금촌리
Bullojigu,불로
Sanggeo-ri,상거리
Umal-li,우만리
Seoul National University,서울대학교
Sangsach’ang-dong,상사창동
Chuja Port,추자
Bongmyeong I Jigu,봉명이지구
Sangam I Jigu,상암2지구
Je Il Sanopdanji,제1산업단지
Millak i jigu,민락2지구
Ganapjigu,가납리
Korean International Circuit,코리아 인터내셔널 서킷
Gwanjeo O Jigu,관저5지구
Cheonnae Il I Jigu,천내1.2지구
Seongseogongdan Sam Danji,성서공단3단지
Seongseogongdan I Danji,성서공단2단지
Hwabong I Jigu,화봉2지구
Oedong I Jibangsaneopdanji,외동2지방산업단지
Jaeun Sam Jigu,자은3지구
Geomdan Il Jigu,검단1지구
Geomam Il Jigu,검암1지구
Geomam I Jigu,검암2지구
Geomdan I Jigu,검단2지구
Noeun Il Jigu,노은1지구
Noeun Sam Jigu,노은3지구
Jutaekdanji I Jigu,주택단지2지구
Dunsan I Jigu,둔산2지구
Dunsan Il Jigu,둔산1지구
Gyejoksandosijayeon-gongwon,계족산도시자연공원
Sinnae I Jigu,신내2지구
Palshippal Hosu,88호수
Sinjeong Sam Jigu,신정3지구
Cheonwang Il Jigu,천왕1지구
Cheonwang I Jigu,천왕2지구
Daejeon Je-sa Saneopdanji,대전제4산업단지
Jeongeup Je-il Saneopdanji,정읍제1산업단지
Jeongeup Je-i Saneopdanji,정읍제2산업단지
Jinan I-nonggongdanji,진안2농공단지
Jogakgongwon,금구원
Jirisanjasaengsingmulhwangyeong-gongwon,지리산자생식물환경공원
Namwonjirisaninwol-saneopdanji,남원지리산인월산업단지
Imsilgun-saenghwalcheyuk Gongwon,공설운동장
Osu-uigyeon Gongwon,오수의견공원
Jeongeup-sam Saneopdanji,정읍3산업단지
Daejeon Sam Saneopdanji,대전3산업단지
Geullingongwon,근린공원
Yulcheonje I Saneopdanji,율천제2산업단지
Yulcheonje Il Saneopdanji,율천제1산업단지
Suncheonmanseupji,순천만자연생태공원
Yeosugukgasaneop-danji,여천산업인력관리공단
Injŏng-ni,인정리
Josoryeong,오소령
Deodimi,더듸미
Neupdunji,늪둔지
Halmido,할미도
Soeri,쇠리
Geumdangsan,금당산
Araetkkojiseom,아랫꼬지섬
Witkkojiseom,윗꼬지섬
Buindang,부인당
Seosiigu,서시이구
Gaundemal,가운데말
Hamyeonggol,함영골
Eungol,은골
Bakdalsan,박달산
Gajwamigogae,가좌미고개
Eungdalmal,응달말
Geobungmoe,거북뫼
Yongjugol,용주골
Guchondong,구촌동
Nullo-ri,눌노리
Oridong,오리동
Geomunsan,거문산
Taech’ŏng-ni,대청리
Bijobong,비조봉
Sudongnyeong,수동령
Seongjesan,성제산
Sangni,상리
Muksukchon,목숙촌
Baeugogae,바우고개
Batgaundemal,밭가운데말
Jeongjudo,정주도
Mindaejodo,민대소도
Jungguryongdo,중구룡도
Gakdoseom,각두섬
Namang,나망
Daraedo,장남도
Sangsaho,상사호
Baegamsan,백암산
Kubong-san,九峰山
Gangcheonsan,강천산
Samjeongsan,삼정산
Tosol-bong,도솔봉
Baengmido,백미도
Kkosariseom,꼬사리섬
Witdonbaeseom,장도
Baegunsan,백운산
Daejodo,대조도
Horyonggoksan,호룡곡산
Jebi,쥐비
Dolgonni,돌곶리
Sujeongsan,수창산
Sahudong,사후동
Songp’o-ri,송포리
Bakgok,박곡
Sanseongsan,산성산
Waryongsan,와룡산
Gangjeong,강정
Seoje,서제
Uamsan,우암산
Macheonsan,마천산
Mireuksan,미륵산
Magyeongsan,마경산
Araedeuretgol,아래드렛골
Macheon,마천
Maansan,마혁산
Gyoseongni,교성
Gyeonjinbawi,견진바위
Gyodongeup,교동읍
Gyodongdo,교동도
Gyeyangsan,계양산
Gaesandong,개산동
Gyewolli,계월리
Kyesal-li,계산리
Gyesandong,계산동
Gyemyeongdong,계명동
Wolpyeongdong,계동
Haedo,해도
Gyedo,계도
Gyedangsan,계당산
Gedang,게당
Kwirae-ri,귀래리
Gwimani,귀만이
Gwitgol,귓골
Gwijin,귀진
Gwado,과도
Gwaneumsan,관음산
Kwansu-ri,갓거리
Gwanseong,관성
Kwal-li,관리
Gwanmal,관말
Kwanji,관지
Gwangyangdo,광양도
Gwangtan-ri,광탄리
Gwangip,광입
Kwanggyo-san,光敎山
Kwanggong-ni,관곡리
Gwangdeoksan,광덕산
Gwangdeoksan,광덕산
Gwangchunsan,저대봉
Gwandong,관동
Gwanaksan,관악산
Gwaoreum,과오름
Koe-ri,괴리
Gwacheon,과천
Guyeon,구연
Guwangbong,구왕봉
Gueupdong,구읍동
Kugok,구곡
Gwiseong,귀성
Kusŏng-ni,구성리
Kusŏng-ni,구석리
Guryongpo,구룡포
Guryong,구룡
Kurim-ni,구림리
Kurae-ri,구래리
Gupyo,구표
Daesodongdo,대소동도
Keunmatjil,큰맛질
Keunjangdol,큰장돌
Taego-do,큰할미섬
Gunhak,군학
Gunggyo,궁교
Kun’gong-ni,구곡리
Keungol,큰골
Tae-dong,큰골
Geungnak,극락
Gungmangbong,국망봉
Gunghangni,궁항리
Gunggeunjeong,궁근정
Gunggol,궁골
Gunganan,궁안안
Keuncheongtan,큰청탄
Geomdalgol,검달골
Geumsangol,금상골
Geumsan,금산
Geumsa,금사
Kŭmp’ung-ni,금풍리
Gwimoldong,귀몰동
Geumneung,금릉
Swaenojae,쇄노재
Geumjeonsan,금전산
Geumjeong,금정
Geumho,금호
Geumhodo,금호도
Geumhaksan,금학산
Geumgyesan,금계산
Geumgyegol,금계골
Geumgwang,금광
Geumgok,금곡
Geumgok,금곡
Geumgi,금기
Geomdo,검도
Kŭmdang-ni,금당리
Geumdangdo,금당도
Haguman,구만동
Guljeolli,굴전리
Gomso,곰소
Gudeunggot,구등곶
Guhodong,구호동
Hoecheon,회천
Deokdong,덕동
Ku-do,구도
Gudam,구담
Guchi,구치
Gubongi,구봉이
Gubaonghwasan,구봉화산
Gwibijae,귀비재
Goyakgol,고약골
Kŏsŏng-ni,거석리
Kosa-ri,고사리
Georyong,거룡
Goryeonggol,고령골
Georin,거린
Andwigol,안뒤골
Gongjaksan,공작산
Koshushin,공현진리
Geonam,건암
Geomuseok,검우석
Mulchanoreum,물찬오름
Kŏmultae-ri,거물대리
Geomsan,검산
Geomsan,검산
Geomjinae,검지내
Gomado,고마도
Geollyeongsan,건령산
Kolchi-ri,골지리
Gongnyulli,곡률리
Gokseom,곡섬
Kojung-ni,고죽리
Kojan,고잔
Koken-ri,고현
Koyo,고흥
Gohado,고하도
Gogeumdo,고금도
Gwemioreum,궤미오름
Goemok,괴목
Goemok,괴목
Goechingkkeut,괴칭끝
Koduam,고두암
Godam,고담
Godaedo,고대도
Gobu,고부
Gobangsan-ri,고방산
Kkaksae-sŏm,깍새섬
Gisan,기산리
Kisamul-li,기사문리
Giryong,기룡
Karae-gol,가래골
Gipeungeum,깊은금
Jangdong,장동
Gimpo-si,김포시
Gilmudo,길무도
Namcheolli,남천리
Gidong,기동
Ki-do,기도
Keya,게야
Gaesan,개산
Dalgimeori,닭이머리
Gaseopsan,가섭산
Gaya,가야
Kaŭl-li,가을리
Kau-do,가우도
Gaseungguji,가승구지
Yeogwondong,역원동
Gaseop,가섭
Kasal-li,수대리
Garyeongdong,가령동
Garogae,가로개
Kariwang-san,가리왕산
Garisan,가리산
Garibong,가리봉
Garapi,가라피리
Garan,가란
Garaemok,가래목
Garaegol,가래골
Jeopdo,접도
Gapgot-ri,갑곶리
Gapado,가파도
Kanwŏl-to,간월도
Goseong,간성
Keunyeo,큰여
Ganaehang,가내항
Kangnim-ni,강림리
Kangjin,강진
Changhyŏl-li,장현리
Ganghwado,강화도
Ganghwa-gun,강화군
Dwinmul,뒷물
Ganggu,강구
Gancheon,간천
Gamgol,감골
Gamabong,가마봉
Daegalmyeongdo,대갈명도
Galmi,갈미
An-do,안도
Galmado,갈마도
Ho-dong,호동
Ginam,기남
Galjeongokbong,갈전곡봉
Geombong,검봉
Gakgusil,각구실
Gakeuldo,각흘도
Gakjinbawi,각진바위
Gailli,가인
Kari-bawi,가리바위
Gahangni,가학리
Gahak,가학
Gagyo,가교
Gagye,가계
Gagido,각이도
Gaesan,개산
Gaecho,개초
Gadeokdo,가덕도
Gadanni,가단리
Gachari,가차
Isudo,이수도
Irwon,일원
Ipseok,입석
Inwangsan,인왕산
Anui,안의
Inje,인제
Inhwaseong,인화성
Imsudo,임수도
Imnang,임랑
Imjado,임자도
Ipdo,입도
Imdang-ni,임당리
Imchi,임치
Ilseongsan,일성산
Ilsandong,일산1동
Ilp’yŏng-ni,일평리
Illimsan,일림산
Ilbong-ni,일봉리
Gyodong,이진
Sanjingmal,산직말
Hyŏnp’o,현포
Hyoji,효지
Hyeongjebong,형제봉
Tongbaeng-ni,동백리
Hyojido,효지도
Hyojado,효자도
Hyangyang-ni,향양리
Hwaŭi-ri,화의리
Hwasulli,화순리
Hwaseongni,화성리
Hwap’yŏng-dong,화평동
Hwangseongdong,황성동
Hwangpo,황포
Hwangjukdo,황죽도
Saeteo,황진
Hwanghajeong,황하정
Hwangbeomdo,황범도
Hwanggol,황골
Hwangcheoldong,황철동
Hwangbyŏng-san,황병산
Hwajung-ni,화중리
Hwachi-dong,화치동
Hwabang-ni,화방리
Hwasal-li,화산리
Hwaaksan,화악산
Hupyeongdong,후평동
Heungdong,흥동
Hŭngch’on,흥천
Heulsan,흘산
Geomundol,거문돌
Huhanggol,후항골
Heuguntoryeong,흑운토령
Horyŏng-bong,호령봉
Hopo,호포
Hongchon,홍촌
Holmoe,홀뫼
Hohaeng-ni,호형
Hogye,호계
Hoeryŏng-bong,會靈峰
Hoeryong,희룡
Hongnyeon,홍련
Hoenggan-do,횐간도
Hoenggal-li,횐간리
Hoemokdong,회목
Hoejin,회진
Angol,안골
Hodong-ni,호동리
Hawangdeungdo,하왕등도
Hauigok,하의곡
Haseo,하서
Haseonam,하선암
Haseom,하섬
Solchi,솔치
Samsil-li,삼신리
Taedae,한터
Kantaikoku,한태골
Hanso-ri,한소리
Sinchon,신촌
Hanhandong,한한동
Hangyeryeong,한계령
Han’gye-ri,한계리
Hangye,한계
Hangnim,학림
Kakumei-ri,학명리
Hangch’ol-li,항촌리
Handeum,한듬
Hanchi,한치
Hanapdeokdo,하납덕도
Hanam-ni,하남리
Hapjeokgol,합적골
Hapcheon,합천
Hallim,한림
Hallim,한림
Haksan,학산
Hakpori,학포리
Hakga,학가
Hajodo,하조도
Haje-igu,하제이구
Hajakcheon,하작
Hail-li,하일리
Hahongni,하홍리
Hahoe,하회
Haguyong-do,하구용도
Hageum,하금
Hagui,학의
Ilsan,일산
Haenyeodo,해녀도
Haenggeumdo,행금도
Haegyeong,해경
Haedongni,해동리
Haechang,해창
Hadaei-ri,하대이리
Hachuk,하축
Hachujado,하추자도
Hachon,하촌
Habal,하발
Haanmi-ri,하안미리
Chu-do,취도
Mangtaebong,망태봉
Jwagusan,좌구산
Jwacheokdong,좌척
Chuwolsan,추월산
Chudo,추도
Juryeomsan,주렴산
Shuhori,주포
Jungsamdo,중삼도
Jungpyeong,중평
Cheungeo,중어
Jungnim,죽림
Jungnam,중남
Jungmado,중마도
Hoam,호암
Junghak,중학
Jeunggyeul,증계울
Chunggwangjŏng-ni,중광정리
Junggwang,중광
Jungjon,중존
Jungchon,중촌
Chungbong-ni,중봉리
Keunchi,중봉동
Chundo,춘도
Gomsoman,곰소만
Jukdo,죽도
Chuk-to,죽도
Jukdo,죽도
Jukdo,죽도
Jukdo,죽도
Jukdo,죽도
Chwiseongsan,취성산
Jukdo,죽도
Juksan,죽산
Jukbyeonsan,죽변산
Jukpo,죽포
Jukguldo,죽굴도
Chukhang-ni,죽학리
Jukhangdo,죽항도
Jukchon,죽촌
Chungnyungbong,축륭봉
Jugyo,주교
Ch’udong-ni,추동리
Chudo,추도
Sanggorangpo,상고랑포
Sangdeugam,상득암
Sangdang,사당리
Sangchugok,상추곡
Sangchobang,상초방
Sangbangnim,상방림
Sandong,산동
Samyeongsan,사명산
Samsŏng-ni,삼성리
Samsal-li,삼산리
Sangma,상마
Sammado,삼마도
Samjeong,삼정
Samhan,삼한
Samhakdo,삼학도
Samgeo,삼거
Samgaksan,삼각산
Supseom,숲섬
Sambong-san,삼봉산
Sambongkkeut,삼봉끝
Salmakgeum,살막금
Sallim,산림
Salgyesil,살계실
Salgu-jae,살구재
Salbyeoul,살벼울
Sajeongdong,사정동
Sajasan,사자산
Sajado,사자도
Saigong-ni,사이곡리
Sagyang-ni,사양리
Sagumi,사구
Sagong-ni,사곡리
Saeseom,새섬
Saekkot,새꽃
Saejae,조티
Maegol,매골
Sach’o-ri,사초리
Shasenshinri,사천
Sabanggeori,사방거리
Byeollipsan,별립산
Pyeongsan,평산
Pyeongsa,평사
Byeongpungsan,병풍산
Byeongnyeon,벽련
Pyeongjimal,평지말
Hei,평동리
Pyeongchon,평촌
Pŏl-mal,벌말
Byeongcheon,병천
Pyeongchon,평촌
P’yŏngjang,평장
Pyeongballi,평반
Pyeongam,평암
Pyeongam,평암
Byeokho,벽호
Byeogoksan,벽옥산
Buyongsan,부용산
Busan,부산
Fuhei-ri,부억
Bupyeongdong,부평동
P’unggil,풍길
P’ungdong-ni,풍동리
Habun,분천
Buldo,불도
Buldanggol,불당골
Bolgeundegi,볽은데기
Bulgapsan,불갑산
Bulchwi,불취
Pulbatjae,풀밭재
Bukdae,북대
Bukjin,북진
Bugwisan,부귀산
Busil,부실
Budong,가마골
Buchun,부춘
Buchun,부춘
P’owŏl-li,포월리
Poseongbong,포성봉
Boryeongni,보령리
Boreumni,보름리
Pyŏrŏgok,별어곡
Bongujae,봉우재
Pongnŭng-ni,봉릉리
Pongnim-ni,봉림리
Bongnam,봉남
Bongmyeong,봉명
Pongjŏng-ni,봉정리
Bonghwanggol,봉황골
Eumjimal,음지말
Ponghwa,봉화
Bonggye,봉계
Ponggam-ni,봉갑리
Bongdeoksan,봉덕산
Bongtaesan,봉태산
Bongdaesan,봉대산
Pongbok-san,봉복산
Bongan,봉안
Beomseom,범섬
Beomnam,범남
Beomjik,범직
Bomegi,보메기
Beolmal,벌말
Beolgu,벌구
Poksaeng-do,복생도
Fukuhyo-ri,복평리
Bokheung,복흥
Bokgyesan,복계산
Bokjusan,복주산
Bochon,보촌
Pokchang-ni,복장리
Beomjuk,범죽
Bosuguji,보수구지
Pogok,포곡
Bobaesan,보배산
Yeongseondong,영선동
Beodeongmal,버덩말
Bocheon,보천
Pocheon,포천
Pirae-do,비래도
Pija-ri,비자리
Bigyeondo,비견도
Pibong-ni,비봉리
Ampo,암포
Pal-to,발도
Keunbarime,큰바리메
Baramjae,바람재
Pansŏng-ni,반성리
Bangye,반계
Banjang,반장
Bandong,반동
Bangye,반계
Bangsan,방산
Bangok,반곡
Bangnae,방내
Pangnae-ri,방내리
Bangbi,방비
Pangje-ri,방제리
Bangdu,방두
Pangdong-ni,방동리
Pang-do,방도
Pangch’uk,방축
Bangjugan,방죽안
Bangjangsan,방장산
Baemoru,배모루
Hachizan-ri,팔산
Palgyo-san,발교산
Palgeumdo,팔금도
Palgongsan,팔공산
Palgongsan,팔공산
Balcheon,발천
Baksil,박실
Patpullun,외관설
Bakkatorisil,바깥오리실
Bajaemal,바재말
Bagalmi,박알미
Baengnyeon,백련
Pengyong To,백령도
Baemisil,배미실
Baemmal,뱀말
Paektŏk-san,백덕산
Baekseoksan,백석산
Baekpo,백포
Baegok,백옥
Baekcheolli,잣미
Baegyado,백야도
Baegunsan,백은산
Baegildo,백일도
Paegil-to,백일도
Baegam,백암
Araebaechi,아래배치
Goin-ri,오음리
Eouido,어의도
Oseung,어승
Eosirang,어시랑
Osang,오상
Eoryujeongdo,어류정도
Oryuchon,오류촌
Oryeokdo,오력도
Eoreugeum,어르금
Eonyang,언양
Onnamugol,옻나무골
Ongma-ri,옥마리
Oeongchi,외옹치
Ongcheon,옹천
Ongam,옹암
Amhyeolli,암현리
Eomgogae,엄고개
Oma-ri,오마리
Okp’yŏng-ni,옥평리
Okgudo,옥구도
Okho-ri,옥호리
Okcheolli,옥천리
Ohang-ni,오항리
Ogeumcheolli,오금천
Eogumal,어구말
Ogong-ni,오곡리
Oesuip,외수입
Heika-ri,평화리
Oenarodo,외나로도
Oemogundo,외모군도
Oemodo,외모도
Oeho,외호
Oegong,외공
Oedong-ni,외동리
Oedaldo,외달도
Oeseolli,외선리
Oechon,외촌
Waebaek,왜백
Eodu,어두리
Eoseom,어섬
Odo,오도
Odo,오도
O-do,오도
Geumseong,금성
Eobuldo,어불도
Nureolli,눌언리
Nuhang,누항
Noryeokdo,노력도
Neureul,느를
Norok-to,노록도
Nonsil,논곡
Non Yo,농서
Neolbeunmoraeseom,넓은모래섬
Noktu,남촌
Nok-tong,녹동
Tal-to,탈 - 투
Noi-ri,호이리
Nohwa-do,노화도
Noch’u-san,노추산
Napjakdo,납작도
Nanho,난호
Nanji-do,난지도
Nangori,난고리
Nangmoraengi,낙모랭이
Namyang-ni,남양리
Namsandae,남산대
Namsan,남산
Nampyeong,남평
Nampo,남포
Namp’o-ri,남포리
Namjung,남중
Namgang-ni,남강리
Tangsan,당산
Nambyŏng-san,南屛山
Nambung-ni,남북리
Naktong-ni,낙동리
Najin,나진
Naewa,내와
Naesa-ri,내사리
Naenaro-do,내나로도
Naenan,내난
Naema,내마
Naejeo,내저
Naedŏng-ni,내덕리
Naetaedo,내태도
Naecheonmadong,내천마동
Naechon,내촌
Naebukdong,내북동
Naebaek,내백
Myŏn-san,綿山
Myeongwol,명월리
Ousan,명우산
Myeongseongsan,鳴聲山
Meishu-ri,명주리
Myeongjisan,명지산
Myeongji,명지
Myŏngbong-ni,명봉리
Myodo,묘도
Musulmok,무술목
Muryongsan,무룡산
Sunae,하수내
Munyang-ni,문양리
Munsusan,文水山
Munseom,문섬
Munsal-li,문산리
Munmak,문막
Deungdaeseom,등대섬
Mun’gong-ni,문곡리
Munboksan,문복산
Wonsunam,무남이
Mukseok,묵석
Sinbangdong,신방동
Mujeodo,무저도
Muhakdo,무학도
Muakjae,무악재
Muldori,물도리
Mudeungsan,무등산
Museulpo,무슬포
Mosan,모산
Mosado,모사도
Sangchon,상촌
Moteubak,모트박
Monghae-ri,몽해리
Meongaeseom,몽애섬
Momilhang,모밀항
Bangchukdong,몰서
Naehangdo,내항도
Hang-do,항도
Meokbangi,먹방이
Mokgye,목계
Mohang-do,모항도
Miryŏng-ni,미력리
Mireukdo,미륵도
Midang,미당
Minjujisan,민주지산
Minbeop,민법
Maltangak,말탄각
Milmaedo,밀매도
Mijung,미중
Menurigogae-mal,메누리고개말
Masal-li,마산리
Masanbong,마산봉
Masak-to,마삭도
Marado,마라도
Mapyeong,마평
Mansu-ri,만수리
Tokunen-ri,만년동
Mannyeondong,만년동
Mannyŏl-li,만년리
Mallangp’o,만랑포
Sangmanmok,상만목
Manjido,만지도
Mangwado,망와도
Mangok,만곡
Mandae-ri,만대리
Malchi,말치
Manan,만안
Maltanpo,말탄포
Malmokdo,말목도
Malmoe,말뫼
Maha-ri,마하리
Sijang,시장
Magudo,마구도
Magong-ni,마곡리
Maedo,매도
Maengsŏl-li,맹선리
Maejŏng-ni,매정리
Maechi,매치
Maehwa-san,매화산
Maebongsan,매봉산
Eungboksan,매복산
Yup’yŏng-ni,유평리
Yuldong,율동
Yuldo,율도
Yulmogi,어울목
Yukdo,육도
Yuktarido,육타리도
Yujŏng-ni,유정리
Wonyudun,원유둔
Yudari,유다리
Yudalsan,유달산
Yŏryang-ni,여량리
Yeounae,여우내
Yeotoe,여퇴
Odongdo,오동도
Yŏnsang-ni,연상리
Yonpyung Yoldo,연평열도
Yeonhwasan,연화산
Yŏnhwa-ri,연화리
Je Il Yeonhwabong,제일연화봉
Yeonhongdo,연홍도
Yongyeon,용연
Yongyeolli,용연리
Yongwon,용원
Yongul-li,용운리
Yongtaeul,용태울
Yongsudong,용수동
Yongso-ri,용소리
Yeongpyeong,영평
Yongdong,영동
Yongneung,용능리
Yŏngnae-ri,역내리
Yongmun-san,용문산
Yeongmok,영목
Yongjŏng-ni,용정리
Yonghwa-ri,용화리
Yeongjeon,영전
Yongjae,용재
Yongnando,용란도
Yonghwasan,龍華山
Yeongheung,영흥
Yeongdeung-ri,영등리
Yongho-ri,용호리
Yongho-ri,옹호리
Yonggyechon,용계촌
Yonggang,용강
Yongdu-ri,용두리
Yongdu-ri,용두리
Yŏngdŏng-ni,영덕리
Yongdong,용동
Yongdong-ni,용동리
Yongdo,용도
Eishun-ri,영춘리
Yeongcheon,영천
Yeongcheon,용촌
Manbong-ni,용복리
Yongam-ni,용암리
Yŏndŭng-ni,연등리
Yemi-san,예미산
Yeohaji,여하지
Yeokdo,역도
Yeoho,여호
Yogok,요곡
Yeodong,여동
Yemil-li,예밀리
Yejak-to,예작도
Aedo,애도
Hangnimdong,학림동
Yebongsan,禮峰山
Deuretgol,드렛골
Yangt’aeng-ni,양택리
Yangjeong,양정
Yangjichon,양지동
Yanggwi-ri,양귀리
Yanggong-ni,양곡리
Yangdong-ni,양동리
Yamil,야밀
Yahŭng-ni,야흥리
Jiya,지야
Woram,월암
Wonhyosan,원효산
Wontong,원통
Wonseokhyeon,원석현
Yongsan,원신기
Wonsegye,원세계
Wonsando,원산도
Wonsajeongi,원사정이
Wonpo,원포리
Kampo-ri,원포
Wollogok,원노곡
Wonjeungi,원증이
Wonjudo,원주도
Wongwalli,원관리
Wongol,원골
Wongapdulli,원갑둔리
Wonga,원가곡
Wŏndong-ni,원동리
Sangdong-ni,신흥리
Wondo,원도
Wondaldong,원달동
Wondagol,원다골
Wŏndae-ri,원대리
Cheongnyang,청량
Changdong,창동
Pulmok,불목
Pongnim-ni,원봉림
Wŏnbong-ni,원봉리
Wonbaekdong,원백동
Wonamni,원암
Wonchon,원촌
Wolseong,월성
Woldo,월도
Wolgot,월곶
Woljeolli,월전리
Wolgok,월곡
Sangwol,상월
Sangdan,상단
Witgwangchi,윗광치
Wikkamusil,윗가무실
Wi-do,위도
Wisateumsil,윗아틈실
Wicheon,위천
Witotbawi,윗옷바위
Waryong,와룡
Waryongsan,와룡산
Want’ae-san,완태산
Wangju,왕주
Hwangjo,황조
Wangdusan,왕두산
Wando,완도
Wagok,와곡
Hwagok,화곡
Banggok,방곡
Wachon,와촌
Daeumgok,다음곡
Osil,오실
Eupsil,읍실
Eunti,은티
Eunseondong,은선동
Unjang-san,운장산
Unhang-ni,운학리
Un’gyo-ri,운교리
Un’gong-ni,운곡리
Eungnyeong,응령
Gomchijae,곰치재
Jungdae,중대
Un-dong,운동
Uncheon,운천
Unaksan,운악산
Usan,우목리
Eumjimal,음지말
Eunyeomdo,은염도
Ulleung-do,울릉도
Eullim,은림
Uisangbong,의상봉
Uihang,의항
Uigok,의곡
Udo,우도
Twik-kol,뒷골
Dusirwon,두실원
Duseul,두슬
Duryusan,두류산
Duruni,두루니
Dureukdo,두륵도
Songsanmal,상야마을
Deungnyangdo,득량도
Dundeoksan,둔덕산
Dundeok,둔덕
Dunbyeongdo,둔병도
Dunbeongsil,둠벙실
Dunbong,둔봉
Dumo,두모
Moryeong,모령
Dumae,두매
Deulmi,들미
Deuksudong,득수동
Dugok,두곡
Deugam,득암리
Dudong,두동
Tudol,두들
Ttwiduru,띠두루
Ttuiseom,띄섬
Dogammal,도감말
Dotumeori,돗모리
Dosun,도순
Tos-sŏm,돗섬
Deosil,더실
Tosa-ri,도사리
Dorim,윗도림
Doreum,돌음
Dongnijeong,동리정
Tori-do,도리도
Tonmo-ri,돗모리
Donji,돈지
Dongsin,동신
Dongpyeon,동편
Deogyong,덕용
Deongmal,덕말
Tonghwa-do,동화도
Tongho-ri,동호리
Tongho,동호
Donggeori,동거리
Donggo,동고
Dongducheon-si,동두천시
Dongdaesan,동대산
Dongchon,동촌
Suha-ri,동촌2리
Dongchon,동촌
Dongchon,동촌
Tongch’ol-li,동촌리
Tongbak,통박
Dongbaekdong,동백동
Donggol,동골
Domindong,도민동
Dombae,돔배
Dolsando,돌산도
Seokbong,석봉
Dolmudeom,돌무덤
Deokdong,덕동
Deoktaesan,덕태산
Deoksinsan,덕신산
Tokusan-ri,덕산
Tŏkko-san,덕고산
Teotgol,텃골
Deokgogae,덕고개
Baetigogae,배티고개
Deokgasan,덕가산
Tŏkhŭng,덕흥
Tokusen-ri,덕천리
Tŏkchŏng-ni,덕정리
Deokjeong,덕정리
Tokusen-ri,덕천리
Tŏkch’i-ri,덕치리
Deokjin,덕진진
Deokchi,덕치
Deokchi,덕치
Dojanggol,도장골
Tohamsan,토함산
T’ogyo-ri,토교리
Deongnyongdong,덕룡동
Togwal-li,도관리
Hadogol,도곡상촌
Dogok,도곡
Dongam,동암
Deogam,덕암
T’oegong-ni,퇴곡리
Dodubong,도두봉
Deodeokgol,더덕골
Dodok,도독
Todo,토도
Toch’ŏng-ni,도청리
Docho,도초
Dochigol,도치골
Dochae,도채
Daemido,대미도
Dondasan,돈다산
Darigol,다리골
Tarhae-do,달해도
Danyang,단양
Danseoksan,단석산
Tanji-bong,丹芝峯
Dangjangmaeul,단장마을
Dangwangchon,단광촌
Dangsadong,당사동
Dangsa,당사
Dangneomo,당넘어
Dangjae,당재
Dangjae,당재
Danggadong,당가동
Dangpyeong,당평
Dangdu,당두
Dangdu,당두
Dangchon,당촌
Berriberri Island,탄도
Daldo,달도
Dalmasan,달마산
Dallido,달리도
Dalcheon,달천
Dalchi,달치
Dakseom,닭섬
Dakseom,닭섬
Taeyongsu-gol,대용수골
Daeyeomdo,대염도
Daeyeojado,대여자도
Taeya-ri,대야리
Daebok-ri,대복리
Daewolli,대원리
Daejukdo,대죽도
Daesodangdo,대소당도
Daesamdo,대삼도
Daechi-dong,대치동
Daesa Sam Gu,대사3구
Daeryongsan,대룡산
Daepyeong,태평
Daepyeong,대평
Daepori,대포
Daenong,대농
Taenaejang,대내장
Daemusul,대무술
Daemisan,대미산
Daemil,대밀
Daemi,대미
Daetgol,댓골
Daeseung-jeosuji,대승저수지
Daejukdo,대죽도
Daejeongwondo,대정원도
Daejeong-ri,대정리
Daejeong,대정
Daejeon,대전
Daejipo,대지포
Daejangdong,대장동
Daehyeongjedo,대형제도
Taehwagang,태화강
Daehwado,대화도
Daegyeongdo,대경도
Taegong-ni,대곡리
Taegong-ni,대곡리
T’aegi-san,泰岐山
Taegi-ri,대기리
Daedunsan,대둔산
Daedunsan,대둔산
Sochido,소치도
Daecheongdo,대청도
Taihku-zan,태백산
Daeamsan,대암산
Dadaedong,다대동
Heungchon,대흥
Susaek Railway Station,수색
Seuldo,슬도
Surang-ni,수락리
Suokdo,수옥도
Sungeum,순금
Sunggak,승각
Sunchon,순촌
Sumun,수문
Seumul,시밀
Sumujengi,수무젱이
Sucheolli,수철리
Sukdangni,숙당리
Seokgyo,석교
Suinsan,수인산
Sugam-ni,숙암리
Su-dong,수동
Ssangnae,쌍내
Seodong,서동
Ssangdo,쌍도
Soyeojado,소여자도
Soya-ri,소야리
Seowon,서운
Seounsan,瑞雲山
Seounae,서우내
Soseokmando,소석만도
Soseong,소성
Seosaeng,서생
Sorok-to,소록도
Sorijil,소리실
Seonsan,선산
Seongoe,성외
Songtan-maeul,송탄마을
Songseok,송석
Seongsan,성산
Witseongol,윗선골
Seongneororeum,성널오름
Seongdu,성리
Sŏngnam-ni,성남리
Seongnamdo,성남도
Songnidong,송리동
Seokmando,석만도
Songjeong,송정
Songjongni,송종리
Songjeongdong,송정동
Songjeong,송정
Songjeong,송정
Songjeong-dong,송정동
Songjiho,송지호
Songido,송이도
Seonghwang,성황
Songhang-ni,송학리
Songgye-ri,송계리
Songgong-ni,송공리
Seonggol,성골
Seongju,성주
Seongdeungi,성동
Seongdong,성동
Songdo,송도
Songdaekkeut,송대끝
Sangsong,송천
Songch’ŏl-li,송천리
Songch’ol-li,송촌리
Songchon,송촌
Seongbul,성불
Seondong,선동
Seondalsan,先達山
Sŏnch’ang,선창
Daetaei-do,대태이도
Somo-do,소모도
Seomi,서미
Seonbi,선비
Somasak-to,소마삭도
Seomang,서망
Solseom,솔섬
Seolmaesan,설매산
Songjeongni,송정리
Sŏkpyŏng-san,石屛山
Sŏkpong-ni,석봉리
Sŏkhŭng-ni,석흥리
Sŏkho-ri,석호리
Seokjeongmaksan,석적막산
Seokjigol,석지골
Seokjidong,석정동
Sojuk,소죽
Sojeongwondo,소정원도
Seojeong,서정
Seojeong,서정
Soje,소제
Sojanggudo,소장구도
Seohwado,서화도
Sohwa-do,소화도
Sŏhŭng-ni,서흥리
Sohalli,소한리
Sanggujado,상구자도
Sogagido,소각이도
Seoduteo,서두터
Seodong,서동
Seodo,서도
Sadangdo,사당도
Seodangdo,서당도
Soch’ŏng-ni,소청리
Soichong Do,소청도
Socheon,소천
Seochon,서촌
Sochi,소치
Seochanam,서차남
Seobonggol,서봉골
Soan-kundo,소안군도
Soando,소안도
Saam-gak,사암각
Sisando,시산도
Siruseom,시루섬
Sireum,시름
Sirae,시래
Sinyang,신양
Sinwol,신월
Sangwan,상완
Sinseonbong,신선봉
Naejangsan,내장산
Sinpyeongni,신평리
Sinpung,신풍
Sinpung,신풍
Sinp’ung,신풍
Daemyeongnyedong,대명례동
Sinjeon,신전
Sinjido,신지도
Sinhyo-ri,신효리
Sinhyeon,신현
Sinheung,신흥
Sinheungdong,신흥
Sanggoji,상고지
Saeteo,신기
Singi,신기
Singanggu,신강구
Sindŏng-ni,신덕리
Sindong-ni,신동리
Sindo,신도
Sinchon,신촌
Sinbul-san,神佛山
Shinal-li,신안리
Simok,나천리
Simjŏng-ni,심적리
Simugol,시미꼴
Simcheon,심천
Jeungdo,증도
Sillyeok,신력
Sillim-ni,신림리
Sillim-dong,신림동
Siheungdong,시흥동
Seryuchon,세류촌
Saedong,세동
Secheon,세천
Secheon,세천
Sasu-ri,사수리
Siryegol,시례골
Saraoreum,사라오름
Saptchangmoringi,삽짝모링이
Sapdari,삽다리
Sao-ri,사오리
Saokdo,사옥도
Sanŭm-ni,산음리
Saenajigogae,새나지고개
Sanmak,산막
Sanjeon,산전
Sanipo,산이포
Sangnyul,상률
Sangyeong,상영
Sangwangdeungdo,상왕등도
Ssangyul,쌍율
Sanggye,상예
Sangnip,상립
Sangnapdeokdo,상납덕도
Sangnam-ni,상남리
Sangnamdong,상남동
Sangnagwoldo,상낙월도
Sangmi,상미
Sangjeonchon,상전촌
Sangjodo,상조도
Sangjangchi,상장치
Sangjangam,상장
Sanghwangbong,상황봉
Sanghwa-do,상화도
Hanjeon-ri,한전리
Sanggwanpyeong,상관평
Judo,주도
Joyakdo,조약도
Chowando,초완도
Hyeongdo,형도
Choha,초하
Hosanggot,호상곶
Chosan,수정
Joryeongsan,조령산
Cheorwon,철원
Choryebong,초례봉
Joyeopjumak,조엽주막
Jeollyeondong,전련동
Cheontaeksan,천택산
Cheonseon,천선
Ch’ŏnp’o-ri,천포리
Cheonnyeondong,천년동
Cheonnae,천내
Cheondam,천담
Cheonmasan,천마산
Seongbagi,성밖이
Cheonjin,천진리
Jonjesan,존제산
Cheonjabong,천자봉
Cheonhwangsan,천황산
Jeonhadong,전하동
Jeongwiri,전귀리
Tenkanzan,천관산
Ch’ŏngsong-ni,청송리
Montressar Island,총산도
Cheongpyeong,청평
Chŏn’gong-ni,전곡리
Cheongnyong,청룡
Cheongnyongni,청룡리
Cheongnyongdong,청룡동
Jeongnuri,적누리
Jeongjukdo,정죽도
Jeongjinae,정지내
Jeongjamun,정자문
Jongjasan,종자산
Jeongjadong,정자동
Chŏnghŭng-ni,정흥리
Cheonghak,청학
Cheonggyesan,청계산
Cheonggyesan,청계산
Ch’ŏngu-ri,천구리
Cheonggudong,청구동
Jeonggeo,정거
Cheonggan,청간리
Cheongdeungdo,청등도
Daeya I Ri,대야
Cheongalli,청안리
Cheondeung San,천등산
Jungchon,전동
Cheontae-ri,천태리
Cheom Do,첨도
Jeombongsan,점봉산
Jeomam,점암
Jeolgol,절골
Cheokdo,척도
Jeokgeumdo,적금도
Cheokchi,척치
Cheokchalli,척찬리
Shoshin Bon,적자봉
Geumgo-do,금구도
Joje,조제
Choho,초호
Johangsan,조항산
Jogyesan,조계산
Jageunmaeul,작은마을
Jogol,조골
Chogang,초강
Choejeongsan,최정산
Chodu,초두
Jeodu,저두
Chodong-ni,조동리
Jodong,조동
Jeodong,저동
Jeodong,저동
Jodo,조도
Dakseom,닭섬
Chojigundo,초지군도
Jobong,조봉
Jobiri,조비
Ch’obang-ni,초방리
Jobal,조발
Shiseki-ri,지석
Jirye,지례
Ch’irŭm-ni,칠음리
Jipdari,집다리
Jipsil,집실
Jinseok,진석
Chinsan,진산
Jinpyeong,진평
Jinmokjeong,진목정
Jinjido,진지도
Chinson-ri,진촌동
Geumjang,금장
Ch’imgyo-ri,침교리
Chimgye,침계
Chillyongdong,칠룡동
Chiljeolbong,칠절봉
Chilbosan,칠보산
P’inae,피내
Jigye,지계
Chigwido,지귀도
Jigeondo,직언도
Jinam,지남
Jido,지도
Chido,추도
Ya-do,야도
Jicheon,지천리
Jeseongni,제석리
Jeseoksan,제석산
Jejeon,제전
Jeamsan,제암산
Jauendo,자은도
Jiin-ri,자은리
Chau,차우
Jariteo,자리터
Jaraseom,자라섬
Jarabawi,자라바위
Chanumul,찬우물
Jangwol,장월
Jangdeung,장등
Ch’angŭi-ri,창의리
Changsŭng-ni,장승리
Jangsu,장수
Jangseongbong,장성봉
Jangsanbong,장산봉
Jangsan,장산
Changp’yŏng-ni,장평리
Changpo,창포
Changpo,창포
Jangol,잔골
Jangyongsan,장용산
Changnyeong,창녕
Changma,창말
Changgok,창곡
Jangjukdo,장죽도
Changji,창지
Jungjangchi,중장치
Changjae-do,장재도
Jangjadong,장자동
Janghowon,장호원
Janghang,장항
Janghang,장항
Changgye-ri,장계리
Changgwan-do,장관도
Janggudo,장구도
Changgu-do,장구도
Changgol,창골
Janggok,장곡
Janggol,장골
Janggodo,장고도
Janggodo,장고도
Changdeung,창등
Jangdong,장동
Jangdo,장도
Jangdo,장도
Jangdan,장단
Ch’angch’ol-li,창촌리
Jang-an,장안
Changam-ni,장암리
Ch’angbau,창바우
Jangam,장암
Chamdu,잠두
Chamsaemi,참샘이
Chamsaem,참샘
Jauljae,자울재
Jakgol,작골
Chagyeong,차경
Jageunttanchido,작은딴치도
Sonoindo,소노이도
Jageunjangdol,작은장돌
Chagodae,오전
Jaewondo,재원도
Jaereni,재레니
Jaemal,재말
Chaehŭng-ni,재흥리
Ch’aeryŏng,채령
Ch’adong-ni,차동리
Ayajin,아야진
Araetjangbat,아래건천
Araetbujo,아랫부조
Araemongni,아래몽니
Haksanjae,학산재
Ansan,안산
Ansan,안산
Anjangap,안장압
Pungsan,풍산
Angonjae,안곤재
Andong-ni,안동리
Andong,안동
Anch’ungt’ŏ,안충터
Anch’ang-ni,안창리
Amsa-dong,암사동
Amokseom,아목섬
Aphaedo,압해도
Almijangteo,알미장터
Sangajungni,상아중리
Bongho,봉호
Achasil,아차실
Sihwaho,시화호
Jinjeop-eup,진접읍
Bonggyedong,간원
Palgaksan,팔각산
Andongho,안동호
Songhakdo,송학도
Daesil,대실
Aeyang,애양
Sangbok,상복
Araetbikkinae,아랫비끼내
Sinwoldong,신월동
Daegongni,대곡리
Garaegol,가래골
Cheonnaegol,천내골
Dongjihwa,동지화
Pasogol,파소골
Jumakdong,주막동
Keungamari,큰가마리
Jabaebong,자배봉
Sangwŏl-li,상원리
Sinheung Il Ri,신흥일리
Wŏlsal-li,월산리
Sedong-ni,세동리
Eoduwon,어두원
Uch’ŏl-li,우천리
Sinp’yŏng-ni,신평리
Nohak-tong,노학동
Hoeryŏng-ni,회령리
Yŏngch’ŏl-li,용촌리
Karisal-li,가리산리
Hwangcheolbong,황철봉
Annam-ni,안암리
Changdam-ni,장담리
Mangju-ri,망주리
Chŭnggwang-ni,중광리
Hodong-ni,호동리
Gajang-ri,가장리
Chinbong-ni,진봉리
Sinp’yŏng-ni,신평리
Myeondaedong,면대동
Ullim-ni,운림리
Jijangbong,지장봉
Sodo,소도
Namseong,남성
Songho-ri,송호리
Yŏngp’ung-ni,영풍리
Wŏlp’yŏng-ni,월평리
Ch’undong-ni,춘동리
Galmaeseom,갈매섬
Heukseoksan,흑석산
Sangdap,상답이반
Kusi-ri,구시리
Gujin,구진
Dakseom,닭섬
Georyundo,거륜도
Geoeunjeom,거은점
Mureungdong,무릉동
Bugwiteogol,부귀터골
Tteokgalmaegi,떡갈매기
Utgeondure,웃건드래
Neumbau,늠바우
Yeokdong,역동
Wangseunggol,왕승골
Myŏnokch’i-ri,면옥치리
Myŏngji-ri,명지리
Sangwŏlch’ŏl-li,상월천리
Seodangdong,서당동
Yanghanggol,양항곡
Eolmil,을밀
Wissamgŏ-ri,윗삼거리
Duil,두일
Jejakgeori,제작거리
Suremaeul,거래지
Cheongyeonam,청년암
Saitgol,사이골
Kalchŏl-li,갈전리
T’osal-li,토산리
Hwapyeong,화평
Sŏngsal-li,성산리
Kŏul-li,거운리
Kihwa-ri,기화리
Sugam-ni,숙암리
Heumsil,흠실
Macheon,마천
Jwiseom,쥐섬
Bangulgogae,방울고개
Sulgunemigogae,술구너머고개
Ahopsarijae,아홉사리고개
Ch’iak-san,치악산
Namdae-bong,南台峰
Ch’ŏndŭng-san,천등산
Gachilbong,가칠봉
Hŭngjŏng-san,興亭山
Cheolgamnyeong,철갑령산
T’aehwa-san,太華山
Guksal,국살
Wangsin,왕신
Taekjeon,택전
Gupyeong,구평
Mulcheon-ri,물천리
Songjeong,송정
Icheondaeri,이천대리
Daebok,대복
Daesong,대송
Hwangsan,황산
Munsusan,문수산
Daeunsan,대운산
Geumjeongsan,금정산
Bulmosan,불모산
Baemok,배목
Gumi,구미
Pohang,포항
Cheonmaryeong,천마령
Yutgol,윳골
Keungarigiseom,큰가리기섬
Gajakdong,가작골
Baeuni,웃백운이
Saeteobyeol,새터별
Wikkamaeul,윗가마을
Wolgol,월골
Bokpyeong,보평
Chilhyeonsan,칠현산
Yeomti,염티
Yakgungnyongdang,약국용당
Dongnak,동락
Geonjangi,건쟁이
Cheori,처리
Hansimchon,행심촌
Sebu,세부
Eumjugeumnae,음죽읍내
Yangdalmal,구일
Heunbawi,흔들바위
Jeokgeum-ri,적금리
Beondeure,번드레
Soldani,솟단이
Nambatan,남밭안
Dansagol,단사
Naechugye,추계
Yŏmul-li,여물리
Bokdong,복동
Jungmisan,중미산
Tungjeomkkol,퉁점꼴
Myeongdal,명달
Daetan,대탄
Neunggok,능곡
Yongmuncheon,용문래
Saeteo,새터
Sangdeokjeongni,상독정
Jinbeol,진벌
Seorisan,서리산
Gungmal,궁말
Pocheon-si,포천시
Geojeobi,거접이
Gwangcheongni,관청
Namyang-ho,남양호
Seoul Station,서울역
Sachon,사촌
Jaenisan,재니산
Chideokgol,치덕골
Junggol,증골
Gwangmyeongi,광명동
Nuemeori,누에머리
Oyagol,오야골
Bangnurakdong,밖누락동
Subu I-ri,수부2리
Sam-gogae,삼고개
Bonghwachi,봉화치
Wondangni,원당리
Beopsadong,법사동
Wisapsil,앞실