Россия,러시아
Новгородская область,노브고로드주
Нижегородская область,니즈니노브고로드주
Тверь,트베리
Чёрное море,흑해
код исполнителя на Яндекс Музыке,Yandex Music 아티스트 ID
ID на сайте Декларатор.org,Declarator.org ID
код фильма на Аниматор.ru,Animator.ru 영화 ID
идентификатор Биография.ру,Biografija.ru ID
Москва,모스크바
код издания РГБ,RSL 에디션
код фильма на Кинопоиске,Kinopoisk 영화 ID
код человека на Кинопоиске,Kinoposik 인물 ID
код ОКАТО,OKATO ID
код ОКТМО,OKTMO ID
Волга,볼가강
Ивановская область,이바노보주
Смоленская область,스몰렌스크주
Нева,네바강
Тверская область,트베리주
Ярославль,야로슬라블
Владимир,블라디미르
Ярославская область,야로슬라블주
Кострома,코스트로마
код РГБ,RSL ID (인물)
код catholic.ru,catholic.ru ID
идентификатор ВКонтакте,VK ID
Владимирская область,블라디미르주
Рязань,랴잔
Свердловская область,스베르들롭스크주
Костромская область,코스트로마주
Йошкар-Ола,요시카르올라
Балтийское море,발트해
Иваново,이바노보
Смоленск,스몰렌스크
код в Большой российской энциклопедии онлайн (старая версия),그레이트 러시아어 백과사전 온라인 ID
АВТОВАЗ,아브토바즈
Санкт-Петербург,상트페테르부르크
Чувашия,추바시 공화국
Абакан,아바칸
76-я гвардейская десантно-штурмовая дивизия,제76근위공중강습사단
Кавказские горы,캅카스산맥
код на sportbox.ru,Sportbox.ru ID
Анабар,아나바르강
Индигирка,인디기르카강
возрастной рейтинг произведения в РФ,RARS 등급
код фильма на Russiancinema.ru,Russiancinema.ru 영화 ID
код АСУЖТ (ЕСР),ESR 역 코드
код альбома на Яндекс Музыке,얀덱스.뮤직 앨범 ID
Рязанская область,랴잔주
Алазея,알라제야강
Кубань,쿠반강
Татарстан,타타르스탄 공화국
Новосибирск,노보시비르스크
Терек,테레크강
Тула,툴라
Брянск,브랸스크
Чёрная речка,초르나야 레치카 역
Екатеринбург,예카테린부르크
Российско-эстонские отношения,에스토니아-러시아 관계
Волгоград,볼고그라드
Нижний Новгород,니즈니노브고로드
учётная запись в Живом Журнале,라이브저널 ID
Каспийское море,카스피해
Пензенская область,펜자주
Пенза,펜자
Самара,사마라
Тульская область,툴라주
Лава,위나강
Чебоксары,체복사리
код Игромании,Igromania ID
Германо-российские отношения,독일-러시아 관계
Российская академия наук,러시아 과학원
Омск,옴스크
Байкал,바이칼호
Казань,카잔
Ак-Довурак,악도부락
Аксай,악사이
Новосибирский Академгородок,아카뎀고로도크
турки,터키인
Алагир,알라기르
код РНБ,러시아 국립도서관 ID
Уфа,우파
Ростов-на-Дону,로스토프나도누
Владивосток,블라디보스토크
Челябинск,첼랴빈스크
Волчанск,볼찬스크
Красноярск,크라스노야르스크
Российско-турецкие отношения,러시아-터키 관계
Российско-французские отношения,러시아-프랑스 관계
Российско-греческие отношения,그리스-러시아 관계
Пермь,페름
Куршская коса,쿠로니아 사주
Куршский залив,쿠로니아 석호
Брянская область,브랸스크주
Белгород,벨고로드
Калуга,칼루가
Московский метрополитен,모스크바 지하철
Преголя,프레골랴강
Анграпа,안그라파강
Обь,오비강
Курская область,쿠르스크주
Азнакаево,아즈나카예보
Азов,아조프
Липецкая область,리페츠크주
Камчатка,캄차카반도
Балтийская коса,비스툴라곶
Калининградский залив,비스툴라 석호
Тамбов,탐보프
Томск,톰스크
Агрыз,아그리스
Дон,돈강
Александровск,알렉산드롭스크
Александровск-Сахалинский,알렉산드롭스크사할린스키
Агидель,아기델
Воронеж,보로네시
Белгородская область,벨고로드주
Шешупе,셰슈페강
Виштынецкое озеро,비슈티티스호
Алатырь,알라티리
Алдан,알단
Чукотский полуостров,축치반도
Зеленоградск,젤레노그라츠크
Ульяновская область,울리야놉스크주
Ангарск,안가르스크
Аркадак,아르카닥
Андреаполь,안드레아폴
Башкортостан,바시키르 공화국
Арзамас,아르자마스
Краснодар,크라스노다르
Калужская область,칼루가주
Курск,쿠르스크
Алексин,알렉신
Алзамай,알자마이
Апатиты,아파티티
Апрелевка,아프렐렙카
Александров,알렉산드로프
Орёл,오룔
Гвардейск,그바르데이스크
Неман,네만
Орловская область,오룔주
Тыва,투바 공화국
Арсеньев,아르세니예프
Арск,아르스크
Альметьевск,알메티옙스크
Светлый,스베틀리
Гусев,구세프
Артём,아르툠
Балтийск,발티스크
Артёмовск,아르툐몹스크
Артёмовский,아르툐몹스키
Челябинская область,첼랴빈스크주
Советск,소베츠크
Аргун,아르군
Ардатов,아르다토프
Липецк,리페츠크
Воронежская область,보로네시주
Краснодарский край,크라스노다르 지방
Неман,네만강
Тюмень,튜멘
Ростовская область,로스토프주
Курганская область,쿠르간주
Писса,피사강
Ульяновск,울리야놉스크
Тольяттиазот,톨리야티아조
Омская область,옴스크주
Ачинск,아친스크
Арамиль,아라밀
Томская область,톰스크주
Тольятти,톨리야티
Тюменская область,튜멘주
Анжеро-Судженск,안제로수젠스크
Анива,아니바
Волгоградская область,볼고그라드주
Астрахань,아스트라한
Черняховск,체르냐홉스크
Балабаново,발라바노보
Багратионовск,바그라티오놉스크
Байкальск,바이칼스크
Аткарск,앗카르스크
Тамбовская область,탐보프주
Новосибирская область,노보시비르스크주
Адыгея,아디게야 공화국
Астраханская область,아스트라한주
Балашиха,발라시하
Бакал,바칼
Баксан,박산
Асбест,아스베스트
Асино,아시노
Калининград,칼리닌그라드
финский язык,핀란드어
Алтайский край,알타이 지방
Балахна,발라흐나
Алтайские горы,알타이산맥
Амурск,아무르스크
Население России,러시아의 인구
Вологда,볼로그다
Московская область,모스크바주
Самарская область,사마라주
Хоккей на зимних Олимпийских играх 2014,2014년 동계 올림픽 아이스하키
Республика Коми,코미 공화국
Мурманская область,무르만스크주
Кемерово,케메로보
Ханты-Мансийский автономный округ — Югра,한티만시 자치구
Батайск,바타이스크
Мурманск,무르만스크
Бабушкин,바부시킨
Бавлы,바블리
Майкоп,마이코프
Калмыкия,칼미크 공화국
Калининградская область,칼리닌그라드주
Ханты-Мансийск,한티만시스크
Приморский край,프리모르스키 지방
Петрозаводск,페트로자보츠크
Бабаево,바바예보
Белая Калитва,벨라야칼리트바
Белая Холуница,벨라야홀루니차
Архангельская область,아르한겔스크주
Архангельск,아르한겔스크
Хабаровск,하바롭스크
Вологодская область,볼로그다주
Республика Алтай,알타이 공화국
Элиста,옐리스타
Барнаул,바르나울
Балашов,발라쇼프
Балей,발레이
Кызыл,키질
Бежецк,베제츠크
Террористический акт на Дубровке,모스크바 극장 인질극
Белёв,벨료프
Кемеровская область,케메로보주
Надым,나딤
Карелия,카렐리야 공화국
Тотьма,토트마
Балаково,발라코보
Сыктывкар,식팁카르
Белогорск,벨로고르스크
Белозерск,벨로제르스크
Беломорск,벨로모르스크
Барабинск,바라빈스크
Барыш,바리시
Махачкала,마하치칼라
Иркутская область,이르쿠츠크주
Ямало-Ненецкий автономный округ,야말로네네츠 자치구
Салехард,살레하르트
Белово,벨로보
Беслан,베슬란
Бердск,베르츠크
Горно-Алтайск,고르노알타이스크
Псковская область,프스코프주
Нарьян-Мар,나리얀마르
Белый,벨리
Грозный,그로즈니
Череповец,체레포베츠
Белорецк,벨로레츠크
Великий Новгород,벨리키노브고로드
Бикин,비킨
Билибино,빌리비노
Якутия,사하 공화국
Государственный музей изобразительных искусств имени А. С. Пушкина,푸시킨 미술관
Бирюсинск,비류신스크
Благовещенск,블라고베셴스크
Бирск,비르스크
Богданович,보그다노비치
Богородицк,보고로디츠크
Чечня,체첸 공화국
Красноярский край,크라스노야르스크 지방
Болохово,볼로호보
Болхов,볼호프
Ненецкий автономный округ,네네츠 자치구
Якутск,야쿠츠크
Иркутск,이르쿠츠크
Сызрань,시즈란
Хакасия,하카스 공화국
Ленинградская область,레닌그라드주
Псков,프스코프
Бодайбо,보다이보
Березники,베레즈니키
Болгар,볼가르
абхазский язык,압하지야어
Забайкальский край,자바이칼 지방
Улан-Удэ,울란우데
Берёзовский,베료조프스키
Дагестан,다게스탄 공화국
Амур,아무르강
Агинский Бурятский автономный округ,아긴스크부랴트 자치구
Центральная избирательная комиссия Российской Федерации,러시아 중앙선거위원회
Бурятия,부랴트 공화국
Благодарный,블라고다르니
Ставрополь,스타브로폴
Боготол,보고톨
Центральный административный округ Москвы,중앙구 (모스크바)
Центральный аэрогидродинамический институт имени профессора Н.Е. Жуковского,TsAGI
Амурская область,아무르주
Борзя,보르자
Вытегра,비테그라
Северодвинск,세베로드빈스크
Мирный,미르니
Мирный,미르니
Гатчина,가치나
Центральный стадион,예카테린부르크 중앙경기장
Центральный федеральный округ,중앙 연방관구
Благовещенск,블라고베셴스크
Большой Камень,볼쇼이카멘
Бор,보르
Бологое,볼로고예
Магас,마가스
Ставропольский край,스타브로폴 지방
Северная Осетия — Алания,북오세티야 공화국
Ингушетия,인구시 공화국
Георгиевск,게오르기옙스크
Владикавказ,블라디캅카스
Дальнегорск,달네고르스크
UTC+10:00,UTC+10
UTC+7:00,UTC+07
Донецк,도네츠크
Восточно-Европейская равнина,동유럽 평원
Ишим,이심강
Каменск-Уральский,카멘스크우랄스키
Великий Устюг,벨리키우스튜크
Раздольная,라즈돌나야강
Оймякон,오이먀콘
Миасс,미아스
Белая река,벨라야강
Урюпинск,우류핀스크
Роскосмос,러시아 연방 우주국
Западно-Сибирская равнина,서시베리아 평원
Северский Донец,세베르스키도네츠강
Эвенки,예벤키족
Татарский пролив,타타르 해협
Мавзолей Ленина,레닌 묘
Pussy Riot,푸시 라이엇
Семилуки,세밀루키
Нальчик,날치크
Дуга Струве,스트루베 측지 아크
Ржев,르제프
Кингисеппский район,킨기셉스키군
Казанский университет,카잔 국립 대학교
Севастополь,세바스토폴
Сахалинская область,사할린주
Коммунистическая партия Российской Федерации,러시아 연방 공산당
Алдан,알단강
административно-территориальная единица России,러시아의 행정 구역
Саратовская область,사라토프주
европейский автомобильный маршрут,유럽 고속도로
Остров Врангеля,브란겔섬
Северная Земля,세베르나야제믈랴 제도
Карачаево-Черкесия,카라차예보체르케스카야 공화국
Осетия,오세티야
Саратов,사라토프
Судак,수다크
Крымский полуостров,크림반도
Еврейская автономная область,유대인 자치주
тувинцы,투바인
Биробиджан,비로비잔
русский язык,러시아어
Хабаровский край,하바롭스크 지방
Немецкий национальный район,네메츠키 나치오날니 군
Оренбург,오렌부르크
балкарцы,발카르인
Кабардино-Балкария,카바르디노발카르 공화국
Луна,루나 계획
Шилка,실카강
Сибирь,시베리아
Яндекс,얀덱스
Южно-Сахалинск,유즈노사할린스크
Шереметьево,셰레메티예보 국제공항
Черкесск,체르케스크
Карелия,카렐리야
биатлон на зимних Олимпийских играх 2014,2014년 동계 올림픽 바이애슬론
Рубцовск,룹촙스크
Сахалин,사할린섬
Рославль,로슬라블
Салават,살라밧
Кировская область,키로프주
Ростов,로스토프
Пушкин,푸시킨
Магаданская область,마가단주
Оренбургская область,오렌부르크주
Пермский край,페름 지방
Мордовия,모르도바 공화국
Приозерск,프리오제르스크
Сухой,수호이
Главное разведывательное управление ВС РФ,러시아 총정보국
Киров,키로프
ВКонтакте,브이콘탁트
Саранск,사란스크
Удмуртия,우드무르트 공화국
Кириши,키리시
Петропавловск-Камчатский,페트로파블롭스크캄차츠키
Вооружённые силы Российской Федерации,러시아 연방군
сербы,세르비아인
Магадан,마가단
Ижевск,이젭스크
Центральный парк культуры и отдыха им. Горького,고르키 공원
Курило-Камчатский жёлоб,쿠릴-캄차카 해구
Алеутский жёлоб,알류샨 해구
Анадырь,아나디리
Юго-Восточный административный округ,유고보스토치니 구
Саров,사로프
Рудня,루드냐
Руза,루자
Храм Василия Блаженного,성 바실리 대성당
Российско-китайские отношения,러시아-중화인민공화국 관계
Российско-исландские отношения,러시아-아이슬란드 관계
Российско-венгерские отношения,러시아-헝가리 관계
Марий Эл,마리옐 공화국
Тобол,토볼강
Эльхотово,옐호토보
Сальск,살스크
болгарский язык,불가리아어
Сарапул,사라풀
Себеж,세베시
Иртыш,이르티시강
Вторая чеченская война,제2차 체첸 전쟁
Черногорск,체르노고르스크
Российско-ирландские отношения,러시아-아일랜드 관계
Рыбинск,리빈스크
Снежный человек,예티
Печора,페초라강
грузинский язык,조지아어
Камчатский край,캄차카 지방
террористический акт в Беслане,베슬란 학교 인질 사태
Североморск,세베로모르스크
Сасово,사소보
футуризм,미래파
Северная Двина,세베르나야드비나강
идиш,이디시어
Рыбное,립노예
Рыльск,릴스크
Линия перемены даты,날짜 변경선
Сафоново,사포노보
Северо-Курильск,세베로쿠릴스크
Северобайкальск,세베로바이칼스크
авиакатастрофа в Смоленске 10 апреля 2010 года,2010년 폴란드 공군 Tu-154 추락 사고
Дербент,데르벤트
Ялта,얄타
Сергиев Посад,세르기예프포사트
Кетой,케토이섬
Борисоглебск,보리소글렙스크
Сланцевский район,슬란쳅스키군
Боровичи,보로비치
Светлогорск,스베틀로고르스크
Море Лаптевых,랍테프해
Сельцо,셀초
Мерькова,메르코바
Чукотский автономный округ,축치 자치구
Свирск,스비르스크
Свободный,스보보드니
Буйнакск,부이낙스크
Северск,세베르스크
Севск,셉스크
украинский язык,우크라이나어
греческий язык,그리스어
белорусский язык,벨라루스어
Западная Двина,다우가바강
Бугуруслан,부구루슬란
Будённовск,부됴놉스크
Буй,부이
Буинск,부인스크
Бутурлиновка,부투를리놉카
Валдай,발다이
остров Беринга,베링섬
Боровск,보롭스크
Бородино,보로디노
Янтарный путь,호박의 길
казахский язык,카자흐어
армянский язык,아르메니아어
Бронницы,브론니치
Коломна,콜롬나
корейский язык,한국어
Верхний Уфалей,베르흐니우팔레이
Верхняя Пышма,베르흐냐야피시마
Перспективный авиационный комплекс фронтовой авиации,수호이 T-50 PAK FA
Братск,브라츠크
Валдайская возвышенность,발다이 구릉
Карские Ворота,카르스키예 해협
Валуйки,발루이키
Велиж,벨리시
Сибай,시바이
Венёв,베네프
азербайджанский язык,아제르바이잔어
Верея,베레야
Бугульма,부굴마
Хакасы,하카스인
Государственный Эрмитаж,예르미타시 미술관
Сестрорецк,세스트로레츠크
Видное,비드노예
Вилюйск,빌류이스크
Серпухов,세르푸호프
Сенгилей,센길레이
Туполев,투폴레프
Советский,소베츠키
Сокол,소콜
Волгореченск,볼고레첸스크
Волжск,볼시스크
Верхоянск,베르호얀스크
Сковородино,스코보로디노
Скопин,스코핀
Верхний Тагил,베르흐니타길
узбекский язык,우즈베크어
Храм Христа Спасителя,구세주 그리스도 대성당
Карабаново,카라바노보
Российско-югоосетинские отношения,남오세티야-러시아 관계
Вичуга,비추가
Волгодонск,볼고돈스크
Солигалич,솔리갈리치
Московский академический музыкальный театр имени К. С. Станиславского и Вл. И. Немировича-Данченко,스타니슬랍스키-네미로비치 단첸코 기념음악극장
Славянск-на-Кубани,슬라뱐스크나쿠바니
персидский язык,페르시아어
русская кухня,러시아 요리
проституция в России,러시아의 성매매
Вилючинск,빌류친스크
Вихоревка,비호레프카
ульчский язык,울치어
колтта-саамский язык,스콜트 사미어
зимние Олимпийские игры 2014,2014년 동계 올림픽
Евровидение-2009,유로비전 송 콘테스트 2009
Берингов пролив,베링 해협
Алания,FC 알라니야 블라디캅카스
Выкса,빅사
удмуртский язык,우드무르트어
Временное правительство России,러시아 임시 정부
мокшанский язык,모크샤어
Воскресенск,보스크레센스크
Вольск,볼스크
Сорск,소르스크
болгары,불가리아인
Воркута,보르쿠타
Камчатка,캄차카강
Ахмат,FC 아흐마트 그로즈니
Российско-финляндские отношения,러시아-핀란드 관계
Карачаевцы,카라차이인
Битва под Фридландом,프리틀란트 전투
Камов,카모프
Славгород,슬라브고로드
Славск,슬랍스크
Московский Кремль,모스크바 크렘린
Сольвычегодск,솔비체고드스크
Сольцы,솔치
алтайцы,알타이인
Весьегонск,베시예곤스크
административно-территориальное деление Ленинградской области,레닌그라드주의 행정 구역
Советская Гавань,소베츠카야가반
башкирский язык,바시키르어
Соликамск,솔리캄스크
Солнечногорск,솔네츠노고르스크
Сретенск,스레텐스크
Советск,소베츠크
Советск,소베츠크
нанайский язык,나나이어
Ледовое побоище,페이푸스호 전투
Сортавала,소르타발라
Сосенский,소센스키
Новокузнецк,노보쿠즈네츠크
Курган,쿠르간
Снежинск,스네진스크
Снежногорск,스네즈노고르스크
Стерлитамак,스테를리타마크
Собинка,소빈카
Старая Русса,스타라야루사
Вязники,뱌즈니키
Московский государственный университет,모스크바 대학교
Среднеколымск,스레드네콜림스크
Финский залив,핀란드만
Набережные Челны,나베레즈니예첼니
Спас-Деменск,스파스데멘스크
Спас-Клепики,스파스클레피키
Вышний Волочёк,비시니볼로초크
Вяземский,뱌젬스키
комплекс «Федерация»,페더레이션 타워
Старица,스타리차
Луганск,루한스크
Гаврилов-Ям,가브릴로프얌
Петербургский метрополитен,상트페테르부르크 지하철
Сибинский диалект,시버어
удэгейский язык,우데게이어
Сусуман,수수만
Магнитогорск,마그니토고르스크
Волосово,볼로소보
Волхов,볼호프강
Комсомолец,콤소몰레츠섬
Спасск-Дальний,스파스크달니
Спасск-Рязанский,스파스크랴잔스키
Сураж,수라시
Воткинск,봇킨스크
Гагарин,가가린
Гаджиево,가지예보
Лодейное Поле,로데이노예폴레
Гальбштадт,갈프슈타트
Сухиничи,수히니치
Луга,루가강
Великие Луки,벨리키예루키
Бокситогорск,복시토고르스크
Галич,갈리치
Медный,메드니섬
Грайворон,그라이보론
Кировск,키롭스크
Волоколамск,볼로콜람스크
Гороховец,고로호베츠
Волжский,볼시스키
Струнино,스트루니노
Гдов,그도프
айны,아이누
Волхов,볼호프
Горячий Ключ,고랴치클류치
Российско-польские отношения,러시아-폴란드 관계
Нижний Тагил,니즈니타길
Таруса,타루사
Кингисепп,킨기세프
Выборг,비보르크
чуваши,추바시인
Всеволожск,브세볼로시스크
Высоцк,비소츠크
Протон,프로톤 로켓
Елец,옐레츠
Городец,고로데츠
Суворов,수보로프
Судогда,수도그다
Ивангород,이반고로드
Каменногорск,카멘노고르스크
Новая Ладога,노바야라도가
Ладожское озеро,라도가호
Сычёвка,시춉카
Губкин,굽킨
Стародуб,스타로두프
Старый Оскол,스타리오스콜
Луга,루가
Яблоко,야블로코
Тайга,타이가
Тайшет,타이셰트
Суздаль,수즈달
Сосновый Бор,소스노비보르
Тихвин,티흐빈
Новатэк,노바텍
Сланцы,슬란치
Газпром-Медиа Холдинг,가스프롬 미디어
Ельня,옐냐
Таштагол,타시타골
Гуково,구코보
Гурьевск,구리옙스크
Тосно,토스노
Шлиссельбург,실리셀부르크
Абинск,아빈스크
Грязовец,그랴조베츠
Горбатов,고르바토프
Апшеронск,압셰론스크
Приморск,프리모르스크
Глазов,글라조프
Голицыно,골리치노
Имандра,이만트라호
Азиатский маршрут AH3,아시안 하이웨이 3호선
Красная Поляна,크라스나야폴랴나
Вязьма,뱌지마
Армавир,아르마비르
Дмитров,드미트로프
Тутаев,투타예프
Приамурье,외만주
X5 Retail Group,X5 리테일 그룹
Ловать,로바티강
Давлеканово,다블레카노보
Далматово,달마토보
Дальнереченск,달네레첸스크
Ржевская битва,르제프 전투
Калач-на-Дону,칼라치나도누
Ковров,코브로프
Гурьевск,구리옙스크
Гусиноозёрск,구시노오조르스크
Адыгейск,아디게이스크
Алейск,알레이스크
Гусь-Хрустальный,구시흐루스탈니
Дедовск,데돕스크
Белокуриха,벨로쿠리하
Данилов,다닐로프
Данков,단코프
Тетюши,테튜시
Демидов,데미도프
Объединённый институт ядерных исследований,합동원자핵연구소
Торжок,토르조크
Белореченск,벨로레첸스크
Абдулино,아브둘리노
Бийск,비스크
Углич,우글리치
Правобережный район,프라보베레즈니군
Трёхгорный,트료흐고르니
Углегорск,우글레고르스크
Удачный,우다치니
Новороссийск,노보로시스크
Томари,토마리
Томмот,톰모트
Темрюк,템류크
Анапа,아나파
список городов России,러시아의 인구순 도시 목록
Десногорск,데스노고르스크
Дзержинский,제르진스키
Долгопрудный,돌로고프룬디
Долинск,돌린스크
Туран,투란
Геленджик,겔렌지크
Плесецк,플레세츠크 우주 기지
Тында,틴다
Гудермес,구데르메스
Туапсе,투압세
Троицк,트로이츠크
Трубчевск,트룹쳅스크
Газпром,가스프롬
Игнатьево,이그나티예보 공항
Российская национальная библиотека,러시아 국립도서관
Дмитровск,드미트롭스크
Дно,드노
Димитровград,디미트로프그라드
Взрывы в московском метро 29 марта 2010 года,2010년 모스크바 지하철 폭탄 테러
Московский район,모스콥스키구
Урус-Мартан,우루스마르탄
Дивногорск,디브노고르스크
Донавиа,도나비아 항공
Унеча,우네차
Новодевичий монастырь,노보데비치 수녀원
даргинцы,다르기인
Амкар,FC 암카르 페름
День Победы,승리의 날
Крылья Советов,FC 크릴리야 소베토프 사마라
Анжи,FC 안지 마하치칼라
Донской,돈스코이
Усмань,우스만
ХК «Локомотив» (Ярославль),로코모티프 야로슬라블
Подольск,포돌스크
Домодедово,도모데도보
Внуково,브누코보 국제공항
Центральный район,중앙구 (상트페테르부르크)
Новосибирский метрополитен,노보시비르스크 지하철
Дубна,두브나
Добрянка,도브랸카
Ейск,예이스크
Елабуга,옐라부가
Дорогобуж,도로고부시
Петродворцовый район,페트로드보르초비구
Красносельский район,크라스노셀스키구
Петроградский район,페트로그라츠키구
Курортный район,쿠로르트니구
Уссурийск,우수리스크
Динамо,FC 디나모 모스크바
Дудинка,두딘카
Духовщина,두홉시나
Лабинск,라빈스크
Удомля,우도믈랴
Егорьевск,예고리옙스크
Узловая,우즐로바야
Санкт-Петербургская соборная мечеть,상트페테르부르크 모스크
Енисейск,예니세이스크
Фрязино,프랴지노
Фурманов,푸르마노프
Тихоокеанское вулканическое огненное кольцо,환태평양 조산대
Дахадаевский район,다하다옙스키군
Полянка,폴랸카역
Крымск,크림스크
Елизово,옐리조보
грузины,조지아인
подразделения специального назначения Российской Федерации,스페츠나츠
Первоуральск,페르보우랄스크
федеральный округ России,러시아의 연방관구
Мытищи,미티시
Чудско-Псковское озеро,페이푸스호
Арбат,아르바트 거리
Путорана,푸토라나고원
Усть-Кут,우스티쿠트
Симферополь,심페로폴
Усть-Илимск,우스티일림스크
Фокино,포키노
Фокино,포키노
Флаг Республики Алтай,알타이 공화국의 기
Дятьково,댜티코보
Холмск,홀름스크
Российско-кубинские отношения,러시아-쿠바 관계
M-1 Global,M-1 글로벌
Палтога,팔토가
Ессентуки,예센투키
Ухта,우흐타
Ефремов,예프레모프
Жигулёвск,지굴룝스크
Жиздра,지스드라
Железногорск,젤레즈노고르스크
Железногорск-Илимский,젤레즈노고르스크일림스키
ISO 3166-2:RU,ISO 3166-2:RU
RT,러시아 투데이
Краснолесье,크라스놀레셰
Кольская сверхглубокая скважина,콜라 초깊이 시추공
Ладушкин,라두시킨
Чекалин,체칼린
Ракетно-космический центр «Прогресс»,프로그레스사
Жуковский,주콥스키
Жуков,주코프
Жуковка,주콥카
Чадан,차단
Химки,힘키
Бобслей на зимних Олимпийских играх 2014,2014년 동계 올림픽 봅슬레이
Скелетон на зимних Олимпийских играх 2014,2014년 동계 올림픽 스켈레톤
Хвалынск,흐발린스크
Заинск,자인스크
Закаменск,자카멘스크
Холм,홀름
киргизы,키르기스인
Завитинск,자비틴스크
Великая река,벨리카야강
Санный спорт на зимних Олимпийских играх 2014,2014년 동계 올림픽 루지
Сноуборд на зимних Олимпийских играх 2014,2014년 동계 올림픽 스노보드
Чемпионат России по футболу среди женщин,쳄피오나트 로시 포 푸트볼루 스레디 젠신
Чапаевск,차파옙스크
Чаплыгин,차플리긴
Забайкальск,자바이칼스크
Первенство России среди любительских футбольных клубов,아마추어 축구 리그
Чудово,추도보
Чулым,출림
Фристайл на зимних Олимпийских играх 2014,2014년 동계 올림픽 프리스타일
Вулкан Сарычева,사리체프봉
Ока,오카강
Европейский маршрут E38,유럽 고속도로 38호선
Чухлома,추흘로마
Заречный,자레치니
Заречный,자레치니
Суперкубок России по футболу,러시아 슈퍼컵
Чистополь,치스토폴
Чкаловск,치칼롭스크
Звенигово,즈베니고보
Звенигород,즈베니고로드
автономная область Российской Федерации,러시아의 자치주
Прогресс,프로그레스 우주선
румыны,루마니아인
Заозёрск,자오조르스크
Западная Двина,자파드나야드비나
Северо-Кавказский федеральный округ,북캅카스 연방관구
Эгриси,에그리시
Молокане,molokan
Звёздная,즈보츠나야역
АЛРОСА,알로사
Российско-австрийские отношения,러시아-오스트리아 관계
Черемхово,체렘호보
ингуши,인구시인
Россия на летних Олимпийских играх 2012,2012년 하계 올림픽 러시아 선수단
Майминский район,마이민스키군
Таймырский Долгано-Ненецкий район,타이미르스키군
Менделеевская,멘델레옙스카야역
Международная космическая станция,국제우주정거장
Россия на летних Олимпийских играх 2008,2008년 하계 올림픽 러시아 선수단
Шадринск,샤드린스크
Восточный административный округ,보스토치니 구
Зарайск,자라이스크
Зея,제야
Аргунь,아르군강
Большой Иран,대이란
Шарья,샤랴
Шатура,샤투라
Шахтёрск,샤흐툐르스크
Олёкма,올료크마강
Шахты,샤흐티
Златоуст,즐라토우스트
Шумерля,슈메를랴
Шуя,슈야
Витим,비팀강
Щёкино,슈초키노
Российский футбольный союз,러시아 축구 협회
Национал-большевистская партия,민족 볼셰비키당
Европейский маршрут E28,유럽 고속도로 28호선
Шиханы,시하니
Чехов,체호프
Большой театр,볼쇼이 극장
Злынка,즐린카
Японское море,동해
Россия на зимних Олимпийских играх 2010,2010년 동계 올림픽 러시아 선수단
Зеленодольск,젤레노돌스크
Поволжские немцы,볼가 독일인
Заволжск,자볼시스크
Европейский маршрут E22,유럽 고속도로 22호선
Московский международный кинофестиваль 1965,제4회 모스크바 국제 영화제
башкиры,바시키르인
Щёлково,숄코보
Электрогорск,옐렉트로고르스크
Электросталь,옐렉트로스탈
Восточная Азия,동아시아
татарский язык,타타르어
Боспорское царство,보스포루스 왕국
Юхнов,유흐노프
Знаменск,즈나멘스크
Дружба,드루즈바 파이프라인
Энгельс,옌겔스
Электроугли,옐렉트로우글리
русины,루신인
Россия на летних Олимпийских играх 1900,1900년 하계 올림픽 러시아 선수단
Змеиногорск,즈메이노고르스크
Игарка,이가르카
СКА,FC SKA 로스토프나도누
Северо-Восточная Азия,동북아시아
Калининградский полуостров,삼비아반도
Первый канал,페르비 카날
Юрга,유르가
Юрьев-Польский,유리예프폴스키
Нижняя Тунгуска,니즈냐야퉁구스카강
Вилюй,빌류이강
Зуевка,주옙카
адыгейский язык,아디게어
Ишим,이심
Избербаш,이즈베르바시
МГИМО,국립 모스크바 국제 관계 대학교
керекский язык,케레크어
Инта,인타
Россия на летних Олимпийских играх 1996,1996년 하계 올림픽 러시아 선수단
Кубок России по футболу,러시아 컵
Европейский маршрут E40,유럽 고속도로 40호선
абазинский язык,아바자어
Звёздный городок,즈뵤즈드니고로도크
Южно-Сахалинская апостольская префектура,유즈노사할린스크 지목구
Мосфильм,모스필름
Зубцов,줍초프
Истра,이스트라 (모스크바 주)
Санкт-Петербургский государственный университет,상트페테르부르크 대학교
Люберцы,류베르치
Луч,FC 루치 에네르기야 블라디보스토크
Антропово,안트로포보
горно-алтайские языки,알타이어
алюторский язык,알루토르어
Петровский,페트롭스키 스타디움
Исилькуль,이실쿨
Нижегородский метрополитен,니즈니노브고로드 지하철
ОКБ имени Яковлева,야코블레프
Новосибирские острова,노보시비르스크 제도
Десна,데스나강
.рф,.рф
Группа советских войск в Германии,주동독 소련군
Северная Азия,북아시아
Яблоновый хребет,야블로노비산맥
Приволжский федеральный округ,프리볼시스키 연방관구
Ханка,한카호
Серпуховская,세르푸홉스카야역
Саяны,사얀산맥
Зенит,FC 제니트 상트페테르부르크
Ишимбай,이심바이
Таганрогский залив,타간로크만
Торпедо,FC 토르페도 모스크바
Локомотив,FC 로코모티프 모스크바
Надеждинский район,나데즈딘스키군
Шантарские острова,샨타르스키예 제도
Горьковский автомобильный завод,GAZ
Ярцево,야르체보
Ясногорск,야스노고르스크
Лукойл,루크오일
Томь,FC 톰 톰스크
Кубань,FC 쿠반 크라스노다르
Калязин,칼랴진
Спартак,FC 스파르타크 모스크바
Сбер,스베르방크
Кижи,키지섬
Ильмень,일멘호
Киевская,키옙스카야 역
айнский язык,아이누어
Камбарка,캄바르카
Таван-Богдо-Ула,타반보그드산
Лужники,루즈니키 스타디움
Острова Диомида,다이오메드 제도
Корякский округ,코랴크 자치구
Ирафский район,이랍스키군
Камызяк,카미자크
Камень-на-Оби,카멘나오비
Камешково,카메시코보
Sukhoi Superjet 100,수호이 슈퍼젯 100
Орочи,오로치족
Долганы,돌간인
ГЛОНАСС,글로나스
Главное адмиралтейство в Санкт-Петербурге,러시아 구해군성
энецкий язык,에네츠어
эрзянский язык,에르자어
эвенский язык,에벤어
Калачинск,칼라친스크
якуты,야쿠트족
Карабулак,카라불라크
Каменск-Шахтинский,카멘스크샤흐틴스키
Казбек,카즈벡산
Педагогический институт ТОГУ,극동국립인문대학교
Административно-территориальное деление Ханты-Мансийского автономного округа — Югры,한티만시 자치구의 행정 구역
Вайгач,바이가치섬
Зеленоград,젤레노그라드
Кильдин,킬딘섬
Кандалакша,칸달락샤
Усть-Ордынский Бурятский автономный округ,우스티오르딘스키부랴트 자치구
Уссури,우수리강
Камчатская область,캄차카주
аварский язык,아바르어
Пролив Лаперуза,라페루즈 해협
Камышин,카미신
Новый,하바롭스크 공항
Демянск,데먄스크
Мариинский театр,마린스키 극장
Соловецкие острова,솔로베츠키예 제도
Канск,칸스크
Лача,라차호
Каргополь,카르고폴
Канаш,카나시
Волго-Балтийский водный путь,볼가-발트해 수로
Онон,오논강
ассирийцы,아시리아인
чеченцы,체첸인
лезгинский язык,레즈긴어
Карачаевск,카라차옙스크
Карачев,카라체프
Кемь,켐
даргинский литературный язык,다르구아어
Чемпионат России по футболу 2012/2013,러시아 프리미어리그 2012-13
Байкало-Амурская магистраль,바이칼-아무르 철도
Авиакатастрофа А310 под Междуреченском 23 марта 1994 года,아에로플로트 593편 추락 사고
Казанка,카잔카강
Сокол,소콜역
Касимов,카시모프
буряты,부랴트인
террористический акт в аэропорту Домодедово,2011년 도모데도보 국제공항 테러
Нарва,나르바강
Карельский перешеек,카렐리야 지협
кумыки,쿠미크인
бурятский язык,부랴트어
вепсский язык,벱스어
Кашира,카시라
Кедровый,케드로비
Аскинский район,아스킨스키군
Горнолыжный спорт на зимних Олимпийских играх 2014,2014년 동계 올림픽 알파인스키
эвенкийский язык,예벤키어
КАМАЗ,카마스
Уфа,우파강
Нерчинск,네르친스크
Справедливая Россия — За правду,공정 러시아
Полесье,폴레시아
Хамниганы,함니간인
Вторая лига России по футболу,러시아 세컨드 디비전
Зея,제야강
Сура,수라강
Военно-воздушные силы Российской Федерации,러시아 공군
Кашин,카신
Каспийск,카스피스크
Аэрофлот-Карго,아에로플로트 카고
Авиакатастрофа в Перми 14 сентября 2008 года,아에로플로트 821편 추락 사고
Невский проспект,넵스키 대로
Кизилюрт,키질류르트
чукотский язык,축치어
Новодевичье кладбище,노보데비치 묘지
Ключевская Сопка,클류쳅스카야산
Центральный спортивный клуб армии,CSKA 모스크바
Русский мост,루스키 교
Золотой мост,졸로토이 교
Калинка,칼린카
Командорские острова,코만도르스키예 제도
водский язык,바트어
долганский язык,돌간어
Проблема принадлежности южных Курильских островов,쿠릴 열도 분쟁
чувашский язык,추바시어
Кизляр,키즐랴르
Опочка,오포치카
Интерфакс,인테르팍스
Эвенкийский автономный округ,예벤키 자치구
Становой хребет,스타노보이산맥
Бирюса,비류사강
чеченский язык,체첸어
Россия-1,로시야 1
церковнославянский язык,교회 슬라브어
Кимовск,키몹스크
Кимры,킴리
крымскотатарский язык,크림 타타르어
Россия на зимних Олимпийских играх 2006,2006년 동계 올림픽 러시아 연방 선수단
Хасавюрт,하사뷰르트
Северо-Западный федеральный округ,북서 연방관구
ЛДПР,러시아 자유민주당
Голос России,러시아의 소리
кетский язык,케트어
ингушский язык,인구시어
Чулым,출림강
Храм Спаса на Крови,피의 구원 사원
каракалпакский язык,카라칼파크어
Московский международный деловой центр,모스크바 국제 비즈니스 센터
Луза,루자
Троице-Сергиева лавра,성 세르기우스 삼위일체 수도원
Андреев день,성 안드레아의 날
ФосАгро,포스아그로
Иркутский государственный лингвистический университет,이르쿠츠크 국립 언어 대학교
Государственный Русский музей,러시아 미술관
Улан-Удэнский авиационный завод,울란우데 항공기 공장
Московская консерватория,모스크바 음악원
мужская сборная России по баскетболу,러시아 농구 국가대표팀
Москва,FC 모스크바
Итуруп,이투루프섬
Верхоянский хребет,베르호얀스크산맥
кабардино-черкесский язык,카바르디어
Царь-колокол,차르의 종
Царь-пушка,차르 캐넌
Большой Кавказ,볼쇼이캅카스산맥
Южный остров,유즈니섬
Свирь,스비리강
калмыцкий язык,칼미크어
орочский язык,오로치어
хантыйский язык,한티어
ительменский язык,이텔멘어
Колгуев,콜구예프섬
Томь,톰강
ижорский язык,잉그리아어
хакасский язык,하카스어
Лакинск,라킨스크
Кинешма,키네시마
Телецкое озеро,텔레츠코예호
Гданьский залив,그단스크만
карельский язык,카렐리야어
Карское море,카라해
Албано-российские отношения,러시아-알바니아 관계
Таймырский (Долгано-Ненецкий) автономный округ,타이미르 자치구
Агинское,아긴스코예
Киров,키로프
Кировград,키로브그라드
Киселёвск,키세리보스크
Ямал,야말반도
Шхара,시하라산
мансийский язык,만시어
Северный остров,세베르니섬
Остров Октябрьской Революции,옥탸브리스코이레볼류치섬
Киржач,키르자치
Единая Россия,통합 러시아
орокский язык,윌타어
Исаакиевский собор,성 이사악 성당
Кисловодск,키슬로보츠크
ногайский язык,노가이어
Климовск,클리몹스크
Ак Барс Арена,카잔 아레나
кильдинский саамский язык,킬딘 사미어
негидальский язык,네기달어
Кирово-Чепецк,키로보체페츠크
Кировск,키롭스크
Киреевск,키레옙스크
Киренск,키렌스크
Кольчугино,콜추기노
Когалым,코갈림
Президентские выборы в России (2012),2012년 러시아 대통령 선거
Что? Где? Когда?,뭘까? 어디서? 언제?
российско-финляндская граница,러시아-핀란드 국경
Приморское течение,리만 해류
Большой Тютерс,볼쇼이튜테르스섬
селькупский язык,셀쿠프어
Лаборатория Касперского,카스퍼스키 랩
осетинский язык,오세트어
Цна,츠나강
Живой Журнал,라이브저널
Ак Барс,아크 바르스 카잔
карачаево-балкарский язык,카라차이발카르어
Клин,클린
Клинцы,클린치
Аграрная партия России,러시아 농업당
Козьмодемьянск,코지모데먄스크
Монерон,모네론섬
Остров Фуругельма,푸루겔름섬
Козельск,코젤스크
якутский язык,야쿠트어
россияне,로시야네
шорский язык,쇼르어
Тайфун Болавен,태풍 볼라벤
А-50,A-50 메인스테이
тувинский язык,투바어
Оборона Севастополя,세바스토폴 포위전
Кировский район,키롭스키구
Адмиралтейский район,아드미랄테이스키구
Выборгский район,비보륵스키구
братья Стругацкие,스트루가츠키 형제
Северный поток,노르트스트림
Азиатский максимум,시베리아 기단
Северо-Американская плита,북미판
Пушкинский район,푸시킨스키구
Таманский полуостров,타만반도
Старая Ладога,스타라야라도가
Абакан,아바칸강
бабинский саамский язык,아칼라 사미어
прусский язык,고대 프로이센어
президент России,러시아의 대통령
Кологрив,콜로그리프
Колпино,콜피노
Айхал,아이할
Казанский собор,카잔 성당
Малый Хинган,샤오싱안링산맥
ашкеназы,아슈케나즈 유대인
Залив Петра Великого,표트르 대제만
табасаранский язык,타바사란어
Залив Посьета,포시예트만
Остров Попова,포포바섬
Русский остров,루스키섬
Россия на «Евровидении»,러시아의 유로비전 송 콘테스트 참가
AirBridgeCargo,에어브리지 카고 에어
Иркут,이르쿠트
Комсомольское-на-Амуре авиационное производственное объединение имени Ю. А. Гагарина,콤소몰스크나아무레 항공제작소
Василеостровский район,바실레오스트롭스키구
Краснодар,FC 크라스노다르
Маканруши,마칸루시섬
Водо-водяной энергетический реактор,VVER
Кола,콜라
Азиатский маршрут AH6,아시안 하이웨이 6호선
Тикси,틱시
Трансаэро,트랜스아에로 항공
Lada,라다 자동차
Уральские горы,우랄산맥
административно-территориальное деление Алтайского края,알타이 변경주의 행정 구역
Вятское,뱌츠코예
Сихотэ-Алинь,시호테알린산맥
лакский язык,라크어
Комсомольск,콤소몰스크
Комсомольск-на-Амуре,콤소몰스크나아무레
коми-зырянский язык,코미지리안어
Нанайцы,나나이족
Азовское море,아조프해
Прусская восточная железная дорога,프로이센 동방철도
ТАСС,타스
Линия Маннергейма,만네르헤임선
Конаково,코나코보
Среднесибирское плоскогорье,중앙시베리아고원
суржик,수르지크어
Флаг Крыма,크림 공화국의 국기
Ника,니카상
Аник,아닉산
готский язык,고트어
Кондопога,콘도포가
Кондрово,콘드로보
Яшкино,야시키노
Копейск,코페이스크
Костерёво,코스테료보
Костомукша,코스토묵샤
Совкомфлот,소보콤플로트
кумыкский язык,쿠미크어
Балтачевский район,발타쳅스키군
Академия Наук (вулкан),아카데미야나우크산
Акелла,아켈라
Королёв,코롤료프
.ru,.ru
Сергокалинский район,세르고칼린스키군
ЦСКА,PBC CSKA 모스크바
Чемпионат мира по борьбе 2010,2010년 세계 레슬링 선수권 대회
Росатом,로사톰
Российско-белорусские энергетические конфликты,2007년 러시아-벨라루스 에너지 분쟁
нивхский язык,니브흐어
Северный административный округ,세베르니 구
Северо-Восточный административный округ,세베로보스토치니 구
Москвич,모스크비치
Котлас,코틀라스
Кораблино,코라블리노
Красногорск,크라스노고르스크
корякский язык,코랴크어
коми язык,코미어
Федеральное Собрание Российской Федерации,러시아 연방의회
заслуженный артист Российской Федерации,조선민주주의인민공화국의 공훈예술가
Южный административный округ,유즈니 구
Юго-Западный административный округ,유고자파드니 구
Западный административный округ,자파드니 구
Кировско-Выборгская линия,키롭스코 비보륵스카야 선
Корсаков,코르사코프
Коряжма,코랴슈마
Красноармейск,크라스노아르메이스크
нганасанский язык,응가나산어
понтийский язык,폰토스 그리스어
Алупка,알룹카
Беломорско-Балтийский канал,백해-발트 해 운하
Тофаларский язык,토파어
Курская,쿠르스카야 역
йоканьгско-саамский язык,테르 사미어
Чемпионат мира по фигурному катанию 2011,2011년 세계 피겨스케이팅 선수권 대회
Чемпионат России по футболу 2011/2012,러시아 프리미어리그 2011-12
Красноармейск,크라스노아르메이스크
Краснознаменск,크라스노즈나멘스크
Котельнич,코텔니치
Таймыр,타이미르반도
Мордовия,FC 모르도비야 사란스크
Нордавиа,노다비아 항공
Красноуфимск,크라스노우핌스크
экономика России,러시아의 경제
Китайско-Восточная железная дорога,동청 철도
Ангара,안가라 로켓
Мост королевы Луизы,루이제 왕비교
Краснокамск,크라스노캄스크
Балтийский завод,발트 조선소
Троицкий административный округ,트로이츠키 행정구
административно-территориальное деление Москвы,모스크바의 행정 구역
латгальский язык,라트갈레어
ненецкий язык,네네츠어
Сталинградская битва,스탈린그라드 전투
Красный Сулин,크라스니술린
Краснознаменск,크라스노즈나멘스크
Северо-Западный административный округ,세베로자파드니 구
Новомосковский административный округ,노보모스콥스키 행정구
Кронштадт,크론시타트
Кстово,크스토보
Красное Село,크라스노예셀로
сражение под Прохоровкой,프로호롭카 전투
Красный Холм,크라스니홀름
Военно-морской флот Российской Федерации,러시아 해군
Красная площадь,붉은 광장
Ветлуга,베틀루가강
Кудымкар,쿠딤카르
Охотское море,오호츠크해
Куйбышев,쿠이비셰프
российский рубль,러시아 루블
манси,만시인
Петропавловская крепость,페트로파블롭스크 요새
День железнодорожника,철도의 날
Медвежье-Саньково,산코보 메드베제
Днепр,드니프로강
Сочи,소치
Кувшиново,쿱시노보
республика в составе Российской Федерации,러시아의 공화국
Дыхтау,디흐타우산
Кунгур,쿤구르
Тятя,탸탸산
Финляндский вокзал,핀랸츠키역
Уральский федеральный округ,우랄 연방관구
Ачхой-Мартановский район,아치호이마르타놉스키군
Азиатская хоккейная лига,아시아리그 아이스하키
Кыштым,키시팀
Кяхта,캬흐타
Северный Кавказ,북캅카스
Саяно-Шушенская ГЭС,사야노-슈셴스카야 수력 발전소
ГУМ,굼
Енисей,FC 예니세이 크라스노야르스크
Куртамыш,쿠르타미시
Леон Сатурн,FC 사투른 모스크바 오블라스티
Кушва,쿠시바
Бузулук,부줄루크
Чёрная смерть,흑사병
Пятигорск,퍄티고르스크
Дальневосточный федеральный округ,극동 연방관구
Вишнёвый сад,벚꽃 동산
Бира,비라강
Сибирский федеральный округ,시베리아 연방관구
Абзелиловский район,압젤릴롭스키군
Амуро-Якутская железнодорожная магистраль,아무르-야쿠츠크 철도
узбеки,우즈베크인
субъект Российской Федерации,러시아의 연방주체
монголы,몽골인
Шинник,FC 신니크 야로슬라블
Амурский залив,아무르만
Амурская плита,아무르판
Нефтехимик,FC 네프테크히미크 니즈네캄스크
Трансмонгольская железная дорога,몽골 횡단 철도
Лаишево,라이셰보
Ленск,렌스크
Находка,나홋카
Лениногорск,레니노고르스크
Курильск,쿠릴스크
Курлово,쿠를로보
Южный федеральный округ,남부 연방관구
Лесной,레스노이
Эльбрус,옐브루스산
Allegro,카렐리안 트레인즈 Sm6
Острова Де-Лонга,데론가 제도
Курский вокзал,쿠르스키역
Белое море,백해
Керчь,케르치
Монгольское плато,몽골고원
Новосибирск-Главный,노보시비르스크역
Бронетанковый музей в Кубинке,쿠빙카 전차 박물관
НТВ,NTV
Алагирский район,알라기르스키군
Берингово море,베링해
Железнодорожный вокзал Владивостока,블라디보스토크 역
Уральские авиалинии,우랄 항공
Люблинско-Дмитровская линия,류블린스코 드미트롭스카야 선
Ломоносов,로모노소프
уйгуры,위구르족
Ливны,리브니
экономическое районирование России,러시아의 경제 구역
бухарские евреи,부하라 유대인
Лесозаводск,레소자보츠크
Ленинск-Кузнецкий,레닌스크 쿠즈넷츠
Патриоты России,러시아의 애국자들
Лебедянь,레베댠
Смидович,스미도비치
Выборгская,비보륵스카야역
Малоархангельск,말로아르한겔스크
Моздок,모즈도크
Конституционный Суд Российской Федерации,러시아 헌법재판소
Дворец Советов,팰리스 오브 소비에트
Луховицы,루호비치
Кавалеровский район,카발레롭스키군
Любим,류빔
Лиски,리스키
Липки,립키
Людиново,류디노보
Острова Анжу,안주 제도
Хабаровск I,하바롭스크역
Россия на летних Олимпийских играх 1912,1912년 하계 올림픽 러시아 선수단
Макаров,마카로프
Ардон,아르돈
Лена,레나강
Макарьев,마카례프
русские,러시아인
латыши,라트비아인
Толбачик,톨바치크
Торопец,토로페츠
Шивелуч,시벨루치산
Лихославль,리호슬라블
Мир,미르
Мариинский Посад,마린스키포사트
Мглин,므글린
Фонтанка,폰탄카강
Малоярославец,말로야로슬라베츠
Мамадыш,마마디시
Баренцево море,바렌츠해
Свиблово,스비블로보역
Владивосток,블라디보스토크 국제공항
Уссурийский залив,우수리만
Кубок конфедераций 2017,2017년 FIFA 컨페더레이션스컵
Ленинская линия,레닌스카야선
Казань,카잔 국제공항
Орск,오르스크
Мантурово,만투로보
Междуреченск,메즈두레첸스크
Мезень,메젠
Олонец,올로네츠
Мариинск,마린스크
Зеленогорск,젤레노고르스크
Малая Вишера,말라야비셰라
Малгобек,말고벡
Батово,바스토보
Мамоново,마모노보
Тоннель через Берингов пролив,베링 해협 대교
Калининско-Солнцевская линия,칼리닌스코 솔른쳅스카야 선
Библиотека имени Ленина,비블리오테카 이메니 레니나 역
Россия на летних Олимпийских играх 2000,2000년 하계 올림픽 러시아 선수단
Россия на летних Олимпийских играх 2004,2004년 하계 올림픽 러시아 선수단
Мегион,메기온
Ленфильм,렌필름
Межгорье,메즈고리예
Девственные леса Коми,코미 원시림
Чойский район,초이스키군
Тура,투라강
Меленки,멜렌키
Михайлов,미하일로프
РЖД Арена,RZD 아레나
Мокша,모크샤강
Русское Небо (авиакомпания),러시아 스카이 항공
Воробьёвы горы,참새 언덕
Медвежьегорск,메드베지예고르스크
Медынь,메딘
Минусинск,미누신스크
Слобожанщина,슬로보다우크라이나
Октябрьская,옥탸브리스카야 역
Административно-территориальное деление Калмыкии,칼미크 공화국의 행정 구역
Ольхон,올혼섬
Мичуринск,미추린스크
Понтийско-Каспийская степь,폰토스-카스피 스텝
Мончегорск,몬체고르스크
Можайск,모자이스크
Чукотское море,축치해
Менделеевск,멘델레옙스크
Мензелинск,멘젤린스크
Казанский кремль,카잔 크렘린
российско-эстонская граница,러시아-에스토니아 국경
Моршанск,모르샨스크
Миллерово,밀레로보
Минеральные Воды,미네랄니예보디
Пеники,페니키
Южно-Курильск,유즈노쿠릴스크
Гыданский полуостров,기단반도
история России,러시아의 역사
1-я гвардейская танковая армия,제1근위전차군
Мещовск,메숍스크
Чита,치타
Муром,무롬
Флаг Чечни,체첸 공화국의 기
Азиатский маршрут AH7,아시안 하이웨이 7호선
Саки,사키
Красноперекопск,크라스노페레콥스크
Расшуа,라스슈아섬
Первая лига,러시아 퍼스트 디비전
Мосальск,모살스크
Смоленское сражение,스몰렌스크 전투 (1941년)
Фенноскандия,페노스칸디아
Мышкин,미시킨
Херсонская область,헤르손주
Раменское,라멘스코예
Восточно-Сибирское море,동시베리아해
Европейский маршрут E30,유럽 고속도로 30호선
Демянская операция,데먄스크 포위전
Называевск,나지바옙스크
Мценск,므첸스크
Ангара,안가라강
Наро-Фоминск,나로포민스크
Русская освободительная армия,러시아 해방군
Ми-2,밀 Mi-2
Дальний Восток России,러시아 극동
Остров Полонского,폴론스코고섬
Острова Дёмина,하르카르섬
Зелёный,젤레니섬
административно-территориальное деление Адыгеи,아디게야 공화국의 행정 구역
Административно-территориальное деление Хакасии,하카스 공화국의 행정 구역
Парголово,파르골로보
Кругобайкальская железная дорога,환바이칼 철도
День защитника Отечества,조국수호의 날
Навашино,나바시노
Математический институт РАН,스테클로프 수학 연구소
Невель,네벨
герб России,러시아의 국장
Московский вертолётный завод имени М. Л. Миля,밀 모스크바 헬리콥터 공장
Сибур,시부르
административно-территориальное деление Бурятии,부랴트 공화국의 행정 구역
Уралкалий,우랄칼리
Восточно-Сахалинские горы,동사할린산맥
Новокузнецкий район,노보쿠즈네츠키군
55-я параллель северной широты,북위 55도
Кольский полуостров,콜라반도
Преображенское,프레오브라젠스코예
Корицкий,코리츠키곶
Ханкайский район,한카이스키군
Остров Танфильева,탄필레바섬
Анивский городской округ,아닙스키군
Колывань,콜리반
коми-пермяцкий язык,코미페르먀크어
Шестьдесят четыре деревни к востоку от реки Амур,강동육십사둔
Назрань,나즈란
Остров Анциферова,안치페로바섬
Пролетарская,프롤레타르스카야역
Невельск,네벨스크
Невинномысск,네비노미스크
Большая кольцевая линия,볼샤야 콜체바야 선
Ка-60,카모프 Ka-60
Тмутаракань,티무타라칸
остров Атласова,아틀라소프섬
Лабынкыр,라빈키르호
Павловский район,파블롭스키군
Ардатов,아르다토프
Биробиджанер штерн,비로비자너 슈테른
Куйтун,쿠이툰
административно-территориальное деление Тувы,투바 공화국의 행정 구역
Онежское озеро,오네가호
Сражение под Вязьмой,뱌지마 전투
Алеутский район,알레우츠키군
Маяк,마야크 재처리 공장
Ансамбль песни и пляски Российской армии имени А. В. Александрова,알렉산드로프 앙상블
Матч за звание чемпиона мира по шахматам 2012,2012년 세계 체스 선수권 대회
рубль СССР,소비에트 연방 루블
Маточкин Шар,마토치킨 해협
Онежская губа,오네가만
НПО Энергомаш,에네르고마쉬
Красноармейский район,크라스노아르메이스키 군
ойратский язык,오이라트어
Выборы в Государственную думу 2011 года,2011년 러시아 의회선거
Курильское течение,오야시오 해류
Аэрофлот,아에로플로트
Smash!!,스매시!!
Арбатско-Покровская линия,아르바츠코 포크롭스카야 선
Ясный,돔바롭스키 공군 기지
Туманная река,두만강
Союз-2,소유스 2호 로켓
Боголюбово,보골류보보
Союзное государство,러시아-벨라루스 국가 연합
Транссибирская магистраль,시베리아 횡단 철도
Ляховские острова,랴홉스키 제도
СКА Санкт-Петербург,SKA 상트페테르부르크
Система футбольных лиг России,러시아 축구 리그 시스템
Тобольск,토볼스크
Система «Периметр»,시스테마 페리메트르
барабинский диалект,바라바 방언
чжурчжэньский язык,여진어
Национальный исследовательский ядерный университет «МИФИ»,국립원자력대학 모스크바공학물리연구소
Ачхой-Мартан,아치호이마르탄
Рубин,FC 루빈 카잔
Муна,무나강
Башкирский государственный университет,바슈키르 국립 대학교
Шелковская,셸콥스카야
ненцы,네네츠인
протестное движение в России 2011—2013 годов,2011~2012년 러시아 반정부 시위
Российско-хорватские отношения,러시아-크로아티아 관계
Российско-боснийские отношения,러시아-보스니아 헤르체고비나 관계
Российско-сирийские отношения,러시아-시리아 관계
Ока,오카강
Атака лёгкой бригады,경기병 여단 돌격 사건
Кизимен,키지멘산
Бурея,부레야
Джугджур,중주르산
Меркурий Сити Тауэр,머큐리 시티 타워
Орден меньших братьев,작은형제회
Красноярск-Пассажирский,크라스노야르스크역
РКК «Энергия»,SP 코롤료프 로켓&스페이스 코퍼레이션 에네르기아
Российско-британские отношения,러시아-영국 관계
Масленица,마슬레니차
Короча,코로차
Упа,우파강
Нижнеудинск,니즈네우딘스크
Академия ФК «Зенит»,DYuSSh 스메나-제니트
Нелидово,넬리도보
Нерехта,네레흐타
Нефтеюганск,넵테유간스크
Нея,네야
российско-корейская граница,러시아-조선민주주의인민공화국 국경
Пруссия,프로이센
Новая газета,노바야 가제타
Таганрог,타간로크
премия имени Н. И. Лобачевского,로바쳅스키 상
Башня Россия,러시아 타워
Зеленогорск,젤레노고르스크
Шебекино,셰베키노
Россия-24,러시아 24
Нижнекамск,니즈네캄스크
нивхи,니브흐족
Золотое кольцо России,황금고리
Лапландия,라플란드
Нефтегорск,넵테고르스크
Нефтекамск,넵테캄스크
Федеральная служба безопасности Российской Федерации,러시아 연방보안국
Сибирские траппы,시베리아 트랩
Нижневартовск,니즈네바르톱스크
Нерюнгри,네륜그리
Нестеров,네스테로프
чемпионат мира по футболу 2018,2018년 FIFA 월드컵
Европейский маршрут E77,유럽 고속도로 77호선
Волга-Днепр,볼가 드네포르 항공
Аэропорт Южно-Сахалинск имени Антона Чехова,유즈노사할린스크 공항
Российско-кипрские отношения,러시아-키프로스 관계
Болгаро-российские отношения,러시아-불가리아 관계
Храм на Крови,피의 성당
архи,아르히
Маруся,마루시아 F1
Гран-при России,러시아 그랑프리
Вычегда,비체그다강
Русская православная церковь,러시아 정교회
Матч за звание чемпиона мира по шахматам 1951,1951년 세계 체스 선수권 대회
Нара,나라강
Никольск,니콜스크
Российско-монгольская граница,러시아-몽골 국경
Бой у Валутиной горы,발루티노 전투
Авиакатастрофа под Тюменью 2 апреля 2012 года,유테이르 항공 120편 추락 사고
Остров Вилькицкого,빌키츠코고섬
Новодвинск,노보드빈스크
Новоалтайск,노보알타이스크
Ряжск,랴시스크
Сибирский государственный аэрокосмический университет имени академика М. Ф. Решетнёва,시베리아 국립 레셰트노바 항공 대학교
Николаевск-на-Амуре,니콜라옙스크나아무레
Новозыбков,노보집코프
Российско-чешские отношения,러시아-체코 관계
Москва,모스크바강
Николаевск,니콜라옙스크
Шаболовская,샤볼롭스카야역
Таганрогский авиационный научно-технический комплекс имени Г. М. Бериева,베리예프
Таганско-Краснопресненская линия,타간스코 크라스노프레스넨스카야 선
Каховская линия,카홉스카야선
гопники,고프닉
Государственный академический симфонический оркестр России,러시아 국립 교향악단
Дмитриев,드미트리예프-리고프스키
МКАД,모스크바 순환도로
Остров Анучина,아누치나섬
УВБ-76,UVB-76
Нюрбинский район,뉴르빈스키군
Дигорский район,디고르스키군
ротмистр,기병대위
Арена Химки,아레나 힘키
Омь,옴강
политические партии России,러시아의 정당
Метро-2,모스크바 메트로 2
Анучинский район,아누친스키 군
Завод имени Лихачёва,질
Северсталь,세베르스탈
Хемчик,헴치크강
Шалинский район,샬린스키군
Ардонский район,아르돈스키군
Сибирь,HC 시비리 노보시비르스크
Моздокский район,모즈독스키군
Кумо-Манычская впадина,쿠마마니치 저지
Прусская Ромува,로무바
Явас,야바스
СКА-Хабаровск,FC SKA 하바롭스크
Дзержинск,제르진스크
МС-21,이르쿠트 MC-21
Аургазинский район,아우르가진스키군
Архангельский район,아르한겔스키 군 (바시키르 공화국)
Глобус,글로부스 항공
Новосиль,노보실
Калужско-Рижская линия,칼루시스코 리시스카야 선
Селенга,셀렝가강
Алтуфьево,알투피예보역
Рокский тоннель,로키 터널
Пражская,프라시스카야역
Архипелаг императрицы Евгении,예브게니 제도
Smirnoff,스미노프
Новосокольники,노보소콜니키
российско-польская граница,러시아-폴란드 국경
внешняя политика России,러시아의 대외 관계
рутульцы,루툴인
Дальавиа,달라비아 항공
1С,1C 컴퍼니
Енисей,예니세이강
Железногорск,젤레즈노고르스크
Северный флот ВМФ России,북방함대
Новоуральск,노보우랄스크
Крымская астрофизическая обсерватория,크림 천체물리 관측소
Бульвар Адмирала Ушакова,불바르 아드미랄라 우샤코바 역
Смоленская,스몰렌스카야역
Кама,카마강
Краснопресненская,크라스노프레스넨스카야역
Волга,FC 볼가 니즈니노브고로드
Яна,야나강
Новочеркасск,노보체르카스크
Новоржев,노보르제프
Новая Земля,노바야제믈랴 제도
Новокуйбышевск,노보쿠이
Новомичуринск,노보미추린스크
Олимпийский комитет России,러시아 올림픽 위원회
Тушинская,투신스카야역
Новый Уренгой,노비우렌고이
Василеостровская,바실레오스트롭스카야역
Черноморский флот ВМФ России,흑해함대
Метровагонмаш,메트로바곤마시
Ногинск,노긴스크
Новомосковск,노보모스콥스크
Битва при Колле,콜라 전투
Кировский район,키롭스키군
Женская сборная России по гандболу,러시아 여자 핸드볼 국가대표팀
Мужская сборная России по волейболу,러시아 배구 국가대표팀
Ноябрьск,노야브리스크
Обнинск,오브닌스크
Колыма,콜리마강
Сож,소지강
Облучье,오블루치예
Финал Лиги чемпионов УЕФА 2008,2008 UEFA 챔피언스리그 결승전
Новочебоксарск,노보체복사르스크
Няндома,냔도마
Шоша,쇼샤강
БТА (телескоп),BTA-6
Бабаюртовский район,바바유르톱스키군
Европейский маршрут E97,유럽 고속도로 97호선
Марийская АССР,마리 자치 소비에트 사회주의 공화국
Министерство иностранных дел Российской Федерации,러시아 외무부
Великая Финляндия,대핀란드
Хопёр,호표르강
Пограничный,포그라니치니
Marussia Motors,마러시아 모터스
Одинцово,오딘초보
Забайкалье,자바이칼
Урал,우랄강
Норильск,노릴스크
Беловежское соглашение,벨라베자 조약
Великая Степь,유라시아 스텝
босняки,보슈냐크인
Магнит,마그닛
Маньчжурия,만주
Ленин,레닌 쇄빙선
Котельный остров,코텔니섬
Убсу-Нур,우브스호
Охотск,오호츠크
Уфа,우파 국제공항
мыс Дежнёва,데즈뇨프곶
130-й меридиан восточной долготы,동경 130도
Нурлат,누를라트
Нюрба,뉴르바
Нягань,냐간
Окуловка,오쿨롭카
Авачинская Сопка,아바친스키산
Самара,사마라강
Чкаловская,치칼롭스카야역
Кан,칸강
Балтика,FC 발티카 칼리닌그라드
Омутнинск,오무트닌스크
Европейский маршрут E121,유럽 고속도로 121호선
Озёрск,오조르스크
Озёрск,오조르스크
Баймакский район,바이막스키군
Бакалинский район,바칼린스키군
Олёкминск,올료크민스크
Онега,오네가
Конституция Российской Федерации,러시아 헌법
ЦСКА,PFC CSKA 모스크바
Авось (скалы),아우오스섬
Беломорский район,벨로모르스키군
Северный полярный круг,북극권
Фигурное катание на зимних Олимпийских играх 2014,2014년 동계 올림픽 피겨스케이팅
Ульяновский автомобильный завод,UAZ
20-й меридиан восточной долготы,동경 20도
Таз,타스강
Герой Российской Федерации,러시아 연방의 영웅
Орехово-Зуево,오레호보주예보
Триумф-Палас,트라이엄프 팰리스
Курильские острова,쿠릴 열도
Осташков,오스타시코프
Остров,오스트로프
Большевик,볼셰비크섬
Переславль-Залесский,페레슬라블잘레스키
Чернышевское,체르니솁스코예
тофалары,토파인
Острогожск,오스트로고시스크
Ожерелье,오제렐리예
Адлер,아들레르
Островной,오스트로브노이
Центральный банк Российской Федерации,러시아 중앙은행
Первомайск,페르보마이스크
Балтика,발티카
Оха,오하
Певек,페베크
Европейский маршрут E18,유럽 고속도로 18호선
Партизанск,파르티잔스크
Humongous Entertainment,휴멍거스 엔터테인먼트
Барановский — Хасан,바라놉스키-하산 선
Линия Хонъисон,홍의선
Павлово,파블로보
Павловск,파블롭스크
Балтийский федеральный университет имени Иммануила Канта,임마누엘 칸트 발틱 연방대학교
Балтийский флот ВМФ России,발트 함대
Балтийский вокзал,발티스키역
Южный поток,사우스스트림
Женская сборная России по волейболу,러시아 여자 배구 국가대표팀
Пестово,페스토보
Петергоф,페테르고프
Санкт-Петербургская консерватория,상트페테르부르크 음악원
Павловск,파블롭스크 (상트페테르부르크)
Павловский Посад,파블롭스키포사트
Пионерский,피오네르스키
Сахалинский тоннель,사할린 터널
Комсомольск-на-Амуре — Дежнёвка,콤소몰스크나아무레-데즈뇨프카  선
Башнефть,바쉬네프트
Гудермесский район,구데르메스키군
Плавск,플랍스크
Баргузинский хребет,바르구진산맥
Баргузин,바르구진강
Российские железные дороги,러시아 철도
Ванино,바니노
Белорусская,벨로루스카야 역
Плёс,플료스
Тихоокеанский государственный университет,태평양국립대학교
Калиновка,칼리놉카
Организованная преступность в России,러시안 마피아
Остров Беннетта,베네트섬
Парамушир,파라무시르섬
Иркутский государственный университет,이르쿠츠크 연합대학교
Европейский маршрут E58,유럽 고속도로 58호선
Котлин,코틀린섬
Коломенская,콜로멘스카야역
Киевский вокзал,키옙스키역
Горьковская,고리콥스카야역
Марьино,마리노역
Канин,카닌반도
Новогиреево,노보기레예보역
Крайний Север,크라이니 세베르
вечная мерзлота,영구동토
Yota,요타 (이동통신)
Отрадное,오트라드노예역
Солнечное затмение 1 августа 2008 года,2008년 8월 1일 일식
Алтайский государственный гуманитарно-педагогический университет имени В. М. Шукшина,비스크 사법 주립 대학교
Остров Генриетты,헨리에타섬
Авиакатастрофа под Ярославлем 7 сентября 2011 года,로코모티프 야로슬라블 비행기 추락 사고
Бельковский остров,벨콥스키섬
Петушки,페투시키
Печора,페초라
Печоры,페초리
взрывы жилых домов в России в сентябре 1999 года,러시아 아파트 폭탄 테러
Покровск,포크롭스크
Слюдянка,슬류댠카
РИА Новости,리아 노보스티
Академик Ломоносов,아카데믹 로모노소프
Арктический совет,북극 이사회
Усть-Ордынский,우스티오르딘스키
Остров Ратманова,라트마노프섬
Останкинская телебашня,오스탄키노 타워
Покров,포크로프
Волго-Донской канал,볼가-돈 운하
Нагатинская,나가틴스카야역
Почеп,포체프
Починок,포치노크
Зимний дворец,겨울 궁전
День космонавтики,우주비행술의 날
Аркона (группа),아르코나
Акционерный банк Россия,로시야 은행
Карачай,카라차이호
Ростов,FC 로스토프
Архиепархия Матери Божией,가톨릭 모스크바 대교구
чемпионат России по футболу,러시아 프리미어리그
Безымянный (вулкан),베지미아니산
Российско-грузинские отношения,러시아-조지아 관계
Сургут,수르구트
Медный всадник,청동기마상
Поронайск,포로나이스크
Порхов,포르호프
Кума,쿠마강
Матч за звание чемпиона мира по шахматам 1966,1966년 세계 체스 선수권 대회
Горьковская,고리콥스카야역
Флаг Республики Карелия,카렐리야 공화국의 국기
Замоскворецкая линия,자모스크보레츠카야선
Полярный,폴랴르니
Гуцулы,후출인
Интеркосмос,인터코스모스
Чулымцы,출림인
Би-2,비-2
Полесск,폴레스크
Читинская область,치타주
Правда,프라우다
Солнечное затмение 6 января 2019 года,2019년 1월 6일 일식
Эвенкийский район,예벤키스키군
Кольцевая линия,콜체바야선
край в составе России,러시아의 변경주
Рыбачий полуостров,리바치폴루오스트로프 반도
Мая,마야강
женская сборная России по футболу,러시아 여자 축구 국가대표팀
город федерального значения в России,러시아의 연방시
Вах,바흐강
Челюскин,첼류스킨곶
марийский язык,마리어
Приморск,프리모르스크
Филёвская линия,필룝스카야선
ЮКОС,유코스
Бауманская,바우만스카야역
Мыс Флигели,플리겔리곶
Пошехонье,포셰혼예
Правдинск,프라브딘스크
Бутовская линия,부톱스카야선
Государственная Третьяковская галерея,트레티야코프 미술관
автономный округ в составе России,러시아의 자치구
Лубянка,루뱐카역
Диксон,딕손
Прокопьевск,프로코피옙스크
Союзмультфильм,소유즈멀트필름
Сургутнефтегаз,수르구트네프테가스
180-й меридиан,경도 180도
Остров Броутона,브로우토나섬
Пущино,푸시치노
Воздушно-десантные войска России,러시아 공수군
Гросс-Егерсдорфское сражение,그로스-야거스도르프 전투
Хасанские бои,하산호 전투
Дальнереченский район,달네레첸스키 군
Союз правых сил,우파 연합
Европейский маршрут E50,유럽 고속도로 50호선
область в составе России,러시아의 주
Камень,카멘산
Остров Рудольфа,루돌프섬
Озёрское,나가하마촌
Дальневосточный федеральный университет,극동 연방 대학교
Лесогорское,나요시정
Охотское,돈나이촌
РУДН,러시아 민족 우호 대학교
Европейский маршрут E391,유럽 고속도로 391호선
Спартак-Нальчик,PFC 스파르타크 날치크
Пудож,푸도시
Пустошка,푸스토시카
Шумшу,슘슈섬
ВЛ8,VL8
Чернышевский,체르니솁스키
Чемпионат мира по лёгкой атлетике 2013,2013년 세계 육상 선수권 대회
Тымовское,티몹스코예
Охта,오흐타 자치구
Пугачёв,푸가초프
Радужный,라두즈니
ЛОМО,로모
Райчихинск,라이치힌스크
Земля Франца-Иосифа,제믈랴프란차이오시파 제도
Тура,투라
Аря,아랴강
Рудная Пристань,루드나야프리스탄
Административно-территориальное деление Амурской области,아무르주의 행정 구역
Административно-территориальное деление Кабардино-Балкарии,카바르디노발카르 공화국의 행정 구역
Тярлево,탸를레보 자치구
Автово,압토보
Прокопьевский район,프로코피옙스키군
Уссурийский край,우수리스키 지방
Пулково,풀코보 국제공항
Корякская сопка,코략스카야 화산
города России,러시아의 도시 목록
буддизм в Калмыкии,칼미키야의 불교
Сигнальный,시그날니섬
Административно-территориальное деление Марий Эл,마리옐 공화국의 행정 구역
Цаган-Хаг,차간하크호
Московский Художественный театр,모스크바 예술극장
Пыталово,피탈로보
Радужный,라두즈니
московское время,모스크바 시간
Амга,암가강
литовцы,리투아니아인
Халха-монголы,할하
Уруп,우룹
Керченский пролив,케르치 해협
Щёлкино,숄키네
Бородинское сражение,보로디노 전투
Горки Ленинские,고르키레닌스키예
Административно-территориальное деление Еврейской автономной области,유대인 자치주의 행정 구역
Пушкино,푸쉬키노
Ольга,올가
Палана,팔라나
Европейский маршрут E20,유럽 고속도로 20호선
ЭР200,RZD ER200
Сокольники,소콜니키
Пермская область,페름주
Воронежско-Ворошиловградская операция,보로네시 전투 (1942년)
Власиха,블라시하
Совет Федерации,러시아 연방평의회
Домодедово,도모데도보 국제공항
Пулковская обсерватория,풀코보 천문대
Юг,유크강
Сахалинский залив,사할린스키만
Пролив Невельского,네벨스코이 해협
Шацк,샤츠크
Время в России,러시아의 시간대
Сахалин — Хабаровск — Владивосток,사할린-하바롭스크-블라디보스토크 파이프라인
Поронай,포로나이강
Золотой Рог,금각만
Босфор Восточный,동보스포루스 해협
полуостров Муравьёва-Амурского,무라비요프-아무르스키반도
Сунгача,쑹아차허
Корё-сарам,고려인
Ноглики,노글리키
МиГ,미그
Кунашир,쿠나시르섬
Континентальная хоккейная лига,콘티넨탈 하키 리그
Серов,세로프
калмыки,칼미크인
председатель Правительства Российской Федерации,러시아의 총리
Палех,팔레흐
Хасан,하산
Гиагинский район,기아긴스키군
Хасан,하산호
Конькобежный спорт на зимних Олимпийских играх 2014,2014년 동계 올림픽 스피드스케이팅
Патриарх Московский и всея Руси,모스크바 및 전 루스 총대주교
Газпром Арена,제니트 스타디움
Комсомольская правда,콤소몰스카야 프라우다
Дом правительства РФ,벨리 돔
ОКБМ им. И. И. Африкантова,OKBM
Международный авиационно-космический салон,MAKS 에어쇼
Анива,아니바만
Михайловский район,미하일롭스키 군
Катунь,카툰강
Белуха,벨루하산
Петровичи,페트로비치
Государственная дума,국가두마
Кяхтинский договор,캬흐타 조약
Ноктундо,녹둔도
Сахалинские корейцы,사할린 한인
сборная России по футболу,러시아 축구 국가대표팀
Провидения,프로비데니야
Ротор,FC 로토르 볼고그라드
Викимапия,위키매피아
Химки,FC 힘키
сборная России по хоккею с шайбой,러시아 아이스하키 국가대표팀
Mental ray,멘탈 레이
Караимы,카라임족
Кеть,케티강
Сибирь,FC 시비리 노보시비르스크
Гражданская платформа,시민 연단
ТЮЗ имени А. А. Брянцева,브랸체프 아동극장
Уэлен,웰렌
Новая Сибирь,노바야시비리섬
Бутырская тюрьма,부티르카 감옥
Воронеж,보로네시강
Мемориал,메모리알
Средиземноморский складчатый пояс,알프스-히말라야 조산대
Россия,로시야 항공
Россия на Олимпийских играх,올림픽 러시아 선수단
Международная азиатская сеть,아시안 하이웨이
Наурский район,나우르스키군
Сокольническая линия,소콜니체스카야선
Пушкинский Дом,푸시킨 하우스
Выставка достижений народного хозяйства,전러시아 박람회장
Р-255 «Сибирь»,러시아 연방도로 R255호선
Ботлих,보틀리흐
Альма,알마강
Наши,나시
Урус-Мартановский район,우루스마르타놉스키군
Петропавловский собор,페트로파블롭스크 성당
Роствертол,로스트베르톨
образование в России,러시아의 교육
события сентября — октября 1993 года в Москве,1993년 러시아 체제 위기
Кострома,코스트로마강
Служба внешней разведки Российской Федерации,해외정보국
Карымская сопка,카림스키 화산
Чепца,쳅차강
Солнечное затмение 11 августа 2018 года,2018년 8월 11일 일식
Мазурское поозёрье,마주리안 호수 지구
Бия,비야강
170-й меридиан западной долготы,서경 170도
Центр подготовки космонавтов имени Ю. А. Гагарина,유리 가가린 우주인 훈련센터
Фаддеевский полуостров,파데옙스키섬
Шорцы,쇼르인
Северо-Крымский канал,북크림 운하
Сейм,세임강
Исеть,이세티강
Спартак,HC 스파르타크 모스크바
Кировский район,키롭스키군
Государственные и официальные языки в субъектах Российской Федерации,러시아의 언어
Европейская часть России,유럽 러시아
Епархия Святого Климента в Саратове,가톨릭 사라토프 교구
Епархия Святого Иосифа в Иркутске,가톨릭 이르쿠츠크 교구
Преображенская епархия в Новосибирске,가톨릭 노보시비르스크 교구
Сухопутные войска Российской Федерации,러시아 육군
Рязанский проспект,랴잔스키 프로스펙트 역
С7 Авиакомпании,S7 항공
Урал,FC 우랄 스베르들롭스크 오블라스티
Мутновский,무트노브스키산
Остров Жохова,조호바섬
Владимирская,블라디미르스카야역
Нанайский район,나나이스키군
распутица,라스푸티차
Тёплое озеро,툐플로예호
Зимние Паралимпийские игры 2014,2014년 동계 패럴림픽
Калевальский район,칼레발스키 나치오날니 군
Ушишир,우시시르섬
Томский государственный университет,톰스크 국립 대학교
Головнино,골로브니노
Руёбэцу,루요베쓰촌
Маныч,마니치강
Шелонь,셸론강
Город Столиц,고로드 스톨리츠
Обская губа,오비만
Европейский маршрут E017,유럽 고속도로 017호선
Серпуховско-Тимирязевская линия,세르푸홉스코 티미랴젭스카야 선
Балет Большого театра,볼쇼이 발레단
Онекотан,오네코탄섬
Пионерская,피오네르스카야역
Капустин Яр,카푸스틴 야르
Известия,이즈베스티야
Екатеринбургский метрополитен,예카테린부르크 지하철
Шикотан,시코탄섬
Балаклава,발라클라바
Московский международный кинофестиваль,모스크바 국제 영화제
Ясная Поляна,야스나야 폴랴나
собственно карельское наречие,카렐리야어
география России,러시아의 지리
Российская государственная библиотека,러시아 국립도서관
Мир — Шаттл,셔틀-미르 계획
Верхняя Ангара,베르흐냐야안가라강
Лазовский район,라좁스키 군
Эхо Москвы,모스크바 공감
Happy Science,행복의 과학
112,112
Бурятский государственный университет,부랴트 국립 대학교
Гогланд,고글란트섬
Зубово-Полянский район,주보보폴랸스키군
Камаринская,카마린스카야
Музей Востока,모스크바 국립 동양 박물관
Московский государственный лингвистический университет,모스크바 국립 외국어 대학교
Остров Жаннетты,자네트섬
Владивосток Авиа,블라디보스토크 항공
Театр кукол имени С. В. Образцова,러시아 국립중앙인형극장
Алатырь,알라티리강
Октябрьская,옥탸브리스카야역
Хабомаи,하보마이 군도
Росбанк,로스은행
Ишимбайский район,이심바이스키군
Административно-территориальное деление Республики Коми,코미 공화국의 행정 구역
Ульчский район,울치스키군
Московский комсомолец,모스콥스키 콤소몰레츠
Одноклассники,오드노클라스니키
Административно-территориальное деление Чувашии,추바시 공화국의 행정 구역
Дворцовая площадь,궁전광장
Печорская губа,페초라만
Государственный университет управления,러시아 국립 경영대학교
Алей,알레이강
Женская сборная России по баскетболу,러시아 여자 농구 국가대표팀
административно-территориальное деление Республики Алтай,알타이 공화국의 행정 구역
Кяхтинский язык,캬흐타어
Бухта Козьмина,코즈미노
Изборск,이즈보르스크
Авачинская бухта,아바차만
Амурско-Зейское плато,아무르스코제이스카야 평원
Сайменский канал,사이마 운하
Лама,라마강
гибель АПЛ «Курск»,쿠르스크 호 침몰 사고
Объединённая авиастроительная корпорация,통합항공기제작사
Харимкотан,하림코탄섬
РусЛайн,러스라인
Шиашкотан,시아시코탄섬
Энцы,에네츠인
Удская губа,우츠카야만
Крестецкий район,크레스테츠키군
Государственный исторический музей,국립역사박물관
Фрунзенский район,프룬젠스키구
Международный конкурс имени П. И. Чайковского,차이콥스키 국제 콩쿠르
Вулкан Келля,켈산
Ушковский,우시코프스키
ФК КАМАЗ,FC 카마스 나베레즈니예첼니
Охотская плита,오호츠크판
Бульвар Рокоссовского,불바르 로코솝스코보 역
Канал Грибоедова,그리보예도프 운하
Международный аэропорт «Сочи»,소치 국제공항
Правительство Российской Федерации,러시아 연방정부
Море волнуется раз,무궁화 꽃이 피었습니다
Духоборы,두호보르파
Солнечное затмение 10 июня 2021 года,2021년 6월 10일 일식
Останкино,오스탄키노궁
Сахалинский государственный университет,사할린국립대학교
Селькупы,셀쿠프인
Ледник Карпинского,카르핀스키산
Хрустальный остров,크리스탈 아일랜드
Комсомольская,콤소몰스카야역
Красногвардейский район,크라스노그바르데이스키구
Псковское озеро,프스콥스코예호
стадион Спартак,스파르타크 스타디움
Атран,ATRAN 항공
Административно-территориальное деление Приморского края,프리모르스키 변경주의 행정 구역
Административно-территориальное деление Мурманской области,무르만스크주의 행정 구역
Рыбачий,리바치
Воскресенский район,보스크레센스키군
Министерство обороны Российской Федерации,러시아 국방부
Пушкиногорский район,푸시키노고르스키군
Которосль,코토로슬강
Роснефть,로스네프트
Корела,코렐라 요새
Горнозаводск,고르노자보츠크
Эвены,라무트족
Орлан,올란 우주복
Маловишерский район,말로비셰르스키군
Чумикан,추미칸
Sonic Team,소닉 팀
Туношна,투노시나 공항
Вад,바트강
Колпина,콜피노섬
Крымский троллейбус,크림반도의 트롤리버스
Наро-Фоминский городской округ,나로포민스키군
Административно-территориальное деление Северной Осетии,북오세티야 공화국의 행정 구역
Знаменское,즈나멘스코예
Ленинградский зоопарк,레닌그라드 동물원
политическая система России,러시아의 정치
Европейский маршрут E95,유럽 고속도로 95호선
Сетунь,세툰강
евразийство,유라시아주의
Бабаевский район,바바옙스키군
Колпинский район,콜핀스키구
Октябрьская железная дорога,옥탸브리스카야선
Электрозаводская,옐렉트로자보츠카야역
Восточная Карелия,동카리알라
Малый Таймыр,말리타이미르섬
Тихоокеанский флот ВМФ России,러시아 태평양 함대
Танаис,타나이스
Шатой,샤토이
Пролив Дмитрия Лаптева,드미트리랍테프 해협
Лефортовский тоннель,레포르토보 터널
Фишт,소치 올림픽 스타디움
Ярославский вокзал,야로슬랍스키역
Академический симфонический оркестр Московской филармонии,모스크바 필하모니 교향악단
Российский национальный оркестр,러시아 내셔널 오케스트라
Толмачёво,톨마초보 국제공항
Летняя Универсиада 1973,1973년 하계 유니버시아드
Общевойсковая академия Вооружённых сил Российской Федерации,러시아 군사 종합 아카데미
Сойоты,소요트족
125-й меридиан восточной долготы,동경 125도
38-й меридиан восточной долготы,동경 38도
Государственный академический театр имени Е. Вахтангова,바흐탄고프 극장
Алмаз-Антей,알마즈-안테이
Россиянка,WFC 로시얀카
Вулканы Камчатки,캄차카 화산군
Пахра,파흐라강
Трухмены,트루흐멘인
Родина,로디나
Сайраново,사이라노보
44-я параллель северной широты,북위 44도
Александринский театр,알렉산드린스키 극장
Цветной бульвар,츠베트노이 불바르 역
Тимирязевская,티미랴젭스카야역
Владыкино,블라디키노 역
Авача,아바차강
Лукойл Арена,스파르타크 스타디움
Западная Сибирь,서시베리아
Русский Букер,러시아 부커상
Восточная Сибирь,동시베리아
Сахалинские авиатрассы,SAT 항공
Кольцово,콜초보 공항
Роза Хутор,로자 후토르 스키 센터
Наш дом — Россия,우리집 러시아
Советский,소베츠키
Сокольники,소콜니키역
Университет,우니베르시테트역
Охотный Ряд,오호트니 랴트 역
Восточный,보스토치니 우주기지
ВИМ-Авиа,VIM 항공
Большая золотая медаль имени М. В. Ломоносова,로모노소프 황금 메달
Парк культуры,파르크 쿨투리 역
Боровицкая,보로비츠카야역
Бибирево,비비레보역
Петровско-Разумовская,페트롭스코 라주몹스카야 역
Аннино,안니노역
Севастопольская,세바스토폴스카야역
Нагорная,나고르나야역
Административно-территориальное деление Мордовии,모르도바 공화국의 행정 구역
Бросно,브로스노호
Фиагдон,피아그돈강
Ашинский район,아신스키군
Хасанский район,하산스키군
Российско-японские отношения,러시아-일본 관계
Первый Курильский пролив,쿠릴 해협
Семёновский,세묘놉스키섬
Красные ворота,크라스니예 보로타 역
Юго-Западная,유고자파드나야역
Спортивная,스포르티브나야역
Парк культуры,파르크 쿨투리 역
Министерство внутренних дел Российской Федерации,러시아 내무부
Кабан,카반호
Башня на Набережной,나베르자나야 타워
Чертановская,체르타놉스카야역
Южная,유즈나야역
Павелецкая,파벨레츠카야역
Полиция России,러시아 경찰
Кунаширский пролив,네무로 해협
Лада-Тольятти,FC 라다 톨리야티
Проспект Мира,프로스펙트 미라 역
Преображенская площадь,프레오브라젠스카야 플로샤디 역
Маяковская,마야콥스카야역
Кропоткинская,크로폿킨스카야역
Тверская,트베르스카야역
Фрунзенская,프룬젠스카야역
Труд,트루드
Чистые пруды,치스티예 프루디 역
Ленинградский вокзал,레닌그라츠키역
Вепсская национальная волость,벱스카야 나치오날나야 볼로스티
Red Wings Airlines,레드 윙스 항공
Банковский мост,반콥스키 다리
Невский район,넵스키구
Калининградский зоопарк,칼리닌그라드 동물원
Герб Республики Карелия,카렐리야 공화국의 국장
Гимн Карелии,카렐리야 공화국의 국가
Большой симфонический оркестр имени П. И. Чайковского,모스크바 방송 차이코프스키 교향악단
Восточная Сибирь — Тихий океан,ESPO
Смоленский район,스몰렌스키군
Воронья река,보로냐강
Черкизовская,체르키좁스카야역
Красносельская,크라스노셀스카야역
буддизм в России,러시아의 불교
Тульская,툴스카야역
Бульвар Дмитрия Донского,불바르 드미트리야 돈스코보 역
Улица Академика Янгеля,울리차 아카데미카 얀겔랴 역
Нахимовский проспект,나히몹스키 프로스펙트 역
Большой Уссурийский,볼쇼이우수리스키섬
120-й меридиан восточной долготы,동경 120도
Нефтегорск,넵테고르스크
135-й меридиан восточной долготы,동경 135도
40-й меридиан восточной долготы,동경 40도
Верхневилюйский улус,베르흐네빌류이스키군
Краскино,크라스키노
Террористический акт в Будённовске,부됴놉스크 병원 인질극
The Moscow Times,모스크바 타임즈
Марсово поле,마르스 광장
Гимн Татарстана,타타르스탄의 국가
Комсомольская,콤소몰스카야 역
Новослободская,노보슬로보츠카야역
Ай флай,I-플라이
Нива,니바강
Поной,포노이강
Межа,메자강
Театральная,테아트랄나야역
Землетрясение в Чечне,2008년 체첸 지진
Государственный космический научно-производственный центр имени М. В. Хруничева,흐루니체프
силовик,실로비크
Телевизионная башня Ленинградского радиотелевизионного передающего центра,상트페테르부르크 TV 타워
Чиринкотан,치링코탄섬
Форум по управлению использованием Интернета,인터넷 거버넌스 포럼
День народного единства,국민 단결의 날
Нюя,뉴야강
Чара,차라강
Учур,우추르강
Сокол,소콜 우주복
Лопатка,로팟카곶
Воркута,보르쿠타강
Рособоронэкспорт,로소보로넥스포르트
Вымь,빔강
Белорусская,벨로루스카야역
Кыштымская авария,키시팀 사고
50-й меридиан восточной долготы,동경 50도
Кудьма,쿠디마강
50-я параллель северной широты,북위 50도
Павелецкая,파벨레츠카야 역
Проспект Вернадского,프로스펙트 베르나츠코보 역
Герб Крыма,크림 공화국의 국장
Славянка,슬라뱐카
Корф,코르프
Столбовой остров,스톨보보이섬
Якутия,야쿠티아 항공
Малокурильское,말로쿠릴스코예
Претенденты на российский престол после упразднения монархии в России,러시아의 차르위 계승 순위
45-й меридиан восточной долготы,동경 45도
Негидальцы,네기달족
Рын-пески,린 사막
Речной вокзал,레치노이 보크잘 역
Тарутинский бой,타루티노 전투
Зарубино,자루비노
Воробьёвы горы,보로비요비 고리 역
Пулково,풀코보 항공
Россия на летних Олимпийских играх 1908,1908년 하계 올림픽 러시아 선수단
Большой Кремлёвский дворец,크렘린 대궁전
Малый Семячик,말리세먀치크산
Кидекша,키덱샤
Ракета,라케타
Новокузнецкая,노보쿠즈네츠카야역
Евразия (здание ММДЦ),유라시아
Узон,우존산
Путин должен уйти,푸틴은 떠나야 한다
Административно-территориальное деление Республики Саха,사하 공화국의 행정 구역
Теленгиты,텔렝기트족
Альфа-банк,알파 은행
Матч за звание чемпиона мира по шахматам 1969,1969년 세계 체스 선수권 대회
Ключи,클류치
Заслуженный коллектив России Академический симфонический оркестр Санкт-Петербургской филармонии,상트페테르부르크 필하모니 교향악단
ЮТэйр,유테이르 항공
русское имя,러시아인의 성명
гимн Крыма,크림 공화국의 국가
Мир,미르 광산
Альшеевский район,알셰옙스키군
МФТИ,모스크바 물리공과대학교
Белорусский вокзал,벨로루스키역
Европейский маршрут E115,유럽 고속도로 115호선
Европейский маршрут E117,유럽 고속도로 117호선
Оренбургские авиалинии,오렌에어
Малый театр,말리 극장
Солнечное затмение 9 апреля 2043 года,2043년 4월 9일 일식
Санкт-Петербургский политехнический университет Петра Великого,상트페테르부르크 국립 공과학기술대학교
Гимн России,러시아의 국가
Мариинский дворец,마린스키궁
Экарма,예카르마섬
Добрынинская,도브리닌스카야역
Калевала,칼레발라
Достоевская,도스토옙스카야역
Достоевская,도스토옙스카야역
Литературный институт,막심 고리키 문학 연구소
Истра,이스트라강
ВЛ80,VL80
Техснабэкспорт,테넥스
славянское неоязычество,로드노베리에
Петергоф,페테르고프궁
Матч за звание чемпиона мира по шахматам 1961,1961년 세계 체스 선수권 대회
Пор-Бажин,포르바진
54-я параллель северной широты,북위 54도
80-я параллель северной широты,북위 80도
Фрунзенско-Приморская линия,프룬젠스코 프리모르스카야 선
Кёрлинг на зимних Олимпийских играх 2014,2014년 동계 올림픽 컬링
49-я параллель северной широты,북위 49도
45-я параллель северной широты,북위 45도
Радио России,라디오 로시
48-я параллель северной широты,북위 48도
Ушканьи острова,우시칸 군도
Уралвагонзавод,우랄바곤자보드
Русский мир,루스키 미르 재단
Российско-нигерийские отношения,나이지리아-러시아 관계
гвардия,친위대
Кронштадтский район,크론슈타츠키구
РАТАН-600,RATAN-600
Дом советов,소비에트 회관
Институт русского языка имени В. В. Виноградова РАН,러시아 어학원
Кунцевская,쿤쳅스카야역
Административно-территориальное деление Иркутской области,이르쿠츠크주의 행정 구역
46-я параллель северной широты,북위 46도
47-я параллель северной широты,북위 47도
Пушкинская,푸시킨스카야역
История морской пехоты в России,러시아 해군 보병대의 역사
ВДНХ,VDNKh역
Административно-территориальное деление Забайкальского края,자바이칼 변경주의 행정 구역
кинематограф России,러시아의 영화
30-й меридиан восточной долготы,동경 30도
Павелецкий вокзал,파벨레츠키역
Нижний Бестях,니즈니베스탸흐
Матч за звание чемпиона мира по шахматам 1960,1960년 세계 체스 선수권 대회
Динамо Москва,디나모 모스크바
Чемпионат мира по плаванию на короткой воде 2002,2002년 세계 쇼트 코스 수영 선수권 대회
Адмиралтейский округ,아드미랄테이스키 자치구
Калининский район,칼리닌스키구
Приморский район,프리모르스키구
Группа НЛМК,노볼리페츠크 스틸
Российско-сербские отношения,러시아-세르비아 관계
Н010 Жук,Zhuk
баня,바냐
Татнефть,타트네프트
Спартак,스파르타크역
Царское Село,차르스코예 셀로
Площадь Александра Невского-1,플로샤디 알렉산드라 넵스코고 I 역
«Норникель»,노르니켈
Серия террористических актов в Москве,1977년 모스크바 폭탄 테러
М-4 «Дон»,러시아 연방도로 M4호선
Динамо,FC 디나모 바르나울
Оймяконское плоскогорье,오이먀콘 고원
копейка,코페카
Жемчужина-Сочи,FC 젬추지나 소치
Российско-белорусские отношения,러시아-벨라루스 관계
Большая российская энциклопедия,러시아 대백과사전
Чехов,체호프
Сапсан,삽산
Президентские выборы в России (1996),1996년 러시아 대통령 선거
В тылу врага 2,페이스 오브 워
Сабантуй,사반투이
Тузла,투즐라섬
культура России,러시아의 문화
орден «За заслуги перед Отечеством»,조국공헌훈장
Армяно-российские отношения,러시아-아르메니아 관계
Турксиб,튀르키스탄-시베리아 철도
Динамо,디나모역
Сириус Арена,아들레르 아레나
Савёловская,사뵬롭스카야역
Чеховская,체홉스카야역
Дмитровская,드미트롭스카야역
Таганская,타간스카야 역
Новосибирский государственный университет,노보시비르스크 국립 대학교
Матуа,마투아섬
Удэгейцы,우데게족
Тубалары,투발라르족
Коммерсантъ,콤메르산트
Лахтинско-Правобережная линия,프라보베레즈나야선
Казыр,카지르강
Список островов России,러시아의 섬 목록
Тао-Русыр,타오-루시르 칼데라
Урал,우랄 지역
Горелый,고렐리산
42-я параллель северной широты,북위 42도
МСК+3,옴스크 시간
Челябинск,첼랴빈스크 공항
Богашёво,보가쇼보 공항
сибирские татары,시베리아 타타르인
35-й меридиан восточной долготы,동경 35도
Онежский полуостров,오네가반도
Транссибирская автомагистраль,시베리아 횡단 도로
косоворотка,루바슈카
Магадан (аэропорт),소콜 공항
106-я гвардейская воздушно-десантная дивизия,제106근위공수사단
Никольское,니콜스코예
Немо,네모 화산
Европейский маршрут E105,유럽 고속도로 105호선
Московское перемирие,모스크바 휴전 협정
Аэропорт Красноярск,예밀야노보 공항
Аэропорт Храброво,크라브로와 공항
Черниговский район,체르니곱스키 군
Татарстан,타타르스탄 항공
Симушир,시무시르섬
Аэропорт Ростов-на-Дону,로스토프나도누 공항
Evolution Tower,에볼루션 타워
Казанский вокзал,카잔스키역
Северо-Курильский городской округ,세베로쿠릴스키군
Транснефть,트랜스네프트
Отношения Святого Престола и России,러시아-바티칸 시국 관계
Тазы,타즈족
Красногорск,크라스노고르스크 (사할린 주)
Шамильский район,샤밀스키군
Гунибский район,구닙스키군
Цунтинский район,춘틴스키군
Хасавюртовский район,하사뷰르톱스키군
Институт космических исследований РАН,러시아 우주 연구소
Национальный исследовательский центр "Курчатовский институт",쿠르차토프 연구소
Чугуевский район,추구옙스키 군
Кавказ,카프카스항
Чёрная гвардия,흑위대
Кукрыниксы,쿠크리닉시
Казбековский район,카즈베콥스키군
Кумторкалинский район,쿰토르칼린스키군
Минеральные Воды (аэропорт),미네랄니예보디 공항
Остафьево,오스타피예보 국제공항
Быково (аэропорт),비코보 공항
Ботлихский район,보틀리흐스키군
Сочи,소치강
Уфа,FC 우파
Европейский маршрут E592,유럽 고속도로 592호선
Административно-территориальное деление Сахалинской области,사할린주의 행정 구역
Тляратинский район,틀랴라틴스키군
Российская партия пенсионеров за справедливость,러시아 사회정의연금당
Выборгский залив,비보르크만
Ногайский район,노가이스키군
Московские ворота,모스콥스키예 보로타 역
Владивостокский трамвай,블라디보스토크 트램
Международный аэропорт Иркутск,이르쿠츠크 국제공항
Якутск,야쿠츠크 공항
Алма-Атинская,알마 아틴스카야 역
Гумбетовский район,굼베톱스키군
Докузпаринский район,도쿠스파린스키군
Парк Победы,파르크 포베디 역
Ахвахский район,아흐바흐스키군
Украинка,우크라인카 공군기지
Нортбрук,노르트브루크섬
Новолакский район,노볼락스키군
Газпром нефть,가즈프롬 네프트
Технологический институт,테흐놀로기체스키 인스티투트 역
А-370 «Уссури»,M60 간선도로
Бразильско-российские отношения,러시아-브라질 관계
Европейский маршрут E262,유럽 고속도로 262호선
ульчи,울치족
Новосибирский государственный технический университет,국립 노보시비르스크 과학 대학교
Заельцовская,자옐촙스카야역
Табасаранский район,타바사란스키군
Дальневосточноевропейское время,극동유럽 표준시
Михайловский замок,미하일롭스키성
Дягилево,댜길레보 공군 기지
Европейский маршрут E123,유럽 고속도로 123호선
Матч за звание чемпиона мира по шахматам 1963,1963년 세계 체스 선수권 대회
СНВ-III,뉴 스타트
Московско-Петроградская линия,모스콥스코 페트로그라츠카야 선
Райкоке,라이코케섬
Волоколамская,볼로콜람스카야역
Крестьянский интернационал,농민 인터내셔널
Синарка,시나르카산
Кировский завод,키롭스키 자보트 역
Студенческая,스투덴체스카야역
Ладожская,라도시스카야역
Площадь Маркса,플로샤디 마륵사 역
Лесная,레스나야역
Рижский вокзал,리시스키역
Александровский сад,알렉산드롭스키 정원
Московский монорельс,모스크바 모노레일
Ростех,로스텍
Угольный,우고니 공항
Оренбург-Центральный,오렌부르크 첸트랄니 공항
Красный проспект,크라스니 프로스펙트 역
Саратовские авиалинии,사라토프 항공
Курильский городской округ,쿠릴스키군
Северо-Восточный федеральный университет,북동연방대학교
Почта России,러시아 우정
Российский экономический университет имени Г. В. Плеханова,플레하노프 경제대학교
Полюс,폴리우스
народный артист Российской Федерации,러시아 인민예술가상
Московская,모스콥스카야역
Nordwind Airlines,노드윈드 항공
Савёловский вокзал,사뵬롭스키역
Площадь Мужества,플로샤디 무제스트바 역
Речной вокзал,레치노이 보크잘 역
Площадь Александра Невского-2,플로샤디 알렉산드라 넵스코고 II 역
Ленинский коммунистический союз молодёжи Российской Федерации,콤소몰
Шкотовский район,시코톱스키 군
Невско-Василеостровская линия,넵스코 바실레오스트롭스카야 선
Площадь Восстания,플로샤디 보스타니야 역
Ловушки,로브스키섬
Автово,압토보역
VK,VK
Климов,크리모프
медиаобразование,미디어 리터러시
Маяковская,마야콥스카야역
Чемпионат мира по водным видам спорта 2015,2015년 세계 수영 선수권 대회
53-я параллель северной широты,북위 53도
Кавказ,러시아 연방도로 R217호선
Кунцевское кладбище,쿤세 보 묘지
Солнечное затмение 30 марта 2033 года,2033년 3월 30일 일식
Тропарёво,트로파료보역
Пограничный район,포그라니치니 군
Невский проспект,넵스키 프로스펙트 역
Когалымавиа,코갈리마비아 항공
Проспект Мира,프로스펙트 미라 역
Коньково,콘코보역
ОДОН,독립작전임무사단
Тоннель Сахалин — Хоккайдо,사할린-홋카이도 터널
Трансмашхолдинг,트랜스마시홀딩
Ольгинский район,올긴스키 군
Партия Роста,우익활동당
Авиакатастрофа Ту-204 во Внуково 29 декабря 2012 года,레드 윙스 항공 9268편
ИрАэро,이르아에로
Nerf,너프 (브랜드)
Перспективный авиационный комплекс дальней авиации,투폴레프 PAK DA
Нарвская,나릅스카야역
Площадь Гарина-Михайловского,플로샤디 가가리나 미하일롭스코고 역
Мечел,메첼
Верхнемамонский район,상마멍취
РусГидро,루스기드로
Матч-турнир за звание чемпиона мира по шахматам 1948,1948년 세계 체스 선수권 대회
Государственный Кремлёвский дворец,국립 크렘린궁
Марьяновка,마리야노프카
Петроградская,페트로그라츠카야역
Газпромбанк,가스프롬방크
Административно-территориальное деление Чечни,체첸 공화국의 행정 구역
Сахалинский регион Дальневосточной железной дороги,사할린 철도
Гостиный двор,고스티니 드보르 역
Столичная,스톨리치나야
Космические войска,러시아 우주군
ВСМПО-АВИСМА,브슴포-아비스마
Московский международный кинофестиваль 1971,제7회 모스크바 국제 영화제
52-я параллель северной широты,북위 52도
Барвиха,바르비하
Российский государственный университет нефти и газа,굽킨 러시아 국립 석유 가스 대학교
Латышские стрелки,라트비아 소총병
средства массовой информации России,러시아의 언론
Спортакадемклуб,FC 스포르타뎀클럽 모스크바
Купчино,쿱치노역
Мокшане,모크샤인
Молодёжная,몰로됴즈나야역
Корчева,코르체바
Тувинцы-тоджинцы,투바 토지네츠인
Партизанская,파르티잔스카야역
Военная академия Генерального штаба Вооружённых сил Российской Федерации,러시아 합동군사참모대학교
Банк ВТБ,VTB 은행
Азиатская часть России,아시아 러시아
Золотая медаль имени И. В. Курчатова,쿠르차토프 메달
Мегафон,메가폰
Ирбитский мотоциклетный завод,IMZ 우랄
Кантемировская,칸테미롭스카야역
Партия народной свободы,러시아 공화당-인민자유당
Улица Старокачаловская,울리차 스타로카찰롭스카야 역
Бунинская аллея,부닌스카야 알레야 역
Улица Горчакова,울리차 고르차코바 역
Министерство финансов Российской Федерации,러시아 재정부
Таватуй,타바투이호
Манежная площадь,마네즈나야 광장
Левый фронт,좌파전선
Озерки,오제르키역
Пятницкое шоссе,퍄트니츠코예 쇼세 역
Пролетарская,프롤레타르스카야역
Патриотическая песня,애국가 (글린카)
министерство транспорта Российской Федерации,러시아 수송부
Богатырь,보가티르산
Александровский сад,알렉산드롭스키 사트 역
Третьяковская,트레티야콥스카야역
сырники,시르니키
ТВ Центр,테베 첸트르
Обнинская АЭС,오브닌스크 원자력 발전소
Амба,암바강
100-й меридиан восточной долготы,동경 100도
Балтийская,발티스카야역
Елизово,페트로파블롭스크캄차즈키 공항
Другая Россия Э. В. Лимонова,다른 러시아당
Воронеж,보로네시
Политехническая,폴리테흐니체스카야역
Чернышевская,체르니솁스카야역
Зябликово,자블리코보역
Социал-демократическая партия России,러시아 사회민주당
Валдгейм,발트게임
145-й меридиан восточной долготы,동경 145도
Пушкинская,푸시킨스카야역
Керченско-Феодосийская десантная операция,케르치 반도 전투
Байкал,바이칼
Новокосино,노보코시노역
Европейский маршрут E101,유럽 고속도로 101호선
Гагаринская,가가린스카야역
Сенная площадь,센나야 플로샤디 역
Адмиралтейские верфи,아드미랄티 조선소
Южный военный округ,남부군관구
Центральный военный округ,중부군관구
Арбатская,아르바츠카야 역
Шипиловская,시필롭스카야역
Технопарк,테흐노파르크역
Рязанское высшее воздушно-десантное командное училище,러시아 랴잔 고급공수지휘학교
Европейский маршрут E127,유럽 고속도로 127호선
Посьет,포시예트
Канавинская,카나빈스카야 역 (니즈니노브고로드 지하철)
Ярославль-Главный,야로슬라블역
Проспект Ветеранов,프로스펙트 베테라노프 역
Российско-украинские отношения,러시아-우크라이나 관계
Ленинский проспект,레닌스키 프로스펙트 역
Южно-Курильский городской округ,유즈노쿠릴스키군
Кубок Премьер-Лиги,러시아 프리미어리그컵
международный аэропорт Жуковский,주콥스키 국제공항
Звенигородская,즈베니고로츠카야역
СПБ Биржа,상트페테르부르크 증권거래소
Волжская,볼시스카야역
Российский союз эсперантистов,러시아 에스페란티스토 연방
Кинопоиск,키노포이스크
Киевская,키옙스카야 역
Садовая,사도바야역
Академическая,아카데미체스카야역
Россия и Европейский союз,러시아-유럽 연합 관계
Оренбург,FC 오렌부르크
Бухарестская,부하레스츠카야역
Заварной тарт,커스터드 타르트
Грановитая палата,그라노비타야궁
Украина,호텔 우크라이나
Проспект Большевиков,프로스펙트 볼셰비코프 역
71-й меридиан восточной долготы,동경 71도
Фрунзенская,프룬젠스카야역
Электросила,옐렉트로실라역
Девяткино,데뱟키노역
Гражданский проспект,그라즈단스키 프로스펙트 역
Обухово,오부호보역
Обводный канал,오브보드니 카날 역
Международная,메즈두나로드나야역
ЮТэйр-Экспресс,유테이르 익스프레스
Каширская,카시르스카야역
Бабаюрт,바바유르트
Циолковский,치올콥스키
141-й меридиан восточной долготы,동경 141도
омонимичные домены,도메인 핵
Победа (часы),포베다
Спасская,스파스카야역
аймак,아이막
ВИЧ/СПИД в России,러시아의 HIV/AIDS
72-й меридиан восточной долготы,동경 72도
43-я параллель северной широты,북위 43도
Европейский маршрут E381,유럽 고속도로 381호선
русский национализм,러시아의 내셔널리즘
Митино,미티노역
МСК+5,이르쿠츠크 시간
92-й меридиан восточной долготы,동경 92도
Ломоносовская,로모노솝스카야역
Елизаровская,옐리자롭스카야역
Киевская,키옙스카야역
Спортивная,스포르티브나야역
Екатеринбург-Пассажирский,예카테린부르크역
Валдайское озеро,발다이호
Союз ТМА,소유스-TMA
Волковская,볼콥스카야역
Мирнинское авиапредприятие АК «Алроса»,알로사 항공
Кизилюртовский район,키질류르톱스키군
Спасская башня,스파스카야탑
Маршала Покрышкина,마르샬라 포크리시키나 역
Тернейский район,테르네이스키 군
136-й меридиан восточной долготы,동경 136도
Симуширское землетрясение,2006년 쿠릴 지진
Российско-белорусская граница,러시아-벨라루스 국경
Следственный комитет Российской Федерации,러시아 연방수사위원회
Дзержинская линия,제르진스카야선
Старая Деревня,스타라야 데레브냐 역
Улица Дыбенко,울리차 디벤코 역
Крестовский остров,크레스톱스키 오스트로프 역
Бийск,비스크 공항
Красногвардейская,크라스노그바르데이스카야역
Площадь Революции,플로샤디 레볼류치 역
Царицыно,차리치노역
Медведково,메드베드코보역
Сретенский бульвар,스레텐스키 불바르 역
Марьина Роща,마리나 로샤 역
Каховская,카홉스카야역
Строгино,스트로기노역
Щёлковская,숄콥스카야역
Пионерская,피오네르스카야역
Крылатское,크릴라츠코예역
Водный стадион,보드니 스타디온 역
Студенческая,스투덴체스카야역
Площадь Ленина,플로샤디 레니나 역
Проспект Просвещения,프로스펙트 프로스베셰니야 역
Кумо-Манычский канал,쿠마마니치 운하
Сибирская,시비르스카야역
Землетрясение на Курильских островах,2007년 쿠릴 지진
150-й меридиан восточной долготы,동경 150도
Сборная России по бейсболу,러시아 야구 국가대표팀
Ozon,오존 (기업)
Чёрные Братья,초르니예브라티야섬
Курская,쿠르스카야역
Удельная,우델나야역
Правительство Москвы,모스크바의 정부
110-й меридиан восточной долготы,동경 110도
170-й меридиан восточной долготы,동경 170도
160-й меридиан восточной долготы,동경 160도
Улица 1905 года,울리차 1905 고다 역
Баррикадная,바리카드나야역
Матросская тишина,마트로스카야 티시나 감옥
Стрелка Васильевского острова,구 상트페테르부르크 증권거래소와 로스트랄 등대
Бой при Хонканиеми,혼카니에미 전투
Славянский бульвар,슬라뱐스키 불바르 역
Бабушкинская,바부시킨스카야역
Алексеевская,알렉세옙스카야역
Калужская,칼루시스카야역
140-й меридиан восточной долготы,동경 140도
80-й меридиан восточной долготы,동경 80도
60-й меридиан восточной долготы,동경 60도
Чкаловская,치칼롭스카야역
Российско-литовская граница,러시아-리투아니아 국경
Парк Победы,파르크 포베디 역
Московская,모스콥스카야역
Октябрьская,옥탸브리스카야역
Российско-азербайджанская граница,러시아-아제르바이잔 국경
Измайловское,이즈마일롭스코예 자치구
Азиатский маршрут AH8,아시안 하이웨이 8호선
Парнас,파르나스역
Китай-город,키타이 고로드 역
90-й меридиан восточной долготы,동경 90도
70-й меридиан восточной долготы,동경 70도
Азиатский маршрут AH4,아시안 하이웨이 4호선
Рижская,리시스카야역
Ленинский проспект,레닌스키 프로스펙트 역
Ботанический сад,보타니체스키 사트 역
Министерство культуры Российской Федерации,러시아 문화부
Солнечное затмение 12 августа 2026 года,2026년 8월 12일 일식
Шорт-трек на зимних Олимпийских играх 2014,2014년 동계 올림픽 쇼트트랙
6-я армия ВВС и ПВО,제6항공 및 방공군
Российско-северокорейские отношения,러시아-조선민주주의인민공화국 관계
Киргизско-российские отношения,러시아-키르기스스탄 관계
Административно-территориальное деление Ставропольского края,스타브로폴 변경주의 행정 구역
Братиславская,브라티슬랍스카야역
религия в России,러시아의 종교
Марксистская,마륵시스츠카야역
Измайловская,이즈마일롭스카야역
Авангард красной молодёжи,적색청년전위대
Выборы во Всероссийское учредительное собрание,1917년 러시아 총선
Выборы в I Государственную Думу Российской империи,1906년 러시아 총선
Арсенал,FC 아르세날 툴라
93-й меридиан восточной долготы,동경 93도
Коми-Пермяцкий округ,코미페르먀크 자치구
Автозаводская,압토자보츠카야 역
Арбатская,아르바츠카야역
Варшавская,바르샵스카야역
Большой Екатерининский дворец,예카테리나궁
ВЭБ Арена,VEB 아레나
Административно-территориальное деление Московской области,모스크바주의 행정 구역
Адмиралтейская,아드미랄테이스카야역
Лазурная (бухта),라주르나야만
51-я параллель северной широты,북위 51도
Европейский маршрут E93,유럽 고속도로 93호선
Быково,비코보
Войска воздушно-космической обороны,러시아 항공우주 방위군
Реформа Вооружённых сил России,2008년 러시아 군사개혁
Комплекс «Imperia Tower»,임페리아 타워
Саскылах,사스킬라흐
Сила Сибири,시베리아의 힘
Паанаярви,파나얘르비 국립공원
Русскоязычные,러시아어권
музыка России,러시아 음악
Луркоморье,lurkmore.to
Европейский маршрут E125,유럽 고속도로 125호선
Лыжные гонки на зимних Олимпийских играх 2014,2014년 동계 올림픽 크로스컨트리
Лаврентьевская летопись,로렌시아 연대기
российско-абхазская граница,러시아-압하지야 국경
175-й меридиан западной долготы,서경 175도
Новочеркасская,노보체르카스카야역
Пожарский район,포자르스키 군
Площадь Ленина,플로샤디 레니나 역
Золотая Нива,졸로타야 니바 역
Пыталовский район,피탈롭스키군
Юрий,유리섬
Ясенево,야세네보역
Административно-территориальное деление Белгородской области,벨고로드주의 행정 구역
Административно-территориальное деление Ростовской области,로스토프주의 행정 구역
Улица Скобелевская,울리차 스코벨렙스카야 역
Берёзовая роща,베료조바야 로샤 역
Лиговский проспект,리곱스키 프로스펙트 역
Европейский маршрут E119,유럽 고속도로 119호선
Рыбацкое,리바츠코예역
Шелонская битва,셸론강 전투
Административно-территориальное деление Хабаровского края,하바롭스크 변경주의 행정 구역
административно-территориальное деление Пермского края,페름 변경주의 행정 구역
Чудское озеро,페이푸스
Новоясеневская,노보야세넵스카야역
Тёплый Стан,툐플리 스탄 역
Академическая,아카데미체스카야역
Печорский район,페초르스키군
Приморская,프리모르스카야역
доктор наук,독토르 나욱
Деловой центр,비스타보츠나야역
Новые Черёмушки,노비예 체료무스키 역
Беляево,벨랴예보역
Октябрьское поле,옥탸브리스코예 폴레 역
Беговая,베고바야역
Всероссийская государственная телевизионная и радиовещательная компания,전러시아 국립 텔레비전 및 라디오 회사
Юсуповский Дворец,모이카궁
Люблино,류블리노역
российско-китайская граница,러시아-중화인민공화국 국경
Римская,림스카야역
Кожуховская,코주홉스카야역
Дубровка,두브롭카 역
Выхино,비히노역
Домодедовская,도모데돕스카야역
Багратионовская,바그라티오놉스카야역
Войковская,보이콥스카야역
Аэропорт,아에로포르트역
Фили,필리역
Смоленская,스몰렌스카야 역
Теремной дворец,테렘궁
Щукинская,슈킨스카야역
Тургеневская,투르게넵스카야역
Текстильщики,텍스틸시키역
Кузнецкий мост,쿠즈네츠키 모스트 역
Кузьминки,쿠지민키역
Перово,페로보역
Трубная,트루브나야역
Сенатская площадь,원로원 광장
Москва-Сити,메즈두나로드나야역
Орехово,오레호보역
Семёновская,세묘놉스카야역
Кутузовская,쿠투좁스카야 역
Филёвский парк,필룝스키 파르크 역
Профсоюзная,프로프소유즈나야역
Первомайская,페르보마이스카야역
Казахстанско-российская граница,러시아-카자흐스탄 국경
Полежаевская,폴레자옙스카야역
Сухаревская,수하렙스카야역
Планерная,플라네르나야역
Сходненская,스호드넨스카야역
Октябрьский район,옥탸브리스키 군
Хорольский район,호롤스키 군
Мякинино,먀키니노역
Цумадинский район,추마딘스키군
Академия,FC 아카데미야 톨리야티
Печатники,페차트니키역
Авиамоторная,아비아모토르나야역
Шоссе Энтузиастов,쇼세 옌투지아스토프 역
Российско-латвийская граница,라트비아-러시아 국경
Крестьянская застава,크레스티얀스카야 자스타바 역
Площадь Ильича,플로샤디 일리차 역
Волгоградский проспект,볼고그라츠키 프로스펙트 역
Сахалин,FC 사할린 유즈노사할린스크
Солнцевская организованная преступная группировка,솔른쳅스카야 브라트바
Кунтоминтар,쿤토민타르산
пуштуны,파슈툰족
Борисово,보리소보역
Западный военный округ,서부군관구
Комендантский проспект,코멘단츠키 프로스펙트 역
Московская биржа,모스크바 증권거래소
Чечень,체첸섬
Административно-территориальное деление Чукотского автономного округа,축치 자치구의 행정 구역
Кура,쿠라 미사일 시험장
Северноалтайский язык,북부 알타이어
Койлуото,코일루오토섬
Телецентр,텔레첸트르역
Улица Академика Королёва,울리차 아카데미카 코롤료바 역
Выставочный центр,비스타보츠니 첸트르 역
Улица Сергея Эйзенштейна,울리차 세르게이 예이젠시테이나 역
Таганская,타간스카야역
Тимирязевская,티미랴젭스카야역
Улица Милашенкова,울리차 밀라셴코바 역
Московский международный кинофестиваль 1979,제11회 모스크바 국제 영화제
Госфильмофонд,고스필모폰드
Министерство энергетики Российской Федерации,러시아 에너지부
Российско-американская граница,러시아-미국 국경
Крымский мост,크림 대교
российско-украинская граница,러시아-우크라이나 국경
Восточно-Сибирская тайга,동시베리아 타이가
Российско-норвежская граница,노르웨이-러시아 국경
ржаной хлеб,호밀빵
грузинско-российская граница,러시아-조지아 국경
Бурханизм,부르칸교
85-й меридиан восточной долготы,동경 85도
115-й меридиан восточной долготы,동경 115도
55-й меридиан восточной долготы,동경 55도
65-й меридиан восточной долготы,동경 65도
95-й меридиан восточной долготы,동경 95도
105-й меридиан восточной долготы,동경 105도
75-й меридиан восточной долготы,동경 75도
155-й меридиан восточной долготы,동경 155도
165-й меридиан восточной долготы,동경 165도
Вулкан Головнина,골로브닌산
Гимн Республики Саха,사하 공화국의 국가
пожар в клубе «Хромая лошадь»,페름 나이트클럽 화재
Новгородский погром,노브고로드 학살
Землетрясение в Нефтегорске,1995년 네프테고르스크 지진
Цезарь Куников,카이사르 쿠니코프 대형 상륙함
Командование военно-транспортной авиации,군사항공수송사령부
4-я армия ВВС и ПВО,제4항공및방공군
41-я общевойсковая армия,제41연합군
Генерал Мороз,동장군
175-й меридиан восточной долготы,동경 175도
Всесоюзный референдум о сохранении СССР,1991년 소련 국민투표
22-я гвардейская тяжёлая бомбардировочная авиационная Донбасская Краснознамённая дивизия,제22근위중폭격기항공사단
45-я отдельная гвардейская бригада специального назначения,제45근위스페츠나츠여단
Bork,Bork
Административно-территориальное деление Красноярского края,크라스노야르스크 변경주의 행정 구역
Административно-территориальное деление Магаданской области,마가단주의 행정 구역
Административно-территориальное деление Астраханской области,아스트라한주의 행정 구역
Административно-территориальное деление Камчатского края,캄차카 변경주의 행정 구역
Административно-территориальное деление Краснодарского края,크라스노다르 변경주의 행정 구역
Московский международный кинофестиваль 1961,제2회 모스크바 국제 영화제
Остров Робертсона,로베르트소나섬
Прыжки с трамплина на зимних Олимпийских играх 2014,2014년 동계 올림픽 스키점프
142-й меридиан восточной долготы,동경 142도
Посольство Республики Корея в России,주러시아 대한민국 대사관
Russia Beyond the Headlines,Russia Beyond the Headlines
Спасский район,스파스키 군
Административно-территориальное деление Ненецкого автономного округа,네네츠 자치구의 행정 구역
Административно-территориальное деление Ямало-Ненецкого автономного округа,야말로네네츠 자치구의 행정 구역
Princessa Avenue,프린세스 애비뉴
Осколки,도도지마 섬
Московский международный кинофестиваль 1989,제16회 모스크바 국제 영화제
Московский международный кинофестиваль 1987,제15회 모스크바 국제 영화제
Московский международный кинофестиваль 2001,제23회 모스크바 국제 영화제
Московский международный кинофестиваль 2000,제22회 모스크바 국제 영화제
Московский международный кинофестиваль 2002,제24회 모스크바 국제 영화제
Московский международный кинофестиваль 1999,제21회 모스크바 국제 영화제
Московский международный кинофестиваль 2006,제28회 모스크바 국제 영화제
Московский международный кинофестиваль 2005,제27회 모스크바 국제 영화제
Московский международный кинофестиваль 2004,제26회 모스크바 국제 영화제
Московский международный кинофестиваль 2003,제25회 모스크바 국제 영화제
Московский международный кинофестиваль 1997,제20회 모스크바 국제 영화제
Velvet Music,벨벳 음악
Vitek,Vitek
Московский международный кинофестиваль 1995,제19회 모스크바 국제 영화제
Московский международный кинофестиваль 1993,제18회 모스크바 국제 영화제
Московский международный кинофестиваль 1991,제17회 모스크바 국제 영화제
Буревестник,부레베스트니크 공항
Айнский флаг,아이누 국기
Солнечное затмение 1 июля 2057 года,2057년 7월 1일 일식
Яковлевский район,야코블렙스키 군
Партизанский район,파르티잔스키 군
мастер спорта России международного класса,국제급 러시아 체육 명인
Солнечное затмение 22 июня 2066 года,2066년 6월 22일 일식
Солнечное затмение 3 июля 2084 года,2084년 7월 3일 일식
солнечное затмение 21 апреля 2088 года,2088년 4월 21일 일식
АС-12,러시아 잠수함 로샤리크
Солнечное затмение 12 сентября 2072 года,2072년 9월 12일 일식
Солнечное затмение 1 июня 2030 года,2030년 6월 1일 일식
Солнечное затмение 20 апреля 2061 года,2061년 4월 20일 일식
102-я российская военная база,러시아 제102 군사기지
Российско-свазилендские отношения,에스와티니 – 러시아 관계
Лыжное двоеборье на зимних Олимпийских играх 2014,2014년 동계 올림픽 노르딕복합
Московский международный кинофестиваль 2007,제29회 모스크바 국제 영화제
3-е командование ВВС и ПВО,제3항공 및 방공사령부
11-я армия ВВС и ПВО,제11항공방공군
3-я гвардейская отдельная бригада специального назначения,제3근위스페츠나츠여단
Московский международный кинофестиваль 2008,제30회 모스크바 국제 영화제
Московский международный кинофестиваль 2009,제31회 모스크바 국제 영화제
Московский международный кинофестиваль 2010,제32회 모스크바 국제 영화제
Московский международный кинофестиваль 2011,제33회 모스크바 국제 영화제
237-й гвардейский парашютно-десантный полк,제237근위공수연대
25-я пехотная дивизия (Российская империя),제25보병사단
26-я пехотная дивизия (Россия),제26보병사단
18-я пулемётно-артиллерийская дивизия,제18기관총포병사단
Московский международный кинофестиваль 2012,제34회 모스크바 국제 영화제
Аэроэкспресс,아에로 익스프레스
Беломорская,벨로모르스카야역
Барановский,바라놉스키역
Баковка,바코프카
атака на информационную систему,사이버 공격
Биробиджан I,비로비잔역
Благовещенское высшее танковое командное училище,블라고베셴스크 고위전차지휘학교
Благовещеньев день,주님 탄생 예고 대축일
Бутырская,부티르스카야역
Боровское шоссе,보롭스코예 쇼세 역
ВСЖМ-1,모스크바-상트페테르부르크 고속철도
ВСМ-2,모스크바-카잔 고속철도
Ванино,바니노 역
Большой Москворецкий мост,볼쇼이 모스크보레츠키 다리
Вертолёты России,러시안 헬리콥터스
Весенняя,베센냐야 역
Верхние Лихоборы,베르흐니예 리호보리 역
Александр Юрьевич Дрозденко,알렉산드르 드로즈덴코
Герб Перми,페름의 문장
Высокоскоростные железные дороги в России,러시아의 고속철도
Восточный военный округ,동부군관구
Владивосток-Город,블라디보스토크역
Владивостокский морской торговый порт,블라디보스토크항
Владивостокский государственный университет экономики и сервиса,블라디보스토크 국립 경제 서비스 대학교
Выборы во II Государственную Думу Российской империи,1907년 1월 러시아 총선
Вторая Речка,브토라야 레치카 역
Выборы в III Государственную Думу Российской империи,1907년 10월 러시아 총선
Выборы в IV Государственную Думу Российской империи,1912년 러시아 총선
Герб Екатеринбурга,예카테린부르크의 문장
Горное,고르나에
Александр Владимирович Дворников,알렉산드르 드보르니코프
Деловой центр,델로보이 첸트르 역
Дельта Дона,마이오티스 늪
Михаил Делягин,미하일 델랴긴
Демиховский машиностроительный завод,데미호보 차량 공장
Десна,데스나 강 (모스크바 주)
ДВЗ «Звезда»,즈베즈다 조선소
ДСК «Мичуринец»,미추리네츠
Государственный музей истории космонавтики имени К. Э. Циолковского,Tsiolkovsky State Museum of the History of Cosmonautics
Дом на Мосфильмовской,하우스 오브 모스필무브스카야
Государственный академический университет гуманитарных наук,국립 인문 연구 대학교
Дунайская,두나이스카야역
Дальневосточный государственный университет путей сообщения,극동국립교통대학교
Елена Григорьевна Драпеко,옐레나 드라페코
Оксана Генриховна Дмитриева,옥사나 드미트리예바
Знание,즈나니예
Единка,예딘카강
Жулебино,줄레비노역
Ершичи,예르시치
Инаугурация президента Российской Федерации,러시아 대통령 취임식
"Жигарев, Сергей Александрович",세르게이 지가레프
Железнодорожные войска Российской Федерации,러시아 철도군
"Институт криптографии, связи и информатики","암호화, 통신 및 컴퓨터 과학 연구원"
Залив Академии,아카데미만
Зимняя Универсиада 2019,2019년 동계 유니버시아드
закон о запрете пропаганды ЛГБТ в России,동성애 선전 금지법
Кадгарон,카드가론
Иркутск-Пассажирский,이르쿠츠크역
Институт марксизма-ленинизма при ЦК КПСС,소비에트연방공산당 중앙위원회부설 마르크스-레닌주의 연구원
Казанское высшее танковое командное училище,카잔 고위지휘학교
Захарий Князевич Калашов,자하르 칼라쇼프
Киров,키로프역
Кашкулакская пещера,카시쿨락스카야 동굴
Некрасовская линия,네크라솝스카야선
Кижеватово,키제바토보
Кинбурнский полуостров,킨부른반도
Конструкторское бюро транспортного машиностроения,트랜스마쉬
Котельники,코텔니키역
"Колос (футбольный клуб, Краснодар)",FC 콜로스 크라스노다르
Коркмаскала,코르크마스칼라
Кочкильдино,코치킬디노
Коммунисты России,러시아의 공산주의자들
Комсомольск-на-Амуре,콤소몰스크나아무레 역
Космос-3М,코스모스-3M
Лухмановская,루흐마놉스카야역
Косино,코시노역
Кутузовская,쿠투좁스카야 역
Андрей Леонидович Костин,안드레이 코스틴
Кума,쿠마
Лермонтовский проспект,레르몬톱스키 프로스펙트 역
Лефортово,레포르토보역
Ломоносовский проспект,로모노솝스키 프로스펙트 역
либерализм в России,러시아의 자유주의
Денис Васильевич Майданов,데니스 마이다노프
Лахта-центр,라흐타 센터
Милюково,밀류코보
Виталий Валентинович Милонов,비탈리 밀로노프
Владимир Александрович Мау,블라디미르 마우
Министерство Российской Федерации по развитию Дальнего Востока,러시아 극동·북극개발부
"Министерство цифрового развития, связи и массовых коммуникаций Российской Федерации",러시아 통신언론부
Министерство сельского хозяйства Российской Федерации,러시아 농업부
Манежная площадь (Санкт-Петербург),마네즈나야 광장
Мираж,신기루
Морской Городок,모르스코이 고로도크 역
медаль «За укрепление боевого содружества»,군사 협력 강화 메달
Марийская кухня,마리 요리
Автовокзал «Центральный»,모스크바 중앙 버스 터미널
Московский институт электроники и математики,모스크바 전자 수학 연구원
Михайловка,미하일롭카
Мексикано-российские отношения,멕시코-러시아 관계
Мотострелковые войска Российской Федерации,러시아 차량화소총병
Мичуринский проспект,미추린스키 프로스펙트 역
Научно-исследовательский институт эпидемиологии и микробиологии им. Н. Ф. Гамалеи,가말레야 국립 전염병 및 미생물학 센터
Нижегородская,니제고로츠카야역
Зенит,노보크레스톱스카야 역
Некрасовка,네크라솝카역
"Нилов, Ярослав Евгеньевич",야로슬라프 닐로프
НЕФАЗ,넵테캄스크 자동차 공장
Н035 Ирбис,Irbis-E
Новикомбанк,노비콤은행
Дмитрий Юрьевич Носов,드미트리 노소프
Савёловская,사뵬롭스카야 역
Ночные Волки,밤의 늑대들
Новопеределкино,노보페레델키노역
ОКО,OKO
Орловская правда,오를롭스카야 프라브다
Океанская,오케안스카야 역
Окская,옥스카야역
Морской округ,모르스코이 자치구
Окружная,오크루즈나야 역
осетинская кухня,오세티야 요리
Новый Диск,노비 디스크
Осино-Гай,오시노가이
Овсянка,옵샨카
Омск-Пассажирский,옴스크역
Острова Среднего,스레드네고섬
Первая Речка,뻬르바야 레치카 역
Отрада,오트라다
Петровский парк,페트롭스키 파르크 역
Перевальное,페레발노예
Перемышль,페레미실
Волгоград Арена,볼고그라드 아레나
Площадь Цезаря Куникова,제사리아 쿠니코바
Паралимпийский комитет России,러시아 장애인 올림픽 위원회
Павловский район (Санкт-Петербург),파블롭스키 구 (상트페테르부르크)
Озёрная,오조르나야역
Пермь II,페름역
Ягляярви,애글래호
паромная переправа Ванино — Холмск,바니노-홀름스크 철도연락선
Толваярви,톨바호
Дмитрий Сергеевич Песков,드미트리 페스코프
Площадь Гагарина,플로샤디 가가리나 역
Петрищево,페트리셰보
Премия имени А. М. Ляпунова,랴푸노프상
Полярная сова,흰올빼미 교도소
Проспект Славы,프로스펙트 슬라비 역
Раздольное,라즈돌노예
Посольство Вьетнама в Москве,주 러시아 베트남 대사관
Чиннай,진나이정
Посольство КНДР в Москве,로씨야련방주재 조선민주주의인민공화국 대사관
Посольство Испании в России,주 러시아 스페인 대사관
Посольство Австрии в Москве,주러시아 오스트리아 대사관
Посольство Абхазии в России,주러시아 압하스 대사관
Посольство Таджикистана в Москве,주러시아 타지키스탄 대사관
Посольство Таиланда в России,주 러시아 태국 대사관
Посольство Украины в Москве,주러시아 우크라이나 대사관
Посольство Чили в Москве,주 러시아 칠레 대사관
Раменки,라멘키 역 (칼리닌스코 솔른쳅스카야 선)
РУСАДА,러시아 반도핑 기구
Посольство Эстонии в Москве,주러시아 에스토니아 대사관
Р-29РМУ2.1,R-29RMU2 라이네르
Росгосстрах,로스고스스트라흐
Российский государственный социальный университет,러시아 국립 사회 대학교
Российское социалистическое движение,러시아 사회주의 운동
Россия (поезд),로시야호
Русский крест (демография),러시안 크로스
Русский музей фотографии,러시아 사진 박물관
Российские автомобильные дороги,러시아 고속도로
Российско-узбекистанские отношения,러시아-우즈베키스탄 관계
Румянцево,루먄체보역
дворец Путина,푸틴 궁전
Рейдово,레이다바
Улица Дмитриевского,울리차 드미트리옙스코고 역
Российско-южноосетинская граница,남오세티야-러시아 국경
Российско-японская граница,일본-러시아 국경
Российско-южнокорейские отношения,대한민국–러시아 관계
Саларьево,살라리예보역
Север — Юг,국제남북운송회랑
Санкт-Петербургский государственный университет технологии и дизайна,상트페테르부르크 주립 기술 및 디자인 대학교
Санаторная,사나토르나야 역 (블라디보스토크)
Северный речной вокзал,북부강 터미널
Седанка,세단카 역
Санкт-Петербургская государственная химико-фармацевтическая академия,상트페테르부르크 주립 화학-제약 아카데미
cибирско-татарский язык,시베리아 타타르어
Селигерская,셀리게르스카야역
Садгород,사드고로드 역
Сергокала,세르고칼라
"Сергун, Игорь Дмитриевич",이고리 세르군
Свердловское высшее военно-политическое танко-артиллерийское училище,스베르들롭스크 군사정치 전차 포병 고위학교
Спартак-2,FC 스파르타크-2 모스크바
Славное,시베토로촌
судебная система России,러시아의 사법제도
Список авиационных дивизий военно-воздушных сил СССР (1941—1945),소련 항공사단
Солнцево,솔른체보역
Суходол,수호돌강
Сухой Лог (месторождение),수호이 로그 광산
Стахановская,스타하놉스카야역
Ростех Арена,칼리닌그라드 스타디움
Спутник,스푸트니크 역
Тайшет,타이셰트역
Самара Арена,사마라 아레나
Ростов Арена,로스토프 아레나
Нижний Новгород,니즈니노브고로드 스타디움
Александр Порфирьевич Торшин,알렉산드르 토르신
Анатолий Васильевич Торкунов,아나톨리 토르쿠노프
Триединый русский народ,전러시아
"Токарев, Николай Петрович",니콜라이 토카레프
Максим Анатольевич Топилин,막심 토필린
Терехово,테레호보역
Тугурский залив,투구르스키만
Народное Ополчение,나로드노에 오폴체니예 역
Улан-Удэ,울란우데역
Беговая,베고바야역
Ульянка (округ),울랸카 자치구
Уссурийск I,우수리스크역
Ульяновское гвардейское суворовское военное училище,울리야놉스크 근위군사학교
Юго-Восточная,유고 보스토츠나야 역
Ховрино,호브리노역
Усухчай,우수흐차이
Тюменский кардиологический центр,튜멘 심장 연구 센터
Тюмень,튜멘역
Уркарах,우르카라흐
Федеральная служба по интеллектуальной собственности,연방지적재산원
Федеральная антимонопольная служба,연방반독점원
Угольная,우골나야역
федеральный университет,러시아의 연방대학교
Фонвизинская,폰비진스카야역
Фонд борьбы с коррупцией,반부패 재단
Россети,로세티
ЦСКА,CSKA 역
Чайка,챠이카 역 (블라디보스토크)
Фрунзенская набережная,프룬젠스카야 강변도로
Наш дом — Россия,우리 집 러시아
Руслан Хаджисмелович Цаликов,루슬란 찰리코프
Хворостянка,흐보로스탼카
Хасан,하산역
Александр Евсеевич Хинштейн,알렉산드르 힌쉬테인
Хорошёвская,호로시욥스카야역
Хебда,헤브다
Чита II,치타역
Чемпионат мира по конькобежному спорту на отдельных дистанциях 2013,2013년 세계 종목별 스피드스케이팅 선수권 대회
Локомотив,로코모티프역
Черкутино,체르쿠티노
Южно-Сахалинск,유즈노사할린스크역
Чуйское землетрясение (2003),2003년 알타이 지진
Южный речной вокзал,남부강 터미널
Шушары,슈샤리역
Шелепиха,셸레피하 역
ФКУ ИК-6 УФСИН России по Оренбургской области,흑돌고래 교도소
Яруново,야루노보
Шиклово,시클로보
ЭД4,RZD ED4
Электрозаводская,옐렉트로자보츠카야역
Землетрясение на Камчатке,1959년 캄차카 지진
Землетрясения на Курилах,1963년 쿠릴 섬 지진
Федерация фигурного катания на коньках России,러시아 피겨스케이팅 연맹
"Эм, Юрий Павлович",유리 엄
Шикотанское землетрясение,1994년 홋카이도 해역 지진
Землетрясение на Камчатке,1997년 캄차카 지진
Максим Орешкин,막심 오레시킨
Владимир Владимирович Якушев,블라디미르 야쿠셰프
падение метеорита Челябинск,2013년 러시아 운석 낙하
Sky Express,스카이 익스프레스
Мордовия Арена,모르도비야 아레나
халх,할하 몽골어
Яндекс Диск,얀덱스 디스크
Динамо,디나모 스타디움
Англо-Американская школа,모스크바 앵글로아메리칸 스쿨
Коломна,콜롬나 자치구
Битва за Брянск,브랸스크 전투 (1941년)
Томарикиси,도마리키시촌
Битва у Корсакова,코르사코프 해전
Деловой центр,델로보이 첸트르 역
Посольство Саудовской Аравии в России,주 러시아 사우디아라비아 대사관
постоянный член Совета Безопасности ООН,유엔 안전 보장 이사회 상임이사국
самоубийства в России,러시아의 자살
Партия прогресса,진보당
ЮТэйр Карго,유테이르 카고
Матч за звание чемпиона мира по шахматам 2014,2014년 세계 체스 선수권 대회
Ороки,윌타족
Звезда,즈베즈다
Министерство экономического развития,러시아 경제개발부
Россия на зимних Олимпийских играх 2014,2014년 동계 올림픽 러시아 선수단
концерн «Калашников»,칼라시니코프 콘체른
"Восток",보스토크호
монгольские народы,몽골족
Дом Дружбы,일본인과 러시아인 우호의 집
Краскинское городище,크라스키노 토성
Северо-Корейское течение,북한한류
Российско-таджикистанские отношения,러시아-타지키스탄 관계
Храм Карафуто,가라후토 신사
Землетрясение на Курильских островах (1969),시코탄섬 해역 지진
Южные Курилы,홋포 지역
Землетрясения на острове Итуруп,이투루프섬 해역 지진
Клязьма,클랴지마강
Азиатский маршрут AH30,아시안 하이웨이 30호선
Сайга,사이가강
247-й гвардейский десантно-штурмовой полк,제247근위공중강습연대
театр России,러시아 연극
Землетрясение в Охотском море,2013년 오호츠크 지진
Тюменский государственный университет,튜멘 국립대학교
Московский международный кинофестиваль 2013,제35회 모스크바 국제 영화제
Чемпионат России по футболу 2013/2014,러시아 프리미어리그 2013-14
Мировой суд (Россия),치안법원
Военная академия имени М. В. Фрунзе,미하일 프룬제 군사 대학
Тосно,FC 토스노
Валерий Николаевич Фальков,발레리 팔코프
Авиакомпания СКОЛ,스콜 항공
катастрофа Boeing 737 в Казани,타타르스탄 항공 363편 추락 사고
Битцевский парк,비쳅스키 파르크 역
Замок Шаакен,샤켄성
Н036,NIIP Radar
Аврора,오로라 항공
Лесопарковая,레소파르코바야역
кёрлинг на зимних Олимпийских играх 2014 (женщины),2014년 동계 올림픽 컬링 여자
Фигурное катание на зимних Олимпийских играх 2014 — одиночное катание (мужчины),2014년 동계 올림픽 피겨스케이팅 남자 싱글
Россия сегодня,로시야 시보드냐
русский ирредентизм,러시아 민족통일주의
Церемония закрытия зимних Олимпийских игр 2014,2014년 동계 올림픽 폐막식
российская оккупация Крыма,러시아의 크림반도 점령
Российская военная операция в Крыму (2014),2014년 러시아의 크림반도 침공
Силы специального назначения Главного управления Генерального штаба ВС РФ,스페츠나츠 GRU
Российско-украинская война,러시아-우크라이나 전쟁
аннексия Крыма Российской Федерацией,러시아의 크림반도 합병
Силы специальных операций Российской Федерации,특수작전부대
Фигурное катание на зимних Олимпийских играх 2014 — одиночное катание,2014년 동계 올림픽 피겨스케이팅 여자 싱글
Российско-гамбийские отношения,감비아-러시아 관계
Марш мира,2014년 러시아 반전 시위
Крымский федеральный округ,크림 연방관구
Азиатское Шоссе 82,아시안 하이웨이 82호선
вежливые люди,리틀 그린 맨
Республика Крым,크림 공화국
Донецкая Народная Республика,도네츠크 인민공화국
Ахмат Тауэр,아크맛 타워
Авиамоторная,아비아모토르나야 역
Мемориал жертвам депортации 1944 года (Грозный),1944년 국외 추방 희생자를 위한 기념관
Добролёт,도브로렛 항공
Народное ополчение Донбасса,돈바스 인민군
Кунцевская,쿤쳅스카야역
Зюзино,주지노역
Драченино,드라체니노
Мнёвники,므뇨브니키역
Посольство Франции в России,주러시아 프랑스 대사관
Минская,민스카야역
Проспект Вернадского,프로스펙트 베르나츠코보 역
Сияние Севера,북극광 파이프라인
Новаторская,노바톨스카야역
Луганская Народная Республика,루간스크 인민공화국
Говорово,고보로보역
AH64,아시안 하이웨이 64호선
Рассказовка,라스카좁카역
Карелия,FC 카렐리아 페트로자보츠크
санкции против России (2014),러시아-우크라이나 전쟁 중 국제 제재
Морские львы,PSC 사할린
Авария на Арбатско-Покровской линии метро 15 июля 2014 года,2014년 모스크바 지하철 탈선 사고
Московский международный кинофестиваль 2014,제36회 모스크바 국제 영화제
Breakthrough Prize,브레이크스루 상
Арино,아리노
Александр Юрьевич Бородай,알렉산드르 보로다이
Победа,포베다 항공
Россия на летних Олимпийских играх 2016,2016년 하계 올림픽 러시아 선수단
российский олигарх,러시아 과두 정치인
114-я отдельная гвардейская мотострелковая бригада,보스토크 대대
Технополис «Москва»,테크노폴리스«모스크바
Ангара-1.2ПП,안가라-1.2pp
Чемпионат мира по шорт-треку 2015,2015년 세계 쇼트트랙 선수권 대회
Радио Спутник,스푸트니크
AH63,아시안 하이웨이 63호선
22-я отдельная бригада специального назначения,제22독립근위스페츠나츠여단
Финансовый кризис 2014 года в России,2014년 러시아 경제 위기
Национальный центр управления обороной Российской Федерации,국가국방관리센터
Объединенная Вагонная Компания,연합화차회사
Турецкий поток,터키스트림
Белоярский,벨로야르스크 공항
ВСМ Пекин — Москва,모스크바-베이징 고속철도
убийство Бориса Немцова,보리스 넴초프의 살해
Катерина Владимировна Тихонова,카테리나 티호노바
Чемпионат мира по тхэквондо 2015,2015년 세계 태권도 선수권 대회
Президентские выборы в России (2018),2018년 러시아 대통령 선거
Мария Владимировна Воронцова,마리야 보론초바
Агентство интернет-исследований,인터넷 연구 기관
Шатнево,샤트네보
Бессмертный полк,불멸의 연대
Герб Челябинска,첼랴빈스크의 문장
выборы в Государственную думу 2016 года,2016년 러시아 의회선거
Гайдаровский форум,가이다르 포럼
Объединённое стратегическое командование «Север»,북극합동전략사령부
Мария Владимировна Захарова,Maria Zakharova
сахалинский айнский язык,사할린 아이누어
Прикольный медведь,팬시베어
Давыдково,다빗코보역
Воронцовская,보론촙스카야역
Стрешнево,스트레시네보역
Мичуринский проспект,미추린스키 프로스펙트 역
Аминьевская,아미니옙스카야역
курильский айнский язык,쿠릴 아이누어
Воздушно-космические силы Российской Федерации,러시아 항공우주군
Чемпионат Европы по шорт-треку 2016,2016년 유럽 쇼트트랙 선수권 대회
Посейдон,포세이돈 드론
Авиабаза «Хмеймим»,흐메이밈 공군기지
Балтийская,발티스카야역
Коптево,콥테보역
Северный морской путь,북극해 항로
Кирилл Николаевич Шамалов,키릴 샤말로프
Лужники,루즈니키역
Чемпионат мира по конькобежному спорту на отдельных дистанциях 2016,2016년 세계 종목별 스피드스케이팅 선수권 대회
Cozy Bear,코지 베어
Новохохловская,노보호흘롭스카야역
Library Genesis,라이브러리 제네시스
Зорге,조르게역
Москва-Сити,델로보이 첸트르 역
Панфиловская,판필롭스카야역
Нижегородская,니제고로츠카야 역
Sci-Hub,사이허브
Росгвардия,러시아 국민위병
Катастрофа Boeing 737 в Ростове-на-Дону,플라이두바이 항공 981편 추락 사고
Ростокино,로스토키노역
Бульвар Рокоссовского,불바르 로코솝스코보 역
Крымская,크림스카야역
Шелепиха,셀레피하 역
Соколиная Гора,소콜리나야 고라 역
Верхние Котлы,베르흐니예 코틀리 역
Угрешская,우그레시스카야역
МиГ-41,미코얀 MiG-41
ЗИЛ,ZIL역
Измайлово,이즈마일로보역
Автозаводская,압토자보츠카야 역
Ботанический сад,보타니체스키 사트 역
Хорошёво,호로시요보역
Дубровка,두브롭카 역
"Горьков, Сергей Николаевич",세르게이 고르코프
Коммунарка,콤무나르카역
Генеральное консульство Республики Корея в Санкт-Петербурге,주상트페테르부르크 대한민국 총영사관
Континентальная лига по League of Legends,리그 오브 레전드 컨티넨탈 리그
Р215,러시아 연방도로 R215호선
Wildberries,Wildberries
Мир,미르
Российская лунная программа,루나 글로브
Белокаменная,벨로카멘나야역
Школа при посольстве Республики Корея в Москве,모스크바한국학교
Лихоборы,리호보리역
Андроновка,안드로놉카역
Окружная,오크루즈나야 역
Восточный экономический форум,동방경제포럼
Олимпийские спортсмены из России на зимних Олимпийских играх 2018,2018년 동계 올림픽 러시아 출신 올림픽 선수
символы России,러시아의 상징
Московское центральное кольцо,모스크바 중앙 순환선
Шоссе Энтузиастов,쇼세 옌투지아스토프 역
Владыкино,블라디키노 역
Прокшино,프록시노역
Филатов Луг,필라토프 루크 역
Ольховая,올호바야역
Финал Кубка конфедераций 2017,2017년 FIFA 컨페더레이션스컵 결승전
Катастрофа Ту-154 под Сочи,러시아 국방부 투폴레프 Tu-154 추락 사고
Зимние Всемирные военные игры 2017,2017년 동계 세계 군인 체육 대회
распад России,러시아의 붕괴
Оленегорский горняк,올레네고르스키 고르냐크
Президентские выборы в России (2024),2024년 러시아 대통령 선거
Взрыв в Петербургском метрополитене,2017년 상트페테르부르크 지하철 폭발
преследование гомосексуалов в Чечне,체첸의 동성애자 반대 숙청
Чемпионат России по футболу 2017/2018,러시아 프리미어리그 2017-18
Мост Дружбы,조선-러시아 우정의 다리
финал чемпионата мира по футболу 2018,2018년 FIFA 월드컵 결승전
Чемпионат мира по футболу 2018. Группа A,2018년 FIFA 월드컵 A조
Фёдор,표도르
Чемпионат мира по футболу 2018. Группа B,2018년 FIFA 월드컵 B조
Чемпионат мира по футболу 2018. Группа C,2018년 FIFA 월드컵 C조
Чемпионат мира по футболу 2018. Группа D,2018년 FIFA 월드컵 D조
Чемпионат мира по футболу 2018. Группа E,2018년 FIFA 월드컵 E조
Выборы в Государственную думу (2021),2021년 러시아 의회선거
"Швыткин, Юрий Николаевич",유리 시빗킨
Чёртовы Ворота,악마의 문 동굴
Русское Имперское Движениe,러시아 제국운동
футбольный матч Португалия — Испания,포르투갈 대 스페인 (2018년 FIFA 월드컵)
ЧВК «Вагнер»,바그너 집단
Виктория Валериевна Абрамченко,빅토리야 아브람첸코
Катастрофа Ан-148 в Подмосковье,사라토프 항공 703편 추락 사고
Морская пехота Российской Федерации,러시아 해군 보병
Кинжал,Kh-47M2 킨잘
Алиса,앨리스
Чемпионат мира по футболу 2018. Плей-офф,2018년 FIFA 월드컵 결선 토너먼트
Аэропорт Кневичи,크네비치역
Чемпионат мира по футболу 2018. Группа H,2018년 FIFA 월드컵 H조
Чемпионат мира по футболу 2018. Группа F,2018년 FIFA 월드컵 F조
Чемпионат мира по футболу 2018. Группа G,2018년 FIFA 월드컵 G조
Артём,아르툠 역
Пожар в торговом центре «Зимняя вишня»,케메로보 쇼핑몰 화재
Константин Килимник,콘스탄틴 킬림니크
Чемпионат России по футболу 2018/2019,러시아 프리미어리그 2018-19
Россия будущего,미래러시아당
Футбольный матч Испания — Россия (2018),러시아 대 스페인
Генеральное консульство США во Владивостоке,주블라디보스토크 미국 총영사관
Сочи,PFC 소치
Ханты-Мансийская государственная медицинская академия,Khanty-Mansiysk State Medical Academy
новоперсидский язык,다리어
футбольный матч Аргентина — Хорватия,아르헨티나 대 크로아티아
кабатские айну,레푼모시르운쿠루
Дмитрий Андреевич Артюхов,드미트리 아르튜호프
Восток-2018,보스토크 2018
Европейский маршрут E591,유럽 고속도로 591호선
Цифровой банк,인터넷 전문은행
Алексей Леонидович Текслер,알렉세이 텍슬레르
"Костюков, Игорь Олегович",이고리 코스튜코프
Ракетные войска стратегического назначения Российской Федерации,러시아 연방 전략로켓군
Инцидент в Керченском проливе,2018년 케르치 해협 사건
Катастрофа SSJ 100 в Шереметьеве,아에로플로트 1492편
Угловая,우글로바야 역
Геологическая,게올로기체스까야 역 (프리모르스키 지방)
взрыв жилого дома в Магнитогорске (2018),2018년 마그니토고르스크 아파트 붕괴 사고
One Tower,원 타워
С-70 «Охотник»,수호이 S-70 아호트니크-B
Чемпионат России по футболу 2019/2020,러시아 프리미어리그 2019-20
Московский международный кинофестиваль 2019,제41회 모스크바 국제 영화제
Происшествие с A321 под Жуковским,우랄항공 178편 동체착륙 사건
Лесные пожары в Сибири (2019),2019년 시베리아 산불
Всенародное голосование по поправкам к Конституции России,2020년 러시아 국민투표
Ольга Борисовна Любимова,올가 류비모바
Михаил Альбертович Мурашко,미하일 무라시코
Максут Игоревич Шадаев,막수트 샤다예프
распространение COVID-19 в России,러시아의 코로나19 범유행
Гран-при России 2020 года,2020년 러시아 그랑프리
"Лакутин, Николай Афанасьевич",Nikolay Lakutin
пандемия COVID-19,코로나바이러스감염증-19 유행
Летняя Универсиада 2023,2023년 하계 유니버시아드
вспышка COVID-19 в Европе (2020),유럽의 코로나바이러스감염증-19 유행
Всемирные зимние игры Специальной Олимпиады 2022 г.,2022년 동계 스페셜 올림픽
Утечка дизельного топлива в Норильске,노릴스크 경유 유출 사고
Чемпионат России по футболу 2020/2021,러시아 프리미어리그 2020-21
отравление Алексея Навального,알렉세이 나발리누이 독살 시도 사건
Новые люди,새로운 사람들
Подразделения психологических операций Вооружённых сил Российской Федерации,러시아 심리전부대
Московский международный кинофестиваль 2020,제42회 모스크바 국제 영화제
Prato Marathon Bike 2003,Prato Marathon Bike 2003
Протесты в поддержку Алексея Навального (2021),2021년 러시아 시위
КовиВак,CoviVac
Главное управление МВД России по Нижегородской области,니즈니노브고로드주 경찰
Заявление о прекращении огня в Нагорном Карабахе с 10 ноября 2020 года,2020년 나고르노카라바흐 휴전 협정
Покровская колония,"2호 교정군, 블라디미르주"
Мужское государство,남자의 국가
Азиатский маршрут AH9,아시안 하이웨이 9호선
Чемпионат России по футболу 2021/2022,러시아 프리미어리그 2021-22
Список недружественных стран,비우호국 목록
массовое убийство в гимназии № 175,카잔 학교 총기 난사 사건
"Почетное консульство Южной Кореи, Екатеринбург",주예카테린부르크 대한민국 명예영사관
Памятник Константину Циолковскому (Санкт-Петербург),콘스탄틴 치올코프스키 기념비
"Занко, Ольга Николаевна",올가 아멜첸코바
Sometimes You,가끔 너
Мортёшка,모르테슈카
Пожар в шахте «Листвяжная» 25 ноября 2021 года,리스트뱌즈나야 탄광 화재
российско-украинский кризис (с 2021),2021–2022년 러시아-우크라이나 위기
Северные потоки,노르트스트림
вторжение России на Украину (с 2022),2022년 러시아의 우크라이나 침공
О проведении специальной военной операции,특수 군사 작전의 실행에 대하여
Протесты против вторжения России на Украину (2022),2022년 러시아의 우크라이나 침공 반대 시위
Антивоенные протесты в России (2022),2022년 러시아 반전 시위
Экономические последствия вторжения на Украину для России,2022년 러시아의 우크라이나 침공의 경제적 영향
Военные преступления во время российско-украинской войны,2022년 러시아의 우크라이나 침공 중 전쟁 범죄
санкции в связи со вторжением России на Украину,2022년 대러시아 경제제재
IGN Россия,IGN 러시아
Институт принцессы Ольденбургской,"Kamennoostrovski Prospekt, 36 - 볼쇼이 Prospekt, 73"
Российская оккупация Херсонской области,헤르손 군민행정부
эпидемия обезьяньей оспы (2022),2022년 원숭이두창 유행
Бело-сине-белый флаг,백청백기
Лесные пожары в Сибири (2022),2022년 시베리아 산불
Дарья Александровна Дугина,다리야 두기나
Вкусно — и точка,프쿠스노 이 토치카
Умер Михаил Горбачёв,미하일 고르바초프의 죽음과 장례식
Национальная республиканская армия,국민공화군
Мобилизация в России (с 2022),2022년 러시아 동원령
Аннексия оккупированных территорий Украины (2022),우크라이나 동남부 합병
Херсонская область,헤르손주
Запорожская область,자포로지예주
Генеральное консульство Китайской Народной Республики в г.Владивостоке,주블라디보스토크 중화인민공화국 총영사관
Взрыв на Крымском мосту (2022),2022년 크림 대교 폭발 사건
Луганский государственный педагогический университет,루간스크 국가 교육학 대학
ордер на арест Владимира Путина,블라디미르 푸틴과 마리야 리보바벨로바에 대한 국제형사재판소의 체포영장
Московский академический музыкальный театр имени К. С. Станиславского и Вл. И. Немировича-Данченко,스타니슬랍스키-네미로비치 단첸코 기념음악극장
Малый театр,말리 극장
Александринский театр,알렉산드린스키 극장
Рувики,루비키
Рейд в Белгородскую область (май 2023),그라이보론 포격
Мятеж ЧВК «Вагнер»,바그너 그룹의 반란
конфликт Пригожина и Шойгу,프리고진-쇼이구 불화
ИК-6 Мелехово,제6 교도소 (프라디미르주)
Взрыв на Крымском мосту (2023),2023년 크림 대교 공격
Саммит Северная Корея-Россия 2023 года,2023년 북러정상회담
крушение самолёта Евгения Пригожина,2023년 트베리 비행기 추락 사고
"Корейский культурный центр, Уссурийск",우수리스크 고려인문화센터
"Корейский культурный центр, Сахалин",사할린한인문화센터
ИК-3 Харп,제3형무소
сбитие Ил-76 над Белгородской областью,2024년 코로찬스키 일류신 Il-76 추락 사고
смерть и похороны Алексея Навального,알렉세이 나발니의 죽음
Теракт в «Крокус Сити Холл»,2024년 크로쿠스 시티홀 테러