조선민주주의인민공화국,朝鲜民主主义人民共和国
4.25체육단,四·二五体育队
태풍 볼라벤 (2012년),颱風布拉萬·(2012年)
제1기 최고인민회의 대의원 선거,1948年朝鮮民主主義人民共和國最高人民會議選舉
조선왕조실록,朝鮮王朝實錄
남북 관계,朝鮮半島南北關係
곡산군,谷山郡
정주시,定州市·(平安北道)
김정숙군,金正淑郡
연안군,延安郡·(朝鮮)
만수대의사당,萬壽臺議事堂
강성대국,強盛大國
제네바 합의,朝美核框架协议
서해 위성 발사장,西海卫星发射场
동북아시아,东北亚
로동신문,勞動新聞
만포시,滿浦市
조선민주주의인민공화국 1부류축구련맹전,朝鲜足球甲级联赛
류경정주영체육관,柳京鄭周永體育館
조선중앙텔레비죤,朝鲜中央电视台
장강군,長江郡
황금평,黄金坪
홍원군,洪原郡
자성군,慈城郡
전천군,前川郡
위화도,威化岛
화대군,花坮郡
북관대첩비,北關大捷碑
조선민주주의인민공화국 국방위원회,朝鲜民主主义人民共和国国防委员会
고난의 행군,苦难的行军
조선인민군 항공 및 반항공군,朝鲜人民军航空与反航空军
고려성균관,高麗成均館
리원군,利原郡
대흥군,大興郡
맹산군,孟山郡
은산군,殷山郡
성천군,成川郡
청남군,清南區
덕성군,德城郡
장진호 전투,长津湖战役
일본 순시선 괴선박 격침 사건,奄美大岛海战
조중우의교,中朝友谊桥
고구려 고분군,高句丽古墓群
평양시,平壤市
옹진반도 전투,甕津戰役
한반도 군사 분계선,三八线
태백산맥,太白山脈
금수산태양궁전,錦繡山太陽宮
아리랑 축제,阿里郎节
룡천군,龍川郡·(朝鮮民主主義人民共和國)
운전군,雲田郡
천주교 덕원자치수도원구,天主教德源自治會院區
향산군,香山郡
대일 전승 기념일,第二次世界大战对日战争胜利纪念日
서평양역,西平壤站
천주교 함흥교구,天主教咸兴教区
석왕사 (고산군),釋王寺
해주시,海州市
요덕군,耀德郡
신의주청년역,新义州青年站
수동군,水洞郡
청단군,青丹郡
백두산청년선,白頭山青年線
백두대간,白頭大幹
봉산군,鳳山郡·(黃海北道)
태탄군,苔灘郡
소백수체육단,小白水體育團
조선민주주의인민공화국-중화인민공화국 관계,中国—朝鲜关系
동창군,東倉郡
우리민족끼리,由我们民族自己
리명수체육단,鯉明水體育團
천마군,天摩郡
황주군,黃州郡
최고인민회의,最高人民会议
동해,日本海
동아시아,东亚
대동강,大同江
조선중앙통신사,朝鲜中央通讯社
주체사상탑,主体思想塔
조선민주주의인민공화국의 인구순 도시 목록,朝鮮民主主義人民共和國城市列表
러시아-조선민주주의인민공화국 국경,朝俄边界
한반도 비무장 지대,朝韩非军事区
황해남도,黄海南道
원산농업대학,元山農業大學
UTC%2B08:30,UTC%2B08:30
금야군,金野郡
태천군,泰川郡
김책시,金策市
신의주특별행정구,新義州特別行政區
조선로동당 39호실,朝鲜劳动党39号室
사리원시,沙里院市
송림시,松林市
조선민주주의인민공화국 축구 국가대표팀,朝鮮國家足球隊
출신성분,出身成分
윤이상관현악단,尹伊桑管弦樂團
염주군,鹽州郡
창성군,昌城郡
피현군,枇峴郡
구장군,球場郡
선천군,宣川郡
벽동군,碧潼郡
개천 정치범수용소,价川集中營
선군정치,先军政治
강령군,康翎郡
2006년 조선민주주의인민공화국 핵 실험,2006年朝鮮核試驗
조선민주주의인민공화국 야구 국가대표팀,朝鮮棒球代表隊
청천강,清川江
녕변 원자력 연구소,宁边原子能研究所
경의선,京義線
경흥군,慶興郡
문화어,文化語
조선인민군,朝鲜人民军
련광정,練光亭
단천시,端川市
평성시,平城市
북창 정치범수용소,北倉集中營
고려항공,高麗航空
조선민주주의인민공화국의 선거,朝鮮民主主義人民共和國選舉
자강도,慈江道
조선민주주의인민공화국의 로력영웅,劳动英雄·(朝鲜)
신포시,新浦市
창바이산맥,長白山脈
한국 요리,韓國料理
아리랑,阿里郎
한국어,朝鮮語
곽산군,郭山郡
박천군,博川郡
동림군,東林郡
배천군,白川郡
대관군,大館郡
룡림군,龍林郡
조선민주주의인민공화국의 역사,朝鮮民主主義人民共和國歷史
라선시,羅先市
조선민주주의인민공화국의 경제,朝鲜民主主义人民共和国经济
서해갑문 (남포),西海水闸
강동군,江東郡
천리마구역,千里馬區域
삭주군,朔州郡
흥남구역,興南區域
조선민주주의인민공화국의 국가,愛國歌·(朝鮮民主主義人民共和國)
평양 타임스,平壤時報
고풍군,古豐郡
성간군,城干郡
신계군,新溪郡
명천군,明川郡
재령군,載寧郡
봉동역,凤东站
위원군,渭原郡
삼수군,三水郡
화평군,和坪郡
철산군,鐵山郡
벽성군,碧城郡
경공업성체육단,輕工業省體育團
시중군,時中郡
동신군,東新郡
송원군,松源郡
개풍구역,開豐區域
관남 지방,關南地方
국규 9566,KPS·9566
김정일 장군의 노래,金正日將軍之歌
평양 지하철도 혁신선,革新線
광명망,光明网·(朝鲜)
연산군 (황해북도),延山郡
룡천 열차 폭발 사고,2004年朝鲜龙川火车站爆炸事件
고원역,高原站·(咸镜南道)
천지,天池·(长白山)
장풍군,長豐郡
대안구역,大安區域
태양절,太陽節·(朝鮮民主主義人民共和國)
삼천군,三泉郡
과일군,瓜飴郡
봉천군,峯泉郡
갑산군,甲山郡
명간군,化成郡
신원군,新院郡
은천군,銀泉郡
신양군,新陽郡
납북 일본인 문제,朝鲜绑架日本人问题
부전군,赴戰郡
북창군,北倉郡
양덕군,陽德郡
정평군,定平郡
문덕군,文德郡
회창군,檜倉郡
락원군,樂園郡
온성군,穩城郡
판문역,板門站
천리마 운동,千里馬運動
금천군,金川郡
대동강역,大同江站
장연군,長淵郡
손하역,孙河站·(朝鲜)
부령군,富寧郡
연사군,延社郡
은파군,銀波郡
평양개성고속도로,平壤開城高速公路
일본항공 351편 공중 납치 사건,淀号劫机事件
평양과학기술대학,平壤科學技術大學
신흥군,新興郡·(朝鮮)
화성 정치범수용소,化城強制收容所
동명왕릉,東明王陵
사리원청년역,沙里院青年站
린산군,麟山郡
신평군,新坪郡
조선 영화,朝鮮電影
동평양대극장,東平壤大劇場
단군릉,檀君陵
평양 지하철도 천리마선,千里馬線
승호군,勝湖郡
룡강군,龍岡郡
토산군,兔山郡
연탄군,燕灘郡
조선로동당 중앙군사위원회,朝鲜劳动党中央军事委员会
류경호텔,柳京飯店
요덕 정치범수용소,耀德政治犯收容所
황해,黄海
은정구역,恩情区域
조선의 소리 방송,朝鲜之声广播电台
평양시체육단,平壤市体育团
희천시,熙川市
모란봉구역,牡丹峰区域
보통강구역,普通江区域
공화국의 영원한 주석,主體朝鮮永遠的首領
중강군,中江郡
승리자동차련합기업소,胜利汽车制造厂
구성시,龜城市
조선로동당 총비서,朝鮮勞動黨總書記
조선콤퓨터중심,朝鮮電腦研究中心
랑림군,狼林郡
조선민주주의인민공화국 사회주의헌법,朝鮮民主主義人民共和國社會主義憲法
초산군,楚山郡
만경대구역,万景台区域
삼지연시,三池淵市
인민대학습당,人民大學習堂
선교구역,船桥区域
룡성구역,龍城區域
운산군,雲山郡
구월산,九月山
조선우주공간기술위원회,朝鲜宇宙空间技术委员会
보천보전자악단,普天堡电子乐团
어랑비행장,清津機場
선덕비행장,宣德飛行場
평산군,平山郡
영광군 (함경남도),榮光郡
증산군,甑山郡
개천시,价川市
순천시 (평안남도),順川市
녕원군,寧遠郡
대동문,大同門·(平壤市)
국제친선전람관,國際友誼展覽館
양각도축구경기장,羊角島競技場
칠보산 (함경북도),七寶山
평천구역,平川區域
옥류관,玉流館
덕천시,德川市
북청군,北青郡
조선민주주의인민공화국의 인권,朝鮮民主主義人民共和國人權
박 (성씨),朴姓
평원군 (평안남도),平原郡·(朝鮮民主主義人民共和國)
김일성군사종합대학,金日成軍事綜合大學
김일성종합대학,金日成综合大学
김책공업종합대학,金策工業綜合大學
평양의학대학,平壤醫學大學
평양외국어대학,平壤外國語大學
강원도 (조선민주주의인민공화국),江原道·(朝鮮民主主義人民共和國)
조선민주주의인민공화국의 행정 구역,朝鲜民主主义人民共和国行政区划
읍,邑·(朝鮮半島)
.kp,.kp
회령시,会宁市
안국사 (평성시),安國寺·(平城市)
아무르판,阿穆尔板块
압록강체육단,鸭绿江体育团
한반도,朝鲜半岛
중구역,中區域
양각도국제호텔,羊角島國際飯店
강원선,江原線
남양로동자구,南陽勞動者區
창평 수용소 유혈 봉기,穩城集中營
의주군,義州郡
평양역,平壤站
삼석구역,三石区域
강서구역,江西區域
동해북부선,東海北部線
북위 38도,北纬38度线
남북통일,朝鮮半島統一問題
개선역,凱旋站·(朝鮮民主主義人民共和國)
력포구역,力浦区域
고려호텔,高麗飯店
대성구역,大城区域
해주비행장,海州機場
신도군,薪島郡
조선민주주의인민공화국의 공휴일,朝鮮民主主義人民共和國節日
건국역,建国站·(平壤市)
전승역,战胜站
삼흥역,三兴站
전우역,战友站
혁신역,革新站
승리역,勝利站·(平壤市)
공민왕릉,恭愍王陵
조선중앙동물원,朝鮮中央動物園
기관차체육단,火车头体育队
한자 문화권,漢字文化圈
건설역,建設站·(平壤市)
봉화역 (평양),烽火站
통일역,統一站
김일성 장군의 노래,金日成將軍之歌
황금벌역,黄金谷站
붉은별역,红星站·(朝鲜)
평양신문,平壤新聞
보통문,普通門
두만강,图们江
김일성광장,金日成廣場
한강,漢江·(韓國)
한국 표준시,韩国标准时
숙천군,肅川郡
조국통일3대헌장기념탑,統一門
창도군,昌道郡
평양 지하철도,平壤地鐵
고산군,高山郡
천도교청우당,天道教青友党
조국통일민주주의전선,祖國統一民主主義戰線
조선로동당,朝鲜劳动党
조선사회민주당,朝鲜社会民主党
평강군,平康郡
례성강,禮成江
금강군,金剛郡
함주군,咸州郡
허천군,虛川郡
고성군 (조선민주주의인민공화국),高城郡·(朝鲜)
통천군,通川郡·(朝鮮)
아시안 하이웨이,亞洲公路網
국기훈장,国旗勋章
올림픽 조선민주주의인민공화국 선수단,奧林匹克運動會朝鮮代表團
조선민주주의인민공화국 대외경제성,对外经济省
해방탑,解放塔
보현사 (묘향산),普贤寺·(朝鲜)
룡성선,龍城線
조선민주주의인민공화국 여자 축구 국가대표팀,朝鮮國家女子足球隊
신미도,身弥岛
서해리선,西海里線
할하부,喀尔喀蒙古族
천내군,川內郡
세포군,洗浦郡
법동군,法洞郡
장진군,長津郡
남북정상회담,朝韩首脑会晤
판교군,板橋郡
우시군,雩時郡
조선민주주의인민공화국 원,朝鮮圓
서포역,西浦站·(平壤市)
간리역,间里站
조선민주주의인민공화국 철도성,朝鲜民主主义人民共和国铁道省
청년호텔,青年飯店
천리마동상,千里馬銅像
국가보위성,国家保卫省
조선민주주의인민공화국의 통신,朝鲜通信
2035년 9월 2일 일식,2035年9月2日日食
대성산혁명렬사릉,大城山革命烈士陵
요덕역,耀德站
평양 궤도전차,平壤有軌電車
동경 130도,东经130度线
고려링크,高麗電信
조선4·26아동영화촬영소,SEK工作室
동아시아 공동체,東亞共同體
조선인민군 전략군,朝鲜人民军战略军
조중 국경,中国—朝鲜边界
청진 정치범수용소,清津集中營
광복역,光復站·(平壤市)
북부내륙선,北部內陸線
무산군,茂山郡
영광역 (평양),荣光站·(平壤市)
삼지연비행장,三池淵機場
개성역,开城站
청년이천선,青年伊川線
락원역 (평양),乐园站
조선민주주의인민공화국의 교육,朝鮮民主主義人民共和國教育
대한해협,朝鲜海峡
동조선만,东朝鲜湾
서조선만,西朝鲜湾
룡연군,龍淵郡
상원군,祥原郡
광명역 (평양),光明站·(平壤市)
중화군,中和郡
안악군,安岳郡
백암군,白岩郡
통일의 메아리 방송,统一的回声广播电台
만수대텔레비죤,万寿台电视台
룡남산텔레비죤,龍南山電視台
조선민주주의인민공화국의 국보,朝鲜民主主义人民共和国国宝
2009년 조선민주주의인민공화국 핵 실험,2009年朝鲜核试验
원산역,元山站·(江原道)
안변군,安邊郡
평부선,平釜線
옹진군 (황해남도),甕津郡·(黃海南道)
김화군,金化郡
평화자동차,平和自動車
돌아오지 않는 다리,不归桥
혜산시,惠山市
강계시,江界市
회양군,淮陽郡·(朝鮮)
철원군 (북),铁原郡·(朝鲜)
조선민주주의인민공화국의 국장,朝鲜民主主义人民共和国国徽
백두산,长白山
개성시,開城市
황해북도,黄海北道
청진시,清津市
대홍단군,大紅湍郡
온천군,溫泉郡·(南浦市)
개마고원,蓋馬高原
김정일의 죽음과 국장,金正日之死
고원군,高原郡
함북선,咸北線
평의선,平義線
평남선,平南線
회령 정치범수용소,會寧集中營
남흥선,南興線
조선민주주의인민공화국의 사형제,朝鮮死刑制度
만수대창작사,萬壽臺創作社
2019년 1월 6일 일식,2019年1月6日日食
성불사 (황해도),成佛寺
덕성선,德城線
신계사,神溪寺
모란봉,牡丹峰
경원군 (함경북도),慶源郡
경성군,鏡城郡
운흥군,雲興郡
송화군,松禾郡
신천군,信川郡
만포선,滿浦線
부흥역,复兴站·(平壤市)
함흥시,咸興市
평안북도,平安北道
6·15 남북 공동선언,南北共同宣言
양각도,羊角島
광복절,光复节·(朝鲜半岛)
조선민주주의인민공화국의 철도,朝鲜民主主义人民共和国铁路运输
장충성당,將忠天主教堂
갈마비행장,元山機場
한국어의 남북 간 차이,朝鮮語南北差異
조선민주주의인민공화국 축구 협회,朝鲜民主主义人民共和国足球协会
기쁨조,歡樂組
장진강,长津江
만경대학생소년궁전,萬景台學生少年宮
수안군,遂安郡·(黃海北道)
북위 39도,北緯39度線
평양텔레비죤탑,平壤电视塔
득장로동자구,得將地區
조선민주주의인민공화국 올림픽 위원회,朝鮮民主主義人民共和國奧林匹克委員會
김일성경기장,金日成競技場
만경대 (평양),萬景臺
조선민주주의인민공화국 중앙은행,朝鮮民主主義人民共和國中央銀行
조선민주주의인민공화국의 검열,朝鲜审查制度
선봉구역,先鋒區域
함경북도,咸镜北道
함경남도,咸镜南道
원산시,元山市
량강도,两江道
꽃제비,小燕子·(朝鮮)
평양 순안 국제공항,平壤国际机场
평안남도,平安南道
남포시,南浦市
안변역,安边站
공동경비구역,共同警备区域
청천강 전투,清川江戰役
묘향산,妙香山
금성 전투,金城戰役
릉라도,綾羅島
한탄강,漢灘江
랑림산맥,狼林山脉
아시안 하이웨이 1호선,亞洲公路1號線
아시안 하이웨이 6호선,亞洲公路6號線
기정동,机井洞
북한강,北漢江
천주교 평양교구,天主教平壤教区
문천시,文川市
ISO 3166-2:KP,ISO·3166-2:KP
조선민주주의인민공화국의 대외 관계,朝鮮民主主義人民共和國外交
조선민주주의인민공화국의 정치,朝鮮民主主義人民共和國政治
조국통일상,祖国统一奖
조선녀성,朝鮮女性
북위 40도,北纬40度线
평양 국제영화축전,平壤国际电影节
조선민주주의인민공화국의 문화,朝鮮民主主義人民共和國文化
동경 125도,东经125度线
동아시아 경기 대회,東亞運動會
인민정권 창건일,人民政權創建日
장방역,长芳站
온수평역,温水坪站
온성역,穩城站
인민경제대학,人民經濟大學
약수리 고분,藥水里壁畫古墓
장진호 (호수),長津湖
약수역 (세포),药水站·(江原道)
조선인민군 총참모부 정찰총국,朝鲜人民军总参谋部侦察总局
은빛역,银光站·(黄海南道)
영양역,迎阳站
은파역,银波站
북위 41도,北緯41度線
오현역,梧玄站
안협군,安峡郡
옥류교,玉流橋
만수대,萬壽臺
김원균명칭 음악종합대학,平壤金元均音樂大學
릉라교,綾羅橋
신의주시,新義州市
주체사상,主体思想
형제산구역,兄弟山区域
판문점,板門店
개성공업지구,開城工業地區
금강산국제관광특구,金刚山国际观光特区
금강산,金剛山
북위 42도,北纬42度线
조선로동당 중앙위원회,朝鲜劳动党中央委员会
임진강,臨津江
조선민주주의인민공화국의 인터넷,朝鲜互联网
무수단리,東海衛星發射場
제12기 최고인민회의 대의원 선거,2009年朝鮮民主主義人民共和國最高人民會議選舉
조선혁명박물관,朝鮮革命博物館
조선인민군 해군,朝鮮人民軍海軍
조선인민군 륙군,朝鮮人民軍陸軍
감호역,鉴湖站
만수대대기념비,萬壽臺大紀念碑
북한의 개인숭배,朝鮮民主主義人民共和國的個人崇拜
운봉선,雲峯線
고토역,古土站
정백사원,平壤貞柏寺院
갈마역 (원산),葛麻站
제13기 최고인민회의 대의원 선거,2014年朝鮮民主主義人民共和國最高人民會議選舉
상풍강역,上丰江站
송도원선,松濤園線
동양역,東陽站·(咸鏡南道)
구중역,旧中站
시정선,柴井线
오시천역,五是川站
남애역,南涯站
리원선,利原线
청단역,青丹站
조선민주주의인민공화국의 종교,朝鲜宗教
조선인민군군악단,朝鮮人民軍軍樂團
함흥역,咸兴站
창흥역,昌兴站
조선민주주의인민공화국의 인민배우,人民演员
함흥조차장역,咸兴操车场
토해선,土海線
혜산청년역,惠山青年站
아시안 하이웨이 32호선,亚洲公路32号线
평양신의주고속도로,平壤新義州高速公路
홍현역,红岘站
황해선,黃海線
흥남역,兴南站·(咸镜南道)
회령청년역,會寧青年站
조선로동당 통일전선부,朝鲜劳动党统一战线部
학송역,鶴松站
보통강,普通江
당창건사적관,党创建事迹馆
조선민주주의인민공화국 내각,朝鲜民主主义人民共和国内阁
조선민주주의인민공화국의 고속도로,朝鮮高速公路
우의탑,友誼塔
조선그리스도교련맹,朝鮮基督教聯盟
김일성훈장,金日成勋章
남북전 (축구),南北韓足球打吡
미래과학자거리 은하 타워,未來科學家大街銀河塔
2016년 함경북도 홍수,2016年朝鲜洪灾
2016년 9월 조선민주주의인민공화국 핵 실험,2016年9月朝鲜核试验
조선민주주의인민공화국 국무위원회,朝鲜民主主义人民共和国国务委员会
신양역 (신양),新阳站·(平安南道)
방화역 (고원),傍花站·(咸鏡南道)
소도역,小桃站
천수역,天水站·(两江道)
공화국영웅,共和国英雄·(朝鲜)
라진구역,罗津区域
심화조 사건,深化組事件
두만강선,豆滿江線
연사역,延社站
강안선,江岸線
신천박물관,信川博物館
신양역 (연사),新阳站·(咸镜北道)
백두산 밀영,白頭山密營
조선민주주의인민공화국 외무성,朝鮮民主主義人民共和國外務省
조선우표박물관,朝鮮郵票博物館
평양시간,平壤時間
개천탄광선,价川煤矿线
조선대성은행,大成银行
아리랑 (스마트폰),阿里郎·(智能手機)
제3군단 (조선민주주의인민공화국),朝鲜人民军第3军
개성역사유적지구,開城歷史建築與遺蹟
말레이시아-조선민주주의인민공화국 관계,朝鮮—馬來西亞關係
조선중앙방송위원회,朝鲜中央广播电视委员会
대동문영화관,大同門映畫館
길주군,吉州郡
대동강구역,大同江区域
평라선,平羅線
보천군,普天郡
락랑구역,樂浪區域
금호지구,琴湖地區
어랑군,漁郎郡
김형권군,金亨權郡
풍서군,豐西郡
서성구역,西城区域
동대원구역,东大院区域
안주시,安州市
사동구역,寺洞区域
희천공업대학,熙川工業大學
서흥군,瑞興郡
은률군,殷栗郡
대동군,大同郡
강남군,江南郡
순안구역,顺安区域
김형직군,金亨稷郡
사회주의애국청년동맹,社会主义爱国青年同盟
이천군,伊川郡
평양 개선문,凯旋门·(平壤市)
릉라도5월1일경기장,綾羅島5月1日競技場
당창건기념탑,党创建纪念塔
조국해방전쟁승리기념탑,祖國解放戰爭勝利紀念塔
청년영웅도로,青年英雄公路
조선민주주의인민공화국의 지리,朝鮮民主主義人民共和國地理
대동신용은행,大同信用银行
남동선,南洞線
조선민주주의인민공화국 문화성,文化省
조선로동당 중앙위원회 정치국 상무위원회,朝鲜劳动党中央委员会政治局常务委员会
압록강선,鴨綠江線
조선민주주의인민공화국 국가계획위원회,朝鲜民主主义人民共和国国家计划委员会
조선민주주의인민공화국 과학원,朝鲜民主主义人民共和国科学院
강선역,降仙站
정도선,鼎島線
남포역 (남포),南浦站·(南浦市)
태풍 노을,颱風紅霞
운흥역,雲興站
조선민주주의인민공화국 건설건재공업성,建設建材工業省
조선외국문도서출판사,朝鲜外文出版社
인도네시아-조선민주주의인민공화국 관계,印度尼西亚—朝鲜关系
허천선,虛川線
긴등역,長登站
영생탑,永生塔
안주탄광선,安州煤礦線
정방리역,正方里站
자유독립훈장,自由独立勋章
삼지연,三池淵
조선로동당 창건일,朝鲜劳动党创建日
인도-북한 관계,朝鲜—印度关系
조선민주주의인민공화국의 인구,朝鮮民主主義人民共和國人口
청년팔원선,青年八院线
한국 군사 정전에 관한 협정,朝鲜停战协定
송림선,松林線
북위 43도,北緯43度線
보천선,普天線
이란-조선민주주의인민공화국 관계,伊朗—朝鲜关系
미국-조선민주주의인민공화국 관계,朝鮮—美國關係
남북공동연락사무소 사무처,南北共同聯絡事務所
관음사 (개성),觀音寺·(開城市)
화계역 (금강산선),花溪站·(江原道)
평양성 (고구려),长安城·(高句丽)
조선민주주의인민공화국의 정치범수용소,朝鮮民主主義人民共和國集中營
당의 유일적령도체계확립의 10대 원칙,確立黨的唯一思想體系十大原則
서산호텔,西山飯店
조선민주주의인민공화국 중앙재판소,朝鮮民主主義人民共和國中央裁判所
호위사령부,護衛司令部
조선직업총동맹,朝鮮職業總同盟
현흥역,玄兴站
금야역,金野站·(咸镜南道)
문암역 (고성),文岩站·(江原道)
광법사,廣法寺
신북청역,新北青站
신상역,新上站
신원역 (신원),新院站·(黄海南道)
련진역,連津站
과학기술전당,科學技術殿堂
령하역,岭下站
비단섬,緋緞島
관해역,观海站
룡출역,龍出站
룡대역,龙台站
괘궁정,掛弓亭
신련포역,新莲浦站
룡동역,龙洞站·(咸镜北道)
조선로동당 제7차 대회,朝鲜劳动党第七次代表大会
미래과학자거리,未來科學家大街
령남역,岭南站·(两江道)
룡현역,龙岘站·(咸镜北道)
로동역,芦洞站
로탄역,蘆灘站
검산리역,劍山里站
자양역 (황해남도),紫阳站·(黄海南道)
2016년 1월 조선민주주의인민공화국 핵 실험,2016年1月朝鮮核試驗
대오천역,大五川站
보안역,甫安站
심포리역 (운흥),深浦里站·(兩江道)
라산역,罗山站·(咸镜南道)
안학궁,安鶴宮
주체연호,主體曆
인풍루,仁風樓
북조선로동당,北朝鲜劳动党
통군정,統軍亭
옹진반도,甕津半島
박천 전투,博川戰鬥
수양산 (황해도),首陽山·(朝鮮)
일본-조선민주주의인민공화국 관계,日本—朝鲜关系
숭인전,崇仁殿
조선사회주의녀성동맹,朝鮮社會主義女性同盟
제10기 최고인민회의 대의원 선거,1998年朝鮮民主主義人民共和國最高人民會議選舉
제11기 최고인민회의 대의원 선거,2003年朝鮮民主主義人民共和國最高人民會議選舉
조선농업근로자동맹,朝鮮農業勞動者同盟
칠골교회,七谷教堂
조선민주주의인민공화국 U-17 축구 국가대표팀,朝鮮17歲以下國家足球隊
미림비행장,美林機場
조선민주주의인민공화국에 대한 제재,对朝鲜的制裁
부용당,芙蓉堂
애국렬사릉,愛國烈士陵
신천역 (신천),信川站
룡남산체육단,龍南山體育團
마전역 (함흥),麻田站·(咸镜南道)
사구역,沙口站·(咸镜北道)
운포역,云浦站
운곡역,云谷站
신창역 (은산),新仓站
신포역 (신포),新浦站·(咸镜南道)
구장청년역,球场青年站
리원역,利原站
리평역,梨坪站
사도역,蛇岛站
대성산 (평양),大城山
늪평역,沼坪站
쌍룡역 (김책),双龙站·(咸镜北道)
조선적십자회,朝鲜民主主义人民共和国红十字会
러시아-조선민주주의인민공화국 관계,朝鲜—俄罗斯关系
산양대역,山羊台站
상룡전역,上龍田站
천을역,天乙站
굴송역,屈松站
명호역,明湖站
월탄역,月灘站
무창역,茂昌站
새동역,鸟洞站
자성역,慈城站·(慈江道)
생기령역,生气岭站
생장역,生长站
귀인역,貴仁站
원평역,院坪站
삼지연못가역,三池淵池街站
삼호역,三湖站·(咸镜南道)
삼향역,三鄉站·(咸鏡北道)
원산금강산고속도로,元山金剛山高速公路
국경역 (온성),国境站
단천청년역,端川青年站
삼해역,三海站
대택역,大泽站·(两江道)
문봉역,文峰站·(朝鲜)
천태역,天台站·(黄海南道)
자산역,慈山站
장림역 (성천),长林站·(平安南道)
삼수청년역,三水青年站
삼지연청년역,三池淵青年站
상대역,上台站
위연청년역,渭淵青年站
인민체육인,人民体育人
금산역,金山站·(黄海南道)
물골역,水溝站·(羅先市)
극동역,极洞站
장마당 (조선민주주의인민공화국),朝鮮民主主義人民共和國黑市
금바위역,金岩石站
전사의 영예 훈장,战士荣誉勋章
소래교회,苏莱教会
국제김일성상,国际金日成奖
설마리 전투,雪马里战斗
조선민주주의인민공화국 U-23 축구 국가대표팀,朝鮮23歲以下國家足球隊
붉은 군대 사령부의 원,苏联红军票·(朝鲜)
사이버 공격,网络攻击
조선민주주의인민공화국의 성소수자 권리,朝鮮LGBT權益
조선민주주의인민공화국 무력 최고사령관,朝鲜民主主义人民共和国武装力量最高司令官
김일성가,金日成家族
개선청년공원,凱旋青年公園
황룡산성,皇龍山城
은하수관현악단,銀河水管弦樂團
평양산원,平壤產科醫院
수남구역,水南区域
라남구역,羅南區域
포항구역,浦港區域
신암구역,新岩區域
업억역,业亿站
세선역,世仙站
함주역,咸州站
보천청년역,普天青年站
세포리역,细浦里站
여해진역,汝海津站
성후역,城后站
세검정 (만포),洗劍亭·(滿浦市)
어대진역,渔大津站
전평역,錢坪站
축전역,杻田站·(咸镜南道)
갈산역 (청단),葛山站·(黄海南道)
합수역,合水站
보통강역,普通江站
기암역,奇岩站·(咸镜南道)
양곡역,旸谷站·(两江道)
금송역,金松站
조선민주주의인민공화국의 선전,朝鲜政治宣传
선봉역,先鋒站·(羅先市)
미둔역,弥屯站
재덕역,載德站
장평역,长坪站
양시선,楊市線
선군절,先军节
육진 방언,六镇方言
은덕역,恩德站
서함흥역,西咸興站
멸악산맥,滅惡山脈
순천역 (평안남도),顺川站
기탄역,岐滩站
민탕역,珉湯站
약산동대,藥山東臺
금성청년출판사,金星青年出版社
두루섬,豆老島
장진선,長津線
정주청년역,定州青年站
인민문화궁전,人民文化宮
찬동자 파크,贊同者球場
칠성문,七星門
정방산성,正方山城
조선중앙력사박물관,朝鲜中央历史博物馆
장연선,長淵線
청진청년역,清津青年站
청계역,清溪站
청천강역,清川江站
청강역,清江站
평양대극장,平壤大劇場
침촌역,沈村站
개심사 (명천군),開心寺·(七寶山)
녕변군,寧邊郡
유점사,榆岾寺
영명사 (평양),永明寺·(平壤市)
신압록강대교,中朝鸭绿江界河公路大桥
만경대혁명학원,萬景臺革命學院
부벽루,浮碧樓
표훈사,表訓寺
도문국경대교,图们国境大桥
금수산 (평양),錦繡山
두만강대교,圖們江大橋
기자릉,箕子陵
관서팔경,關西八景·(朝鮮)
개성-문산 전투,開城-汶山戰役
장혜국제대교,長惠國際大橋
풍어역,丰渔站
증산역 (리원),曾山站
죽전역 (김형직),竹田站·(两江道)
풍양역 (김정숙),丰阳站
풍천역,楓川站
풍계역,丰溪站
주서역,州西站
일신역 (단천),日新站·(咸镜南道)
지수역,智水站
중도역,中島站·(咸鏡北道)
왕장역,旺场站
중이역,中二站
부평역 (정평),富坪站·(平羅線)
조선로동당 대표자회,朝鲜劳动党全国代表大会
후창역,厚仓站
라흥역,罗兴站
라죽역,羅竹站
포평청년역,葡坪青年站
랭정역,冷井站·(黄海南道)
남중역,南中站
남양역,南陽站·(咸鏡北道)
희천발전소,熙川水电站
락원역 (락원),乐园站·(咸镜南道)
남석역,南夕站
중화역 (중화),中和站·(黄海北道)
량강신상역,兩江新上站
옹진역,瓮津站
내동역 (양덕),内洞站
후주청년역,厚州青年站
인민상,共和国人民奖
인흥역,仁兴站
남문역,南门站·(朝鲜)
현무문,玄武門·(平壤市)
인산역,仁山站·(两江道)
인평역,仁平站
락산역,洛山站
승원역,胜院站
평양희천고속도로,平壤熙川高速公路
제12사단 (조선민주주의인민공화국),朝鲜人民军第12师
제766독립보병연대,朝鲜人民军第766独立步兵团
2013년 조선민주주의인민공화국 핵 실험,2013年朝鲜核试验
조선민주주의인민공화국의 언론,朝鲜民主主义人民共和国媒体
천리장성,千里长城
제105기갑사단 (조선민주주의인민공화국),朝鲜人民军第105装甲师
제6사단 (조선민주주의인민공화국),朝鲜人民军第6师
칠골역,七溝站
만수대예술극장,萬壽臺藝術劇場
조선인민군 특수작전군,朝鮮人民軍特殊作戰軍
건자역,乾自站
송평역,松坪站
송상역,松上站
연안역,延安站·(黄海南道)
송전역,松田站·(两江道)
강하역,江下站
사리원 전투,沙里院戰役
거산역,居山站
연암역,延岩站
강상리역,江上里站
홍원역,洪原站
염분역,盐盆站
속후역,俗厚站
정일봉,正日峰
홍군역,洪君站
제4군단 (조선민주주의인민공화국),朝鲜人民军第4军
송도역 (안주),松道站
강구역 (혜산),江口站·(两江道)
거차역,巨次站
연풍역,延丰站
연평역,延坪站
송단역,松端站
수남역,水南站·(咸镜北道)
한국의 반일감정,韩国反日情绪
토령역,土岭站·(咸镜南道)
오봉역 (경흥),梧凤站
김책역,金策站
오몽리역,吾梦里站
동천역 (철산),东川站·(平安北道)
경안역,景安站·(咸镜南道)
수덕역 (은산),修德站
부거역,富居站
오계역,梧溪站
동북리역,东北里站
남계역,南溪站·(两江道)
회양역,檜陽站
범포역,范浦站
수양역,首阳站
화평역 (화평),和坪站
두지역,杜芝站
경성역 (경성군),镜城站
봉강역,凤冈站
회중역,檜中站
오구비역,五弯站
팔흥역,八兴站
조선민주주의인민공화국 재정성,财政省
조막산역,造幕山站
풍계리 핵 실험장,豐溪里核試驗場
백마선,白馬線
력포역,力浦站
신흥선,新興線
두만강역,豆满江站
금골선,金溝線
반성렬도,盘城列岛
개천선,价川线
강덕선,康德線
의주비행장,义州飞行场
덕현선,德岘线
은률선,殷栗线
흑교역,黑桥站·(朝鲜)
배천선,白川線
2010년 아시안 게임 조선민주주의인민공화국 선수단,2010年亚洲运动会朝鲜代表团
삼지연선,三池淵線
신안주청년역,新安州青年站
조선민주주의인민공화국의 전화번호 체계,朝鲜电话号码
황해청년선,黄海青年线
남신의주역,南新义州站
선천역,宣川站
강계선,江界線
만월대,滿月臺
하단역 (정주),下端站·(平安北道)
선죽교,善竹橋
황주역,黄州站·(朝鲜)
룡주역,龙州站
평산역,平山站·(黄海北道)
옹진선,甕津線
조국해방전쟁 승리 기념일,祖國解放戰爭勝利紀念日
평덕선,平德线
상황토역,上黄土站
정평역 (정평),定平站
승암역,胜岩站
풍계리,豐溪里
신중역,新中站
신파청년역,新坡青年站
침교역,砧桥站
강서대묘,江西三墓
양화역,阳化站
봉학역,凤鹤站
어랑역,渔郎站
회암역,灰岩站
성덕역,城德站
영저역,嶺底站
서호역,西湖站·(咸镜南道)
무산선,茂山线
만춘역,晚春站
항구구역,港口區域
거흥역,巨兴站
방진역,方津站
배산점역,裴山店站
룡운역,龙云站
한포역,汗浦站
회령탄광선,會寧煤礦線
백무선,白茂線
내포역 (함경북도),内浦站
신단천역,新端川站
구성역 (구성),龟城站
함흥본궁,咸興本宮
동사리원역,东沙里院站
려호역,吕湖站
문필역,文筆站
경포역,景浦站
학성역 (김책),鹤城站·(咸镜北道)
해주 경기장,海州體育場
회암선,灰巖線
려현역,砺岘站
룡성 관저,龍城官邸
천내역,川内站·(江原道)
서산축구경기장,西山足球競技場
신계역,新溪站
석현역,石峴站·(黃海北道)
룡천역,龙川站·(平安北道)
룡강선,龍岡線
릉라인민유원지,綾羅人民遊園地
로하역,路下站
송도원역,松涛园站
평북선,平北線
평양체육관,平壤體育館
조선민주주의인민공화국의 총리,朝鲜民主主义人民共和国总理
옥평역,玉坪站
부포선,釜浦線
박천선,博川線
락원역 (신의주),乐元站
라남역,罗南站
어파역,渔波站
봉산역,凤山站·(黄海北道)
선더볼트 작전,漢江南岸防禦戰
조선로동당 중앙위원회 정치국,朝鲜劳动党中央委员会政治局
곡부 공씨,曲阜孔氏·(高麗派)
로동자신문,勞動者新聞
함흥대극장,咸兴大剧场
현지지도,現場指導
이천청년역,伊川青年站
제2군단 (조선민주주의인민공화국),朝鲜人民军第2军
리과대학,平城理科大學
흥수역,兴水站
평양철도대학,平壤鐵道大學
피바다가극단,血海歌剧团
광명성,光明星
개풍역,开丰站
고건원선,古乾原線
고려박물관,高麗博物館
제1군단 (조선민주주의인민공화국),朝鮮人民軍第1軍
라진역,羅津站
2008년 조선민주주의인민공화국 인구일제조사,2008年朝鮮民主主義人民共和國人口普查
고읍역,古邑站
무산광산선,茂山礦山線
마식령 스키장,馬息嶺滑雪場
일탄선,日炭線
조선미술박물관,朝鲜美术博物馆
금천역,金川站·(黄海北道)
고원탄광선,高原煤礦線
청하역,清下站
고성역,高城站·(江原道)
와우도구역,臥牛島區域
사향역,麝香站
1993년 조선민주주의인민공화국 인구일제조사,1993年朝鮮民主主義人民共和國人口普查
조선로동당의 영원한 총비서,朝鲜劳动党永恒的总书记
김형직사범대학,金亨稷師範大學
룡담역,龍潭站·(江原道)
법흥사 (평원군),法興寺·(朝鮮)
조선로동당 제4차 대회,朝鲜劳动党第四次代表大会
박연폭포,朴淵瀑布
동림폭포,東林瀑布
맹중리역,孟中里站
금강산청년선,金刚山青年线
계정역,鸡井站
조선로동당 제6차 대회,朝鲜劳动党第六次代表大会
가도 (철산군),椵岛
만덕선,滿德線
곽산역,郭山站
조국평화통일위원회,祖國和平統一委員會
정양사,正陽寺
특급시,特級市
서종역,西钟站
광탄역,广滩站
미력역,未力站
화산역 (재령),花山站·(黄海南道)
김철주사범대학,金哲柱師範大學
평양연극영화대학,平壤話劇電影大學
보천읍,普天邑
함흥화학공업대학,咸興化學工業大學
장수산역,長壽山站·(朝鮮)
조선민주주의인민공화국 체신성,朝鮮民主主義人民共和國遞信省
문천역,文川站
보천보전투승리기념탑,普天堡戰鬥勝利紀念塔
평양문화전시관,平壤文化展示館
내토역,內土站
최승대,最勝臺
조선로동당 제3차 대회,朝鲜劳动党第三次代表大会
조선로동당 제5차 대회,朝鲜劳动党第五次代表大会
석탄역,石滩站·(黄海南道)
서사리원역,西沙里院站
세길역,三路站
평양건축종합대학,平壤建設建材大學
삼강역,三江站·(黄海北道)
북한의 농업,朝鮮民主主義人民共和國農業
배화역,培花站
평양 대성산성,大城山城
금광사,朝鮮金光寺
미곡역,嵋谷站
정도역,鼎岛站
재북평화통일촉진협의회,在北和平統一促進協議會
조선기자동맹,朝鮮記者同盟
송도원,松濤園
문수물놀이장,紋繡戲水場
안골선,安溝線
홰불체육단,火炬体育团
철산선,铁山线
3대혁명전시관,三大革命展示館
국가항공우주기술총국,朝鲜民主主义人民共和国国家航空航天技术总局
남포경기장,南浦競技場
개성 남대문,南大門·(開城市)
문덕역,文德站·(平安南道)
전탄역,前滩站
문무역,文武站
내중역,内中站
조선민주주의인민공화국 국적법,朝鮮民主主義人民共和國國籍法
광명성절,光明星节
물개역,物开站
조선민주주의인민공화국 사회안전성,社会安全省
오악 (한국),五岳·(朝鲜半岛)
을밀대,乙密臺
북한의 불법행위,朝鲜非法活动
학현역,鹤岘站
신대역 (과일),新大站
2016년 하계 올림픽 조선민주주의인민공화국 선수단,2016年夏季奧林匹克運動會朝鮮代表團
조선민주주의인민공화국 여자 U-20 축구 국가대표팀,朝鮮20歲以下國家女子足球隊
제3기 최고인민회의 대의원 선거,1962年朝鮮民主主義人民共和國最高人民會議選舉
봉수교회,鳳岫教會
제6기 최고인민회의 대의원 선거,1977年朝鮮民主主義人民共和國最高人民會議選舉
제7기 최고인민회의 대의원 선거,1982年朝鮮民主主義人民共和國最高人民會議選舉
제5기 최고인민회의 대의원 선거,1972年朝鮮民主主義人民共和國最高人民會議選舉
납북자,拉北
조선민주주의인민공화국 U-20 축구 국가대표팀,朝鮮20歲以下國家足球隊
제2기 최고인민회의 대의원 선거,1957年朝鮮民主主義人民共和國最高人民會議選舉
제8기 최고인민회의 대의원 선거,1986年朝鮮民主主義人民共和國最高人民會議選舉
제9기 최고인민회의 대의원 선거,1990年朝鮮民主主義人民共和國最高人民會議選舉
북계수역,北溪水站
현내역,县内站
청암역,青岩站
순안역,顺安站·(平壤市)
다사도선,多獅島線
대교역,大桥站·(平安南道)
태백산성역,太白山城站
대안선,大安线
현릉 (고려 태조),王建王陵
숙천역,肃川站
서해갑문선,西海閘門線
태풍 기러기,颱風鴻雁
석암역,石巖站
서흥역,瑞兴站
태왕,太王
동림역,东林站
제5군단 (조선민주주의인민공화국),朝鲜人民军第5军
염주역,盐州站
신성천역,新成川站
운암역,雲巖站
평양원산관광도로,平壤元山觀光公路
립암역,立岩站·(平安北道)
은산선,殷山線
운산선,雲山線
조선소년단,朝鲜少年团
운전역,云田站
화도역,花岛站
성내역 (고원),城内站·(咸镜南道)
석탕온천역,石汤温泉站
조선민주주의인민공화국의 여성,朝鲜的女性
로농적위군,劳农赤卫军
삼방역,三防站
동가리역,董家里站
광명역 (고산),光明站·(江原道)
검불랑역,剑拂浪站
성산역 (세포),城山站
남산역 (안변),南山站·(江原道)
락천역,落川站
금강산청년역,金刚山青年站
김책제철련합기업소,金策製鐵聯合企業所
김일성방송대학,金日成廣播大學
평강역 (평강),平康站
4.25문화회관,4·25文化會館
7·4 남북 공동 성명,南北共同声明
평양기계대학,平壤機械大學
고무산역,古茂山站
둔전역 (고원),屯田站·(咸镜南道)
양덕역,阳德站
은산역,殷山站
조선인민군 총참모부,朝鲜人民军总参谋部
유엔사령부 군사정전위원회,聯合國軍事停戰委員會
조선인민군 총정치국,朝鲜人民军总政治局
가곡역,佳谷站
8월 종파 사건,八月宗派事件
갑산파,甲山派事件
스웨덴-조선민주주의인민공화국 관계,朝鲜—瑞典关系
주조 스웨덴 대사관,瑞典驻朝鲜大使馆
신전역,新田站·(咸鏡北道)
붉은청년근위대,红色青年近卫队
동 (행정 구역),洞·(行政区划)
제로코비드,清零政策
판문구역,板門區域
아시아의 코로나19 범유행,2019冠狀病毒病亞洲疫情
공민증,公民证·(朝鲜)
코로나19 범유행,2019冠状病毒病疫情
목란비데오,木蘭影片
대장역 (평안북도),大将站
조선민주주의인민공화국의 대량살상무기,朝鲜与大规模杀伤性武器
2019년 남북미정상회담,2019年美韓朝三方會談
기상수문국,气象水文局
법운암,法雲庵
세포청년역,洗浦青年站
백암청년역,白岩青年站
룡지원역,龙池院站
4월의 봄 친선예술축전,四月之春親善藝術節
용곡서원,龍谷書院
한국어족,朝鲜语系
소련파,蘇聯派
리목역,梨木站
개성 숭양서원,崧陽書院
부래산역,浮来山站
용악산,龍岳山
재일 조선인 북송사업,在日朝鮮人歸國運動
만포청년역,满浦青年站
반죽역,班竹站
남북공동연락사무소 폭파 사건,南北共同聯絡事務所炸毀事件
조선민주주의인민공화국의 코로나19 범유행,2019冠狀病毒病朝鮮疫情
화성-17형,火星17彈道飛彈
2020년 한국 집중호우,2020年韓國洪災
조선로동당 중앙위원회 비서국,朝鮮勞動黨中央委員會書記局
조선로동당 제8차 대회,朝鲜劳动党第八次代表大会
연평도 해역 공무원 피격 사망 사건,韩国公务员延坪岛海域遭枪杀事件
주조 중국 대사관,中國駐朝鮮大使館
2017년 조선민주주의인민공화국 미사일 발사,2017年朝鲜导弹试验
조선-러시아 우정의 다리,朝俄国境友谊桥
주체농법,主體農法
조선문학예술총동맹,朝鮮文學藝術總同盟
대북전단과 대남전단,韩国气球宣传运动
득장선,得将线
평양제1백화점,平壤第一百貨商店
3대혁명붉은기쟁취운동,争获三大革命红旗运动
고참탄광선,古站煤矿线
조선민주주의인민공화국 중앙검찰소,朝鲜民主主义人民共和国中央检察所
제4기 최고인민회의 대의원 선거,1967年朝鮮民主主義人民共和國最高人民會議選舉
비날론선,維尼綸線
장상선,长上线
남양국경선,南陽國境線
구봉산선,龜鳳山線
청진 궤도전차,清津有軌電車
대건선,戴建線
춘두선,春斗线
홍의역,洪仪站
해주청년역,海州青年站
천내선,川内线
려명거리 아파트,黎明公寓
조선민주주의인민공화국 중앙통계국,朝鲜民主主义人民共和国中央统计局
관하선,官下线
북한의 맥주,朝鮮民主主義人民共和國的啤酒
성평선,城坪線
대각선 (철도),大角線
덕남선,德南线
평양방어사령부,平壤防禦司令部
만수대 아파트,萬壽臺公寓
동아시아 청소년 경기 대회,東亞青年運動會
문천항선,文川港线
국제김정일상,国际金正日奖
조선의 오늘,今日朝鲜·(网站)
금야선,金野線
수풍선,水豐線
청진항선,清津港線
청년전위,青年前衛
룡암선,龙岩线
제9군단 (조선민주주의인민공화국),朝鲜人民军第9军
강계역,江界站
락랑선,樂浪線
평성역,平城站·(平安南道)
창흥선,昌兴线
명당선,明堂线
조선불교도련맹,朝鮮佛教徒聯盟
동포선,東浦線
사회과학원,朝鮮社會科學院
재동선,梓洞线
직동탄광선,直洞煤礦線
조국해방전쟁승리기념관,祖國解放戰爭勝利博物館
서호선,西湖線
명천역,明川站
금강천 (강원),金剛川
고산역 (고산),高山站·(江原道)
검은모루동굴유적,黑隅里遗址
김일성 배지,金日成像章和金正日像章
룡성역,龙城站
려명거리신도시,黎明大街
국제관계대학,國際關係大學
로동자구,勞動者區
동대역,東坮站
룡반역,龙蟠站
남강덕역,南康德站
다사도역,多狮岛站
명사십리,明沙十里
랑림역,狼林站
마식령,馬息嶺
룡문탄광선,龙门煤矿线
길주청년역,吉州青年站
무산역,茂山站
부전강,赴戰江
금옥역,金玉站
배천역,白川站
복계역,福溪站
2018년 조선민주주의인민공화국 버스 사고,2018年朝鲜重大交通事故
조선민주주의인민공화국의 국가 원수 배우자,朝鲜民主主义人民共和国第一夫人
2018년 제1차 남북정상회담,2018年4月南北韓高峰會
화성구역,和盛区域
통일각,統一閣
2018년 동계 올림픽 조선민주주의인민공화국 선수단,2018年冬季奥林匹克运动会朝鲜代表团
2017년 8월 29일 조선민주주의인민공화국 미사일 발사,2017年8月29日北韓導彈試驗
모학선,慕鶴線
2017년 조선민주주의인민공화국 핵 실험,2017年朝鲜核试验
평양속도,平壤速度
김일성고급당학교,金日成高級黨學校
신남포역,新南浦站
수성역,輸城站
목란관,木蘭館
2018년 아시안 게임 남북 단일 선수단,2018年亚洲运动会朝韩联队
백화원 영빈관,百花園迎賓館
사리원신천고속도로,沙里院信川高速公路
판문각,板門閣
삼일포역,三日浦站
조선로동당 선전선동부,朝鲜劳动党中央委员会宣传鼓动部
신강령역,新康翎站
고구려 평양성 석편,平壤城壁石刻
2018년 제2차 남북정상회담,2018年5月朝韩首脑会晤
주청진 중국 총영사관,中国驻清津总领事馆
삼일포,三日浦
려명체육단,黎明體育團
황해북도예술극장,黃海北道藝術劇場
양지역 (금호),陽地站·(咸鏡南道)
북미정상회담,朝美峰會
제14기 최고인민회의 대의원 선거,2019年朝鮮民主主義人民共和國最高人民會議選舉
김군옥영웅함,金君玉英雄号潜艇