Jūrmala,尤爾馬拉
Plostošana,木材漂流
Irbes šaurums,伊尔本海峡
Jelgava,叶尔加瓦
Rīgas Tehniskā universitāte,里加工业大学
Aknīste,阿克尼斯泰
Rīgas radio un televīzijas tornis,里加广播电视塔
Latvija,拉脫維亞
Latvijas brūnā,拉脱维亚褐牛
Pulvertornis,火药塔
lietuvieši,立陶宛人
Saeima,拉脱维亚议会
Limbažu rajons,林巴日區
latviešu mitoloģija,拉脫維亞神話
Latvijas futbola izlase,拉脫維亞國家足球隊
Kurzeme,庫爾蘭
Baltijas Basketbola līga,波羅的海籃球聯賽
Baltic International Airlines,波羅的海國際航空
Sabile,薩比萊
1949. gada marta deportācijas,冲浪行动
Rīgas Svētā Jēkaba Romas katoļu katedrāle,里加圣雅各伯主教座堂
ESR stacijas kods,ESR車站代碼
Tukums,圖庫姆斯
Piltene,皮尔泰内
Latvijas dzelzceļi,拉脱维亚铁路运输
Latvijas Futbola federācija,拉脫維亞足球總會
Sigulda,錫古爾達
Latvijas Nacionālie bruņotie spēki,拉脫維亞國家武裝部隊
Viesīte,維耶西泰
Arēna Rīga,里加體育館
Bauskas pils,包斯卡城堡
Aloja,阿洛亞
Salacgrīva,薩拉茨格里瓦
Rēzekne,雷澤克內
Liepājas diecēze,天主教利耶帕亞教區
Varakļānu novads,瓦拉克利亞尼市鎮
Rīgas Centrāltirgus,里加中央市場
Jēkabpils,葉卡布皮爾斯
Pāvilosta,帕維洛斯塔
Durbe,杜爾貝
Alsunga,阿尔松加
Alūksnes ezers,阿盧克斯內湖
Zinātņu akadēmijas augstceltne,拉脱维亚科学院
Aizpute,艾茲普泰
Ainaži,艾納日
Aizkraukle,艾兹克劳克莱
Brocēni,布羅采尼
Smiltene,斯米爾泰內
Saulkrasti,紹爾克拉斯蒂
Jaunjelgava,新葉爾加瓦
Viļāni,維利亞尼
Zilupe,濟盧佩
PSRS basketbola izlase,蘇聯國家籃球隊
Valpurģu nakts,沃普尔吉斯之夜
Zilupe,錫尼亞亞河
Baltijas Asambleja,波罗的海会议
Baltijas Līga futbolā,波羅的海聯賽
Baltijas jūra,波罗的海
Venta,文塔河
Latvijas Valsts prezidents,拉脫維亞總統
Strūves ģeodēziskais loks,斯特鲁维测地弧
Kuldīgas rajons,庫爾迪加區
LNB identifikators,拉脫維亞國家圖書館識別碼
Tukuma rajons,圖庫姆斯區
Valmieras rajons,瓦爾米耶拉區
Rīga,里加
transkripcija latviešu valodā,拉脱维亚语转写
Vienotais reģistrācijas numurs,拉脱维亚统一注册号码
jidišs,意第緒語
Krāslava,克拉斯拉瓦
Rīgas rajons,里加區
Kurzemes cietoksnis,库尔兰包围战
Mežaparka koncentrācijas nometne,凱薩梅斯集中營
Balvi,巴爾維
NUTS:LV,拉脫維亞地域統計單位命名法
Rumāņi,羅馬尼亞人
Latvijas ģerbonis,拉脱维亚国徽
Līdztiesība,平權黨
Cēsu kaujas,采西斯战役
Aizkraukles rajons,艾茲克勞克萊區
Saldus rajons,薩爾杜斯區
Latvijas Kauss futbolā,拉脫維亞杯
inguši,印古什人
eiro,歐元
Līvi,利沃尼亚人
2009. gada Eiropas čempionāts basketbolā sievietēm,2009年欧洲女子篮球联赛
Latvijas Banka,拉脫維亞銀行
2003. gada Eirovīzijas dziesmu konkurss,2003年欧洲歌唱大赛
Latvijas okupācija,蘇聯入侵拉脫維亞
Rīgas Svētā Pētera baznīca,圣彼得教堂
Staicele,斯泰采萊
Gulbene,古爾貝內
Dobele,多貝萊
Jēkabpils rajons,葉卡布皮爾斯區
Liepājas rajons,利耶帕亞區
Latvijas administratīvais iedalījums,拉脫維亞行政區劃
Ogre,奧格雷
Salaspils,薩拉斯皮爾斯
Talsu rajons,塔爾西區
Ogres rajons,奧格雷區
Saldus,薩爾杜斯
Ludza,盧扎
Pērkonkrusts,雷十字
dienvidigauņu dialekts,南爱沙尼亚语
FK Ventspils,文茨皮尔斯足球俱乐部
Daugavpils rajons,陶格夫匹爾斯區
Vidzeme,維澤梅
Kārsava,卡爾薩瓦
Skonto halle,斯孔托體育館
Koknese,科肯胡森
Starptautiskā lidosta "Rīga",里加国际机场
Latgale,拉特加爾
Latvijas Republikas Civillikums,拉脱维亚共和国民法典
Gauja,高亞河
Latvija Bērnu Eirovīzijas dziesmu konkursā,拉脫維亞在歐洲青少年歌唱大賽之歷年表現
Varakļāni,瓦拉克利亞尼
Viļaka,維利亞卡
Svētā Mārtiņa diena,聖瑪爾定節
Eiropas autoceļš E67,欧洲E67公路
Preiļu rajons,普雷利區
Ikšķile,伊克斯基萊
Mazsalaca,馬茲薩拉察
Lubāna,盧巴納
Bauskas rajons,包斯卡區
Dobeles rajons,多貝萊縣
Valkas rajons,瓦爾卡區
FB Gulbene,古爾貝內足球俱樂部
Krāslavas rajons,克拉斯拉瓦區
Latvijas Sociālistiskā partija,拉脱维亚社会党
Kandava,坎達瓦
Līvāni,利瓦尼
Cesvaine,采斯瓦伊內
Dagda,達格達
Zemgale,瑟米加利亞
Lielupe,利耶盧佩河
latviešu valoda,拉脫維亞語
Gulbenes novads,古爾貝內市鎮
Rīgas "Dinamo",里加迪納摩
Salaspils koncentrācijas nometne,薩拉斯皮爾斯集中營
Rīgas geto,里加猶太區
Ludzas rajons,盧扎區
Olaine,奧萊內
Skonto FC,斯康圖足球俱樂部
Dzintara ceļš,琥珀之路
Vangaži,萬加日
Strenči,斯特倫奇
Daugava,道加瓦河
Latvijas evaņģēliski luteriskā baznīca,拉脫維亞福音路德教會
Latvija Olimpiskajās spēlēs,奥林匹克运动会拉脱维亚代表团
Gaujas nacionālais parks,戈雅國家公園
Latvijas Universitāte,拉脱维亚大学
Skrunda,斯克倫達
Autoceļš A8,A8公路
Bauska,包斯卡
Vaiņodes novads,瓦伊尼奧代市鎮
Latvija Eirovīzijas dziesmu konkursā,拉脱维亚在欧洲歌唱大赛之历年表现
Aizkraukles novads,艾茲克勞克萊市鎮
Kokneses novads,科克內塞市鎮
Cēsu rajons,采西斯區
Gulbenes rajons,古爾貝內區
Valdemārpils,瓦爾代馬爾皮爾斯
FK Jelgava,葉爾加瓦足球俱樂部
Latvijas Republikas Ārlietu ministrija,拉脫維亞外交部
zemgaļi,瑟米加利亚人
baškīri,巴什基爾人
Auce,奧采
Rūjiena,魯伊耶納
Liepājas starptautiskā lidosta,利耶帕亚国际机场
Dobeles novads,多貝萊市鎮
Jelgavas rajons,葉爾加瓦區
Līgatne,利加特內
Baloži,巴洛日
Grobiņa,格羅比尼亞
Ilūkste,伊盧克斯泰
Biksti,比克斯季
Rail Baltica,波羅的海鐵路
Madona,馬多納
Rāznas nacionālais parks,拉茲納國家公園
Dzelzceļa līnija Jelgava—Reņģe,格卢达-伦尼杰铁路
Lielvārdes novads,利耶爾瓦爾代市鎮
Trīs brāļi,里加三兄弟
Seda,塞達
JFK Olimps,奧林匹斯
Air Baltic Corporation,波罗的海航空
baltkrievu valoda,白俄罗斯语
Latvijas eiro monētas,拉脫維亞的歐元硬幣
Preiļi,普雷利
Naukšēnu novads,瑙克謝尼市鎮
FK Daugava,里加道加瓦足球俱乐部
.lv,.lv
Dinaburg FC,甸拿堡
Alūksnes rajons,阿盧克斯內區
Baltijas valstu okupācija,佔領波羅的海國家
Ludzas novads,盧扎市鎮
latgaliešu rakstu valoda,拉特加萊語
Sivers,西韋爾斯湖
Diena,Diena
Alūksne,阿盧克斯內
Omuļupe,厄赫內河
Rīgas ASK,ASK里加
Baltijas valstis,波罗的海国家
Reformu partija,札特勒斯改革黨
Baltijas Kauss futbolā,波羅的海盃
Ventspils rajons,文茨皮尔斯区
Rēzeknes rajons,雷澤克內區
Latvijas Nacionālā opera un balets,拉脫維亞國家歌劇院
Viestura ordenis,维思特斯指揮官級大十字勳章
Pļaviņas,普利亚维尼亚斯
tramvaju satiksme Daugavpilī,陶格夫匹尔斯电车
Durbes kauja,杜尔贝战役
Balvu rajons,巴爾維區
Daugavpils,陶格夫匹尔斯
lībiešu valoda,立窝尼亚语
Pļaviņu novads,普利亞維尼亞斯市鎮
Aknīstes novads,阿克尼斯泰市鎮
Ērgļi,厄格里
FC Daugava,道加瓦足球俱乐部
Brīvības piemineklis,自由紀念碑
Mikrotīkls,MikroTik
Triju Zvaigžņu ordenis,三星勋章
Barons kvartāls,BK 公爵
krievs,俄羅斯人
Latvijas gada labākais futbolists,雷沃森
Autoceļš A1 (Latvija),A1公路
Baldone,巴爾東埃
Brocēnu novads,布羅采尼市鎮
Jelgavas diecēze,天主教葉爾加瓦教區
Baltijas Dziesmu un deju svētki,波罗的海歌舞庆典活动
pārkrievošana,俄羅斯化
Ādaži,阿达日
Eiropas autoceļš E22,欧洲E22公路
Ķekava,凱卡瓦
Ķegums,基耶古姆斯
Ķīpsala,基普萨拉
Rīgas pils,里加城堡
Valka,瓦爾卡
Cēsis,采西斯
Talsi,塔尔西
Eiropas autoceļš,欧洲高速公路
Ask.fm,Ask.fm
Vanšu tilts,曼舒大桥
Madonas rajons,馬多納區
FC Jūrmala,祖瑪拿足球會
Engures ezers,恩古雷湖
Latvijas futbola Virslīga,拉脫維亞足球高級聯賽
Priekule,普列庫萊
Stende,斯滕代
FK Liepājas Metalurgs,美達雷斯足球會
Abava,阿巴瓦河
Rīgas Valsts 1. ģimnāzija,里加国家第一中学
latvieši,拉脫維亞人
Sēlija,塞羅尼亞
Eiropas autoceļš E77,欧洲E77公路
Dailes teātris,戴列斯劇場
Latvijas dzelzceļš,拉脱维亚铁路
Daugavpils novads,陶格夫匹爾斯市鎮
Dundaga,敦达加
Latvijas diplomātisko misiju uzskaitījums,拉脫維亞駐外機構列表
FK Rīgas Futbola skola,里加足球学校
Līksna,利克斯纳
Vienotība,團結黨
Rīgas VEF,里加VEF籃球俱樂部
BK Ventspils,文茨皮爾斯籃球俱樂部
Saulkrastu novads,紹爾克拉斯蒂市鎮
Autoceļš A14 (Latvija),A14公路
Autoceļš A2 (Latvija),A2公路
Autoceļš A3 (Latvija),A3公路
Autoceļš A4 (Latvija),A4公路
Autoceļš A5 (Latvija),A5公路
Autoceļš A6 (Latvija),A6公路
Autoceļš A7 (Latvija),A7公路
Latvijas Republikas Ministru prezidents,拉脫維亞總理
Subate,蘇巴泰
Melngalvju nams,黑头宫
1937. gada Eiropas čempionāts basketbolā,1937年歐洲籃球錦標賽
Aglona,阿格納
Rēzeknes-Aglonas diecēze,天主教雷澤克內-阿格洛納教區
Transports Latvijā,拉脫維亞交通
Līgatnes novads,利加特內市鎮
Rīgas Autobusu Fabrika,里加公共汽车制造厂
Baltijas tīģeri,波罗的之虎
Tukuma novads,圖庫姆斯市鎮
Lāčplēša Kara ordenis,殺熊者勳章
Ēdoles pils,埃多爾城堡
Saldus pagasts,萨尔杜斯堂区
Vecpiebalgas pagasts,旧皮耶巴尔加堂区
Dzērbenes pagasts,泽尔贝内堂区
Cēsu apriņķis,采西斯县
Jaunpils pils,新皮爾斯城堡
Brocēni,布罗采尼站
Jersikas pagasts,耶尔斯卡堂区
Valmiera,瓦爾米耶拉
lats,拉脫維亞拉特
Inčukalns,印楚卡倫斯
Mārupe,马鲁佩
Rucava,鲁察瓦
Mērsrags,梅爾斯拉格斯
Latvijas pase,拉脫維亞護照
Pirates of the Sea,海上海盜
Ape,阿佩
Ulbroka,乌尔布罗卡
Vecrīga,里加老城
Dziesmotā revolūcija,歌唱革命
Lielvārde,利耶爾瓦爾代
Latvijas Mobilais Telefons,拉脫維亞行動電話
Bīriņu muiža,比里尼宮
Skrunda,斯克伦达站
Skrīveri,斯克里韦里站
Slocene,斯洛采内河
Smārde,斯马尔代
Saules aptumsums 2018. gada 11. augustā,2018年8月11日日食
Carnikava,察爾尼卡瓦
Latvijas Televīzija,拉脫維亞電視台
Latvija 2012. gada Vasaras Olimpiskajās spēlēs,2012年夏季奧林匹克運動會拉脫維亞代表團
Latvija 2010. gada Ziemas Olimpiskajās spēlēs,2010年冬季奥林匹克运动会拉脱维亚代表团
Latvija 2008. gada Vasaras Olimpiskajās spēlēs,2008年夏季奥林匹克运动会拉脱维亚代表团
Latvijas basketbola izlase,拉脫維亞國家男子籃球隊
Rudbāržu pagasts,鲁德巴尔日堂区
Lutriņu pagasts,卢特里尼堂区
Īslīces pagasts,以斯利采堂区
Kolkas pagasts,科尔卡堂区
Vaives pagasts,瓦伊韦堂区
Kalnciems,坎希姆斯
Latvijas futbola 1. līga,拉脫維亞第一聯賽
Visu Latvijai,全為拉脫維亞！
5. Saeimas vēlēšanas,1993年拉脫維亞國會選舉
Rāznas ezers,拉茲納湖
Valles kauja,瓦尔霍夫战役
Bārta,巴爾塔河
Saskaņas Centrs,和諧中間聯盟
Latvijas ģeogrāfija,拉脫維亞地理
Vecpiebalga,旧皮耶巴尔加
Burtnieks,布爾特內克斯湖
trasjanka,俄白語
Dzelzceļa līnija Torņakalns—Tukums II,里加－图库姆斯鐵路
Priekuļu pagasts,普里埃库利堂区
Rojas osta,罗亚港
Rudbāržu pils,鲁德巴尔日宫
Ventspils,文茨皮尔斯
Latvija 1924. gada Ziemas Olimpiskajās spēlēs,1924年冬季奥林匹克运动会拉脱维亚代表团
Aiviekste,艾維埃克斯泰河
Rīgas līcis,里加湾
somi,芬兰人
Rudbārži,鲁德巴尔日站
rupjmaize,拉脱维亚黑麦面包
vācbaltieši,波罗的海德国人
Spāre,斯帕雷站
Zaļo un Zemnieku savienība,綠人與農民聯盟
Latvijas himna,上帝保祐拉脫維亞
Klintaines pagasts,克林泰内堂区
Skultes pagasts,斯库尔泰堂区
Vīpes pagasts,维佩堂区
Dundagas pagasts,敦达加堂区
Bērze,贝尔泽
Bērzupe,贝尔祖佩站
Cena,采拿
Cena,采拿站
Kuldīga,库尔迪加
Dobeles pils,多貝萊城堡
Sitas ezers,錫塔湖
Buļļupe,布柳佩河
Murata ezers,穆拉季湖
Latvijas Valsts policija,拉脫維亞國家警察
Latvijas statistiskie reģioni,拉脫維亞統計區
Stende,斯滕代火车站
Ozolnieki,奧佐爾涅基
Roja,罗亚
Skrīveri,斯克里韋里
Mūsa,穆沙河
Tet Rīgas maratons,里加馬拉松
Daugavgrīva,道加格里伐
Delfi (portāls),德爾斐
Latvijas Nacionālā bibliotēka,拉脫維亞國家圖書館
Latvijas Zaļā partija,拉脱维亚绿党
Kaujas pie Daugavpils,陶格夫匹爾斯戰役
European Hit Radio,歐洲熱門電台
Dzelzceļa līnija Rīga—Daugavpils,里加－道加瓦皮尔斯鐵路
Lielais Ludzas ezers,大盧扎湖
Salaspils,萨拉斯皮尔斯站
Jaunolaine,新奥莱内
Dorupe,多鲁佩站
Dundagas pils,敦達加城堡
Durbe,杜尔贝站
Kurzemes pussala,库尔兰半岛
Cukurfabrika,楚库尔法布里卡站
Ventspils viduslaiku pils,雲特史比斯城堡
Ventspils II,文茨皮尔斯II站
Ventspils,文茨皮尔斯I站
Viesturi,维埃斯图里站
Dalbe,达尔贝
Dalbe,达尔贝站
Dzelzceļa līnija Daugavpils—Kurcums,陶格夫匹尔斯-库尔楚姆斯铁路
Daugmale,道格马莱站
Jelgava,叶尔加瓦站
Liepāja,利耶帕亚站
Neretiņa,內雷塔河
latgaļi,拉特加萊人
Latvijas Gaisa spēki,拉脫維亞空軍
rudzu maize,裸麥麵包
Latvijas Vienības partija,拉脱维亚团结党
Rīgas Ekonomikas augstskola,里加斯德哥尔摩经济学院
Eša ezers,埃熱澤爾斯湖
Kūku pagasts,库卡斯教区
Latvijas Olimpiskā komiteja,拉脫維亞奧林匹克委員會
25. austrumu meridiāns,东经25度线
latviešu virtuve,拉脫維亞飲食
Viesturu pagasts,维埃斯图里堂区
Ceļošanas kārtība Latvijas pilsoņiem,拉脫維亞公民簽證要求
Alotene,阿洛滕内站
Cēsu vaivadija,文登省
Dobeles meteorīta krāteris,多貝萊撞擊坑
Priekuļi,普里埃庫利
Vabole,瓦博莱
Vagonu parks,瓦戈努帕尔克斯站
Varakļānu muiža,瓦拉克利亚尼宫
Vispārējie latviešu Dziesmu un Deju svētki,拉脱维亚歌舞节
Rundāles pils,隆黛爾宮
Tiņģeres muiža,季尼杰雷庄园
Tore,托雷站
Torņakalns,托尔尼亚卡尔内斯站
Tukums II – Jelgava dzelzceļa līnija,图库姆斯-叶尔加瓦铁路
Tīraine,季赖内站
Ugāle,乌加莱站
Usma,乌斯马站
Rīgas Vagonbūves rūpnīca,里加车辆制造厂
Gaiziņkalns,蓋幸肯山
Liepāja,利耶帕亚
Limbaži,林巴日
Šķirotava,什基罗塔瓦站
Gaisma,盖斯马站
Gardene,加尔登内
Glūda,格卢达站
Latvijas Biozinātņu un tehnoloģiju universitāte,拉脱维亚生命科学与技术大学
Kaņieris,卡涅里斯湖
Demokrātiskā Centra partija,拉脱维亚社会民主中心党
Dobele,多贝莱站
Melluži,梅卢日
Asari,阿萨里站
Atgāzene,阿特加泽内站
Babītes pagasts,巴比泰堂区
Babīte,巴比泰站
Babītes ezers,巴比泰湖
Vārkavas novads,瓦爾卡瓦市鎮
Iecava,耶察瓦
Karosta,卡洛斯塔
Lielupe,利耶卢佩
Latvijas Republikas Tieslietu ministrija,拉脫維亞司法部
Ilmāja,伊尔玛亚站
Daugavas stadions,道加瓦體育場
Latvijas pareizticīgā baznīca,拉脫維亞正教會
Rīgas Doms,里加主教座堂
Aģe,阿格耶河
Zemgales tilts,里加铁桥
Pļaviņas,普利亚维尼亚斯站
Ludzas pils,卢扎城堡
Tukums II,图库姆斯第二车站
Saldus,萨尔杜斯站
Latvijas Krievu savienība,拉脱维亚俄罗斯族联盟
Tēvzemei un Brīvībai/LNNK,為了祖國與自由/拉脫維亞民族獨立運動
Rīgas ģerbonis,里加市徽
Jaundubulti,新杜布尔季
Lielstraupes pils,利斯特勞普城堡
Saukas ezers,紹卡斯湖
Tadaiķi,塔代基站
Cukurs C-6bis,希庫爾斯C.6bis俯衝轟炸機
Dartz,Dartz
Dzērbenes muiža,泽尔贝内庄园
Džūkste,朱克斯泰站
Džūkstes pagasts,祖克斯特堂區
BA Turība,图里巴站
Jaunais laiks,新时代党
Zvāre,兹瓦莱站
Īves pagasts,伊韦堂区
Ķegums,基耶古姆斯站
Ventspils novads,文茨皮爾斯市鎮
Zvejnieki,茲韋伊尼埃基墓葬羣
Mēmele,內穆內利斯河
LGBT tiesības Latvijā,拉脫維亞LGBT權益
Latvijas Ceļš,拉脱维亚道路
11. Saeimas vēlēšanas,2011年拉脫維亞議會選舉
Jelgavas pils,葉爾加瓦宮
Latvijas Republikas Zemessardze,拉脫維亞國民警衛隊
Lielvārde,利耶尔瓦尔代站
Ogre,奥格雷站
Alauksts,阿勞克斯特斯湖
Tautas partija,人民黨 (拉脫維亞)
Kurzemes reģions,庫爾澤梅計畫區
Ģibuļu pagasts,吉布里堂区
Kandava,坎达瓦站
Latvija 2014. gada Ziemas Olimpiskajās spēlēs,2014年冬季奧林匹克運動會拉脫維亞代表團
"Latvijas Vides, ģeoloģijas un meteoroloģijas centrs",拉脱维亚环境、地质与气象中心
Ķemeru nacionālais parks,凱邁里國家公園
Rītupe,烏特羅亞河
nāvessods Latvijā,拉脱维亚死刑制度
Salaca,薩拉察河
Fomins & Kleins,福明斯和克萊恩斯
Ventspils osta,文茨皮尔斯港
Kaibala,凯巴拉站
Latvijas kino,拉脫維亞電影
Dendrārijs,植物园站_(拉脱维亚)
Jaunpagasts,新堂区
Vabole (stacija),瓦博莱站
Vaivari,瓦伊瓦里
Vaivari,瓦伊瓦里站
Dzērbene,泽尔贝内
Lubāns,盧班斯湖
Latvijas Nacionālais mākslas muzejs,國立拉脫維亞美術館
Latvijas—Krievijas miera līgums,拉脫維亞-蘇俄和平條約
Lašupe,拉舒佩站
Zunda Towers,尊达塔
Drīdzis,德里濟斯湖
Dubna,杜布納河 (道加瓦河流域)
Usmas ezers,烏斯馬湖
Latvijai un Ventspilij,為了拉脫維亞和文茨皮爾斯
Lašupe,拉舒佩
Pelēkie zirņi,灰豌豆
Rīgas Kristus Piedzimšanas pareizticīgo katedrāle,里加圣诞主教座堂
Stendes muiža,斯滕代庄园
Dinaburgas pils,迪納布爾加城堡
Sports Latvijā,拉脫維亞體育
Jaunogre,新奥格雷站
Jaunolaine,新奥莱内站
Dzelzceļa līnija Jelgava—Krustpils,叶尔加瓦-克鲁斯特皮尔斯铁路
Jumprava,尤姆普拉瓦站
Jumpravas pagasts,尤姆普拉瓦堂区
Imanta,伊曼塔站
Tukums I,图库姆斯I站
Zasulauka Depo,德波站
Smārde,斯马尔代站
Ķemeri,凱邁里站
Salacgrīvas jahtu osta,萨拉茨格里瓦港
Volvo Open Cup,富豪公開賽
Jumprava,尤姆普拉瓦
Jelgavas novads,葉爾加瓦市鎮
Liepājas ezers,利耶帕亞湖
Glūdas pagasts,格卢达堂区
Grobiņas vidusslaiku pils,格羅比尼亞城堡
Latvijas Basketbola savienība,拉脫維亞籃球協會
Latvijas Zinātņu akadēmija,拉脱维亚科学院
Jāņavārti,雅尼亚瓦尔季站
Demokrātiskais Centrs,民主中心
Latvijas Republikas proklamēšanas diena,拉脱维亚独立日
Dzintari,津塔里
Dzintari,津塔里站
Austrumeiropas platforma,東歐克拉通
Skonto stadions,斯孔托体育场
Latvijas Zemnieku savienība,拉脱维亚农民联盟
Latvijas Republikas Augstākā Padome,拉脫維亞最高蘇維埃
FS METTA/Latvijas Universitāte,梅塔足球俱乐部
Limbažu novads,林巴日市鎮
Jēkabpils novads,葉卡布皮爾斯市鎮
Ķīšezers,基舍澤爾斯湖
Latvijas Sociāldemokrātiskā Strādnieku partija,拉脱维亚社会民主工人党
Nacionālā apvienība "Visu Latvijai!"—"Tēvzemei un Brīvībai/LNNK",民族聯盟 (拉脫維亞)
Gardene,加尔登内站
Rēzeknes novads,雷澤克內市鎮
Liepājas osta,利耶帕亚港
Koknese,科克内塞站
Krustpils pils,克魯斯特皮爾斯城堡
Dzelzceļa līnija Krustpils—Rēzekne II,克鲁斯特皮尔斯-雷泽克内铁路
Krāslavas pils,克拉斯拉瓦新宫
Krāslavas ordeņa pils,克拉斯拉瓦旧宫
Lielvārdes pils,利耶爾瓦爾代城堡
Liepupes pagasts,利普教區
FK Auda,FK奥达
Nepilsoņi,非公民
Zemgales Olimpiskais centrs,泽姆加莱奥林匹克中心
Zosēnu pagasts,藻塞尼堂区
Jersika,杰西卡公国
Latvijas Nacionālās Neatkarības Kustība,拉脫維亞民族獨立運動黨
Dubulti,杜布尔季站
Jersika (stacija),耶尔斯卡站
Dzelzceļa līnija Rīga—Jelgava,里加－叶尔加瓦鐵路
Pārdaugava,帕尔道加瓦
Ropažu novads,羅帕日市鎮
Latvijas Tautas fronte,拉脱维亚人民阵线
Latvijas volejbola izlase,拉脫維亞國家男子排球隊
Iecava,耶察瓦河
Latvijas Basketbola līga,拉脱维亚篮球联赛
Slīteres nacionālais parks,斯里特國家公園
biezpiena plācenīši,錫爾尼基
Kolkasrags,科尔卡角
The Baltic Times,波羅的海時報
Latvijas Radio,拉脱维亚电台
BFC Daugavpils,陶格夫匹尔斯足球俱乐部
Krustpils pagasts,克鲁斯特皮尔斯堂区
SmartLynx Airlines,山貓航空
Latvijas Okupācijas muzejs,拉脱维亚被占领时期博物馆
Kūdra,库德拉站
Kūkova,庫赫瓦河
Milzkalne,米尔兹卡尔内站
Līči,利奇站
Viļakas novads,維利亞卡市鎮
Lutriņi,卢特里尼
Līgciems,利格茨埃姆站
Līvbērze,利夫贝尔泽
Līvāni (stacija),利瓦尼站
Lielupe,利耶卢佩站
Liepas pagasts,利耶帕堂区
Līksna (stacija),利克斯纳站
Aizkraukles kauja,埃兹卡乌克战役
Kolka,科爾卡
Saeimas priekšsēdētājs,拉脫維亞議會議長
Rušons,魯紹納斯湖
Baltijas valstu nacionālo parku uzskaitījums,波罗的海三国国家公园列表
LPP/LC,拉脫維亞第一黨/拉脫維亞之路
Par Latvijas Republikas neatkarības atjaunošanu,重建独立的拉脱维亚共和国
Ozolsala,奥佐尔萨拉站
Padone,帕多内站
Pasažieru vilciens,拉脱维亚铁道客运公司
Majori,马约里站
Melluži,梅卢日站
Latvijas Nacionālais simfoniskais orķestris,拉脱维亚国家交响乐团
Latvijas Pagaidu valdība,拉脫維亞臨時政府
Latvijas kuģniecība,拉脱维亚航运公司
latviešu zīmju valoda,拉脱维亚手语
NBS Speciālo uzdevumu vienība,特別任務單位
Latvijas Republikas aizsardzības ministrs,拉脱维亚国防部长
Sieksāte,锡埃克萨泰站
Latvijas Sarkanais Krusts,拉脫維亞紅十字會
Tautsaimnieku politiskā apvienība,經濟學家政治聯盟
Praviņi,普拉维尼站
Pāvilostas osta,帕维洛斯塔港
Pumpuri,普姆普里
Puze,普泽站
Dzelzceļa līnija Ventspils—Maskava,文茨皮尔斯-莫斯科铁路
Mežciems (stacija),梅日齐姆斯站
Mikrofona aptauja,麦克风 (歌曲比赛）
Milzkalne,米尔兹卡尔内
Latvijas Republikas Ekonomikas ministrija,经济部
Latvijas Republikas Satiksmes ministrija,拉脫維亞運輸部
nacionālais parks,拉脫維亞國家公園
Ludza,勒扎河
Pūre,普雷站
Lubes pagasts,卢贝堂区
Majori,马约里
Namiķi,纳米基_(卢特里尼堂区)
Krāslavas novads,克拉斯拉瓦市镇
Mežaparka Lielā estrāde,梅薩帕克露天舞臺
Miķeļbāka,米开洛夫斯科
Latvijas politika,拉脫維亞政治
Jāņi,亞尼節
Latvijas Nacionālais teātris,拉脫維亞國家劇院
Nīcgale,尼茨加莱
Olaine,奥莱内站
Saulkalne,绍尔卡尔内
Terehova,德雷霍瓦
Tiņģere,季尼杰雷
Ozolnieki,奧佐爾涅基車站
Olaines pagasts,奥莱内堂区
Ciblas novads,齊布拉市鎮
Rīgas Horālā sinagoga,合唱大猶太會堂 (里加)
Rīgas sinagoga,佩塔夫猶太會堂
Daugavpils Universitāte,陶格夫匹尔斯大学
Nīcas novads,尼察市鎮
Mākslas muzejs "Rīgas Birža",拉脫維亞外國藝術美術館
Pirmais Baltijas kanāls,第一波罗的海频道
Vendi,温迪
Salaspils pagasts,萨拉斯皮尔斯堂区
Rēzekne,雷澤克內河
Latvijas augstskolas,拉脱维亚大学列表
Latvijas Nacionālais vēstures muzejs,國立拉脫維亞歷史博物館
tramvaju satiksme Liepājā,利亞帕亞電車
LETA,拉脱维亚通讯社
Lilaste,利拉斯泰
Liepājas partija,利耶帕亞黨
Rīdzene,里泽内
Rītausmas,里陶斯马斯
Sabile,萨比莱站
Rīgas arhibīskapija,天主教里加總教區
Auces novads,奧采市鎮
Ventas rumba,文塔瀑布
Saka,萨卡河
Amatas novads,阿馬塔市鎮
Latvijas saimniecība,拉脫維亞經濟
Pāvilostas novads,帕維洛斯塔市鎮
Valkas novads,瓦爾卡市鎮
Josta,约斯塔站
Latvijas dzelzceļa vēstures muzejs,拉脱维亚铁路历史博物馆
Vēlēšanas Baltijā (1940),人民议会
Nīcgale (stacija),尼茨加莱站
Nīcgales pagasts,尼茨加莱堂区
Slampe,斯拉姆佩站
Priedaine,普里埃代内
Imanta,伊曼塔
Vecmīlgrāvis,維茨米爾格拉維斯
Zasulauks,扎苏劳克斯
Bulduri,布尔杜里
Cēsu novads,采西斯市镇
Latvijas politisko partiju uzskaitījums,拉脫維亞政黨列表
Tērvete,特尔韦特
Trepe (stacija),特雷佩站
Vecpiebalgas novads,舊皮耶巴爾加市鎮
Spāre,斯帕雷
Smiltenes novads,斯米爾泰內市鎮
Durbes novads,杜爾貝市鎮
Mihaila Čehova Rīgas Krievu teātris,里加俄羅斯劇場
Rīgas Latviešu biedrība,里加拉脱维亚学会
reliģija Latvijā,拉脱维亚宗教
Slokas stadions,斯洛卡球場
Sloka,斯洛卡站
Smārdes pagasts,斯马尔代堂区
Rucavas pagasts,鲁察瓦堂区
Ilūkstes novads,伊盧克斯泰市鎮
autoceļš P108,拉脱维亚P108高速公路
Priedaine,普里埃代内站
Pumpuri,普姆普里站
Triānas Parks,堤亞納公園
Rīgas karogs,里加市旗
Holokausts Latvijā,拉脫維亞的納粹大屠殺
Latvijas Superkauss futbolā,拉脫維亞超級盃
Ciecere,茨埃采雷河
Zvejniekciems,兹维伊涅克茨埃姆斯
Zālīte (stacija),扎利特
Jaundubulti,新杜布尔季站
Baldones novads,巴爾多內市鎮
Dubulti,杜布尔季
11. novembra krastmala,11月11日路堤
Dzelzceļa līnija Jelgava—Liepāja,叶尔加瓦－利耶帕亚鐵路
Svētciems,斯维特茨埃姆斯
FK Tukums 2000,图库姆斯2000
Dzelzceļa līnija Ventspils—Tukums II,文茨皮尔斯-图库姆斯铁路
Gulbenes pilsētas stadions,古尔贝内市体育场
Līvbērze,利夫贝尔泽站
Ventspils Starptautiskais radioastronomijas centrs,伊爾貝恩
Valmiera FC,瓦尔米耶拉足球俱乐部
Pārogre,帕罗格雷站
PeR,解釋節奏
Apšupe,阿普舒佩站
Asari,浅利
Rīgas Stradiņa universitāte,里加斯特拉金什大学
Latvijas krievi,在拉脱维亚的俄罗斯人
Balvu novads,巴爾維市鎮
Alsungas novads,阿爾松加市鎮
Vidzemes Olimpiskais centrs,维泽梅奥林匹克中心
Vidzemes Zemes padome,维泽梅省级委员会
Vidzemes bruņniecības nams,立窩尼亞貴族之家
Vidzemes plānošanas reģions,維澤梅計畫區
Eiropas autoceļš E262,欧洲E262公路
Zebrus,澤布魯斯湖
Aglonas novads,阿格洛納市鎮
Latvijas futbola 2. līga,拉脱维亚足球乙级联赛
Krustpils,克鲁斯特皮尔斯站
Dzelzceļa tilts,鐵路橋 (里加)
Vidzemes augstiene,维泽梅高地
Melnsils,梅爾席恩斯
Saunags,绍纳格斯
Babītes novads,巴比泰市鎮
Kazdanga,卡茲丹加
Viesītes novads,維耶西泰市鎮
Stūnīši,斯通尼希
Ēdole,埃多莱
FK Spartaks Jūrmala,尤尔马拉斯巴达克斯足球俱乐部
Cirma ezers,齊爾馬湖
Kandavas novads,坎達瓦市鎮
Vaide,瓦伊德
Jaunpils novads,新皮爾斯市鎮
Lubānas novads,盧巴納市鎮
Ķeguma novads,基耶古姆斯市镇
Latvijas Sauszemes spēki,拉脫維亞陸軍
Turaidas pils,圖雷達城堡
Viļānu novads,維利亞尼市鎮
Beverīnas novads,貝韋里納市鎮
Ērgļu novads,埃爾格利市鎮
Burtnieku novads,布爾特涅基市鎮
Airīte,艾里泰站
Aizkraukle,艾兹克劳克莱站
Alsungas viduslaiku pils,亞松加城堡
Ernsta Glika Bībeles muzejs,恩斯特·格吕克圣经博物馆
FK Liepāja,FK利耶帕亞
Neretas novads,內雷塔市鎮
Vārnukrogs,瓦尔努克罗格斯
Latvijas reģionālie autoceļi,拉脱维亚地方公路
Dziesma 2014,待烤的蛋糕
Kūdra,库德拉
Rumbula,鲁姆布拉站
Dārziņi,达尔齐尼站
Latvijas Republikas Satversme,拉脫維亞憲法
Rīgas Motormuzejs,里加汽車博物館
Dzelzceļa līnija Daugavpils—Indra,陶格夫匹尔斯-英迪拉铁路
Rīgas FK,RFK里加
Salaspils novads,薩拉斯皮爾斯市鎮
autoceļš P132,P132公路
Biksti,比克斯季站
Bikstu pagasts,比克斯季堂区
Blīdene,布利代内站
Blīdenes pagasts,布利代内堂区
Brakšķi,布拉克什基站
Ikšķile,伊克什基莱站
Vienoti Latvijai,拉脱维亚团结党
Rucavas novads,魯察瓦市鎮
Latavio,拉脫維亞航空
Riebiņu novads,里耶比尼市镇
Baloži,巴洛日站
Baltezers,巴尔泰泽尔斯
Rundāles novads,倫達萊市鎮
Raunas novads,勞納市鎮
Inčukalna novads,印楚卡倫斯市鎮
Skrundas novads,斯克倫達市鎮
Siguldas novads,錫古爾達市鎮
Salacgrīvas novads,薩拉茨格里瓦市鎮
Lutriņi,卢特里尼站
Lāči,拉契站
Lāčplēša diena,拉普拉辛日
Lāčplēša iela,拉奇普莱沙街
Atgāzene,阿特加泽内
BK Skonto,斯康托篮球俱乐部
Bakans,巴坎斯湖
Pārgaujas novads,帕高亞市鎮
Kocēnu novads,科采尼市镇
Kalvene,卡尔韦内站
Virbu pagasts,维尔比堂区
Zīlāni,兹拉尼
Daugavas stadions,道加瓦体育场
Lilaste,利拉斯泰河
Latvijas Ģeotelpiskās informācijas aģentūra,拉脱维亚地理空间信息局
Mārupes novads,馬魯佩市鎮
Saskaņa,社会民主党“和谐”
Garkalnes novads,加爾卡爾內市鎮
Ķekavas novads,基耶卡瓦市镇
Tērvetes novads,泰爾韋泰市鎮
Dole,多莱站
Saulkalne,绍尔卡尔内站
Ciemupe,茨埃姆佩站
Muldakmens,穆尔达克门斯站
Aarzemnieki,祖先合唱團
Stopiņu novads,斯托皮尼市鎮
Dundagas novads,敦達加市鎮
Preiļu novads,普雷利市鎮
Krustpils novads,克魯斯特皮爾斯市鎮
Līvānu novads,利瓦尼市鎮
Strenču novads,斯特倫奇市鎮
Priekuļu novads,普里埃庫利市鎮
Skrīveru novads,斯克里韋里市鎮
Kremerata Baltica,波罗的海的克雷梅拉塔
Madonas novads,馬多納市鎮
Siguldas viduslaiku pils,錫古爾達中世紀城堡
Rīgas dome,里加市政府
Engures novads,恩古雷市鎮
Skulte,斯库尔泰
Krievu-Baltijas vagonu rūpnīca,羅斯-波羅的運輸工廠
Zemgales reģions,澤姆加爾計畫區
Priekules novads,普列庫萊市鎮
Mālpils novads,馬爾皮爾斯市鎮
Komunistiskā terora upuru piemiņas vieta Torņakalnā,托尔尼亚卡尔内斯共产主义恐怖受害者纪念碑
Vecumnieku novads,舊烏姆涅基市鎮
Sējas novads,塞亞市鎮
Ozolnieku novads,奧佐爾涅基市鎮
Jaunais Vilnis,新波浪
Saldus novads,薩爾杜斯市鎮
Rūjienas novads,魯伊耶納市鎮
dzelzceļa līnija Zemitāni—Skulte,泽米塔尼－斯库尔特鐵路
Latvijas demogrāfija,拉脫維亞人口
Zolitūde,佐利图代站
Zasulauks,扎苏劳克斯站
Rīgas satiksme,里加交通
Mazsalacas novads,馬茲薩拉察市鎮
Jāņu siers,亞尼奶酪
Mērsraga novads,梅爾斯拉格斯市鎮
Sventāja,什文托伊河
Svēte,什韋特河
Talsu novads,塔爾西市鎮
Roja,罗亚河
Ogres novads,奧格雷市鎮
Jaunpiebalgas novads,新皮耶巴爾加市鎮
Grobiņas novads,格羅比尼亞市鎮
Papes ezers,帕佩斯湖
Vaboles pagasts,瓦博莱堂区
Apes novads,阿佩市鎮
12. Saeimas vēlēšanas,2014年拉脫維亞國會選舉
Līksnas pagasts,利克斯纳堂区
Olaines novads,奧萊內市鎮
Rīgas metropolitēns,里加地铁
Spilves lidosta,斯皮尔韦机场
Kurzemes rajons,库尔泽梅区
Piltenes viduslaiku pils,皮爾泰內城堡
Latvijas Republikas Labklājības ministrija,拉脱维亚福利部长
autoceļš V1,V1公路
Celtnieks,采尔特涅克斯体育场
Cesvaines novads,采斯瓦伊內市鎮
Rīgas vēstures un kuģniecības muzejs,里加歷史和航海博物館
Aizputes novads,艾茲普泰市鎮
Ikšķiles novads,伊克什基萊市鎮
Kuldīgas novads,庫爾迪加市鎮
Iecavas novads,耶察瓦市鎮
Dagdas novads,達格達市鎮
Liepas muiža,利耶帕庄园
Rojas novads,羅亞市鎮
Krimuldas novads,克里穆爾達市鎮
Bauskas novads,包斯卡市鎮
Daugavpils lidosta,陶格夫匹尔斯国际机场
Latvijas Republikas Ministru kabinets,拉脫維亞政府
Cēsu viduslaiku pils,采西斯城堡
Kaķu nams,貓之屋
Carnikavas novads,察爾尼卡瓦市鎮
Terra Mariana,萬福瑪利亞的土地
Reverta,巴萊克斯銀行
Latgales reģions,拉特加爾計畫區
2016. gada Eiropas čempionāts cīņas sportā,2016年欧洲摔跤锦标赛
2015. gada Eiropas čempionāts basketbolā,2015年歐洲籃球錦標賽
Baltinavas novads,巴爾季納瓦市鎮
Latvijas Sabiedriskais medijs,拉脫維亞公共廣播電臺
Pārolaine,帕罗赖内
Salas novads,薩拉市鎮
latgalieši,拉特加利亞
Latvijas Republikas Satversmes tiesa,拉脱维亚宪法法院
islāms Latvijā,拉脫維亞伊斯蘭教
Koknese,科克内斯公国
Latvijas Etnogrāfiskais brīvdabas muzejs,拉脫維亞民族志露天博物館
Krievvalodīgie,东欧文化圈
Skrīveru pagasts,斯基韦鲁堂区
Košrags,科什拉格斯
Latvijas Jūras spēki,拉脫維亞海軍
Centra rajons,中央區
Torņakalns,托尔尼亚卡尔内斯
Kārsavas novads,卡爾薩瓦市鎮
Glūda,格卢达
Saeimas deputāts,拉脱维亚议会议员
Latvijas Mākslas akadēmija,拉脱维亚美术学院
Melnbārži,梅尔恩巴尔日
Mazā ģilde,小行会会所
Pitrags,皮特拉格斯
Rīgas Svētā Jāņa evaņģēliski luteriskā baznīca,聖約翰教堂
Toce,托切
Bērstele,贝尔斯泰莱
Daugavpils,陶格夫匹尔斯站
Rīgas Pasažieru stacija,里加中央車站
Zviedru vārti Vecrīgā,瑞典门
Riči,雷奇湖
Pieci.lv,拉托維亞第五臺
Elkšķene,埃尔克什基内站
Misa,米薩河
Latvijas rublis,拉脫維亞盧布
Eiropas autoceļš E264,欧洲E264公路
BK Liepājas Lauvas,利耶帕亞獅
Livonijas Kauss futbolā,利伏尼亞盃
Jaunjelgavas novads,新葉爾加瓦市鎮
Jāzepa Vītola Latvijas Mūzikas akadēmija,拉脱维亚约瑟夫·韦托音乐学院
Latvijas—Lietuvas robeža,拉脫維亞—立陶宛邊界
Juglas ezers,尤格拉斯湖
Sloka,斯洛卡
Ventspils,奧林比斯卡斯球場
Stabu iela,史塔布街
Omega,歐米茄反恐部隊
Zaķusala,扎求薩拉
Bulduri,布尔都里站
Rīgas plānošanas reģions,里加計畫區
Latvijas Republikas Iekšlietu ministrija,內政部
Infogram,Infogram
Daugavpils cietoksnis,陶格夫匹尔斯堡垒
Mazirbe,马济尔贝
Sīkrags,斯基克拉格斯
Kalvenes stacija,卡尔韦内斯车站
autoceļš V3,V3公路
autoceļš V2,V2公路
Alberta iela,阿尔伯特街
Latvijas karogu uzskaitījums,拉脫維亞旗幟列表
Riga FC,里加足球俱樂部
FK Venta,文塔足球俱乐部
Jaunais Rīgas teātris,新里加劇場
Valmieras Drāmas teātris,瓦尔米耶拉剧场
2. tramvaju maršruts,陶格夫匹尔斯电车2号线
Latvijas—Krievijas robeža,俄拉边境
Latvijas U-21 futbola izlase,拉脫維亞21歲以下國家足球隊
Ādažu novads,阿达日市镇
2015. gada Latvijas prezidenta vēlēšanas,2015年拉脫維亞總統選舉
1. tramvaju maršruts,陶格夫匹尔斯电车1号线
3. tramvaju maršruts,陶格夫匹尔斯电车3号线
REF Holdings,REF Holdings
Latvijas Izpildītāju un producentu apvienība,拉脫維亞音樂製造商協會
Biznesa augstskola "Turība",图里巴大学
Lielās Ģildes nams,大行会会所
Marienburgas pils,阿卢克斯内城堡
Cesvaines pils,采斯瓦伊內宮
Daugavas stadions,道加瓦体育场
Rīgas Zooloģiskais dārzs,里加動物園
Pļaviņu HES,普拉维纳斯水电站
Usmas stacija,乌斯马斯斯塔茨亚
Latvija 2016. gada Vasaras Olimpiskajās spēlēs,2016年夏季奧林匹克運動會拉脫維亞代表團
Ainažu bāka,艾纳日灯塔
Zilupes novads,濟盧佩市鎮
Latvijas Republikas Aizsardzības ministrija,拉脫維亞國防部
Ventspils lidosta,文茨皮尔斯机场
Amber Latvijas balzams,拉脱维亚巴尔扎姆斯
Ulmaņa apvērsums,1934年政變
Sarja,薩良卡河
Bebrenes muiža,贝布雷内庄园
Siguldas Jaunā pils,錫古爾達城堡
Lībiešu krasts,立窝尼亚海岸
Alojas novads,阿洛亞市鎮
Svētā Jura baznīca,聖喬治教堂
Gaujiena,高伊耶纳
Latvijas plānošanas reģioni,拉脫維亞計畫區
Jelgavas akadēmiskā ģimnāzija,叶尔加瓦学院
Latvijas kultūra,拉脫維亞文化
Aizsargi,拉脫維亞衛士團
Ķemeri,基耶梅里
Rīgas osta,里加港
Liepājas Universitāte,利耶帕亚大学
13. Saeimas vēlēšanas,2018年拉脫維亞議會選舉
Alūksnes novads,阿盧克斯內市鎮
Zunds,尊达运河
Vilksala,维尔克萨拉
Uši,乌希
Latvija 2022. gada ziemas olimpiskajās spēlēs,2022年冬季奥林匹克运动会拉脱维亚代表团
Latvija 2020. gada vasaras olimpiskajās spēlēs,2020年夏季奥林匹克运动会拉脱维亚代表团
Pūres stacija,普雷斯车站
Latvija 2024. gada vasaras olimpiskajās spēlēs,2024年夏季奥林匹克运动会拉脱维亚代表团
Pierīgas statistiskais reģions,外里加
plašsaziņas līdzekļi Latvijā,拉脱维亚媒体
autoceļš V6,V6公路
Dēņu strauts,代努河
Krimelde,克里梅尔德河
Lašupīte,拉舒皮泰河
Latvija 2018. gada ziemas olimpiskajās spēlēs,2018年冬季奥林匹克运动会拉脱维亚代表团
Centrālā statistikas pārvalde,拉脱维亚中央统计局
Alūksnes Jaunā pils,阿卢克斯内新城堡
Muzejs "Rīgas Jūgendstila centrs",里加新艺术博物馆
Dižilmāja,季日尔马亚
Mazilmāja,马济尔马亚
Baltu balva,波羅的獎
Joom,Joom
14. Saeimas vēlēšanas,2022年拉脫維亞議會選舉
2019. gada Eiropas Parlamenta vēlēšanas Latvijā,2019年歐洲議會選舉
EU/EEA Citizen,歐盟/EEA公民
SK Super Nova,SK超级星
COVID-19 pandēmija,2019冠狀病毒病疫情
2020. gads Latvijā,2020年拉脫維亞
Mārtiņš Kazāks,马丁斯·卡扎克斯
Jēkabpils novads,葉卡布皮爾斯市鎮
Krāslavas novads,克拉斯拉瓦市鎮
COVID-19 pandēmija Latvijā,2019冠狀病毒病拉脫維亞疫情
Kuldīgas novads,庫爾迪加市鎮
Limbažu novads,林巴日市鎮
Ludzas novads,盧扎市鎮
COVID-19 pandēmija Eiropā,2019冠状病毒病欧洲疫情
Jelgavas novads,葉爾加瓦市鎮
Preiļu novads,普雷利市鎮
Ropažu novads,罗帕日市镇
Rēzeknes novads,雷澤克內市鎮
Saldus novads,薩爾杜斯市鎮
Saulkrastu novads,紹爾克拉斯蒂市鎮
Siguldas novads,錫古爾達市鎮
Dienvidkurzemes novads,南库尔泽梅市镇
Dobeles novads,多貝萊市鎮
Aizkraukles novads,艾茲克勞克萊市鎮
Augšdaugavas novads,上道加瓦市镇
Madonas novads,馬多納市鎮
Mārupes novads,马鲁佩市镇
Ogres novads,奧格雷市鎮
Ojāra Vācieša iela,欧雅拉瓦切沙街
Valmieras novads,瓦尔米耶拉市镇
Ādažu novads,阿達日市鎮
Ķekavas novads,基耶卡瓦市镇
Cēsu novads,采西斯市鎮
Balvu novads,巴爾維市鎮
Bauskas novads,包斯卡市鎮
Jaunā Vienotība,新团结党
Smiltenes novads,斯米爾泰內市鎮
Talsu novads,塔爾西市鎮
Tukuma novads,圖庫姆斯市鎮
Līgciems,利格茨埃姆
Ķīnas Tautas Republikas vēstniecība Rīgā,中华人民共和国驻拉脱维亚共和国大使馆
digitālā euro,欧洲数字
2023. gads Latvijā,2023年拉脫維亞
Līga Meņģelsone,莉加·梅尼杰尔索内