Zygmunt I Stary,齐格蒙特一世
Krzysztof Kieślowski,克日什托夫·基斯洛夫斯基
Andrzej Wajda,安德烈·華依達
Kazimierz II Sprawiedliwy,卡齐米日二世
Kazimierz III Wielki,卡齐米日三世
Władysław III Laskonogi,瓦迪斯瓦夫三世·(大波兰)
Władysław II Wygnaniec,瓦迪斯瓦夫二世·(西里西亞)
Władysław I Herman,瓦迪斯瓦夫一世·赫爾曼
Przemysł II,普熱梅斯瓦夫二世
Leszek Czarny,萊謝克二世
Konrad I mazowiecki,康拉德一世·(馬佐夫舍)
Laurent Koscielny,羅倫·哥斯尼
Lech Kaczyński,萊赫·卡欽斯基
Zbigniew Zamachowski,齊伯尼·查馬修瓦斯基
Otylia Jędrzejczak,奥蒂利娅·延杰伊恰克
Aleksander Kwaśniewski,亞歷山大·克瓦希涅夫斯基
Agata Kulesza,阿嘉塔·庫雷札
Zygmunt Chychła,齐格蒙特·黑赫瓦
Tomasz Wylenzek,托马什·维伦热克
Bogdan Musiol,波格丹·穆肖乌
Donald Tusk,唐納德·圖斯克
Tadeusz Reichstein,塔德乌什·赖希施泰因
Julius Axelrod,朱利叶斯·阿克塞尔罗德
Alana Beard,阿兰娜·比尔德
Lech Wałęsa,莱赫·瓦文萨
Marian Woronin,马里安·沃罗宁
Ryszard Kaczorowski,雷沙尔德·卡丘罗夫斯基
Wojciech Jaruzelski,沃伊切赫·雅鲁泽尔斯基
Stanisław Ostrowski,斯坦尼斯瓦夫·奥斯特洛夫斯基
Leszek Miller,莱舍克·米莱尔
Franciszek Macharski,方濟各·馬哈爾斯基
Jerzy Buzek,耶日·布澤克
Edward Bernard Raczyński,爱德华·伯纳德·拉陈斯基
Stanisław Wojciechowski,斯坦尼斯瓦夫·沃伊切霍日夫斯基
Władysław Raczkiewicz,瓦迪斯瓦夫·拉茨凯维奇
August Zaleski,奥古斯特·扎勒斯基
Jan Krzysztof Bielecki,扬·克日什托夫·别莱茨基
Marek Belka,马雷克·贝尔卡
Jan Paweł II,若望保祿二世
Emil Hirschfeld,埃米尔·希施费尔德
Jarosław Kaczyński,雅罗斯瓦夫·卡钦斯基
Tomasz Majewski,托马什·马耶夫斯基
Zbigniew Boniek,日比格涅夫·博涅克
Paul Baran (informatyk),保羅·巴蘭
Przemysław Prusinkiewicz,普热梅斯瓦夫·普鲁辛凯维奇
Raymond Kopa,雷蒙·科帕
Leon Jogiches,列奥·约基希斯
Marcin Możdżonek,馬爾欽·莫兹德兹雷克
Jennifer Suhr,詹尼弗·蘇爾
Eugen Polanski,欧根·波兰斯基
Stanisław Lem,史坦尼斯瓦夫·萊姆
Anita Włodarczyk,安妮塔·沃達爾奇克
Tadeusz Mazowiecki,塔德乌什·马佐维耶茨基
Maria Skłodowska-Curie,玛丽·居里
Kazimierz Marcinkiewicz,卡齐米日·马尔钦凯维奇
Waldemar Pawlak,瓦尔德马·帕夫拉克
Hanna Suchocka,汉娜·苏霍茨卡
Michał Jeliński,米哈乌·耶林斯基
Zygmunt Smalcerz,齐格蒙特·斯马尔采日
Małgorzata Bela,瑪高莎·貝拉
Andrzej Majewski (aforysta),安德烈·马耶夫斯基
Andrzej Sypytkowski,安杰伊·瑟佩特科夫斯基
Bezprym,貝斯普里姆
Anna Rybicka (florecistka),安娜·雷比茨卡
Andrzej Szeptycki,安德略·蕭普提斯基
Piotr Kiełpikowski,彼得·凯乌皮科夫斯基
Ryszard Sobczak,理夏德·索布恰克
Jarosław Rodzewicz,雅罗斯瓦夫·罗泽维奇
Anni Friesinger-Postma,安妮·弗里辛格-波斯特马
Wojtek Wolski,沃伊泰克·沃尔斯基
Zygmunt Anczok,齐格蒙特·安乔克
Bolesław Prus,博莱斯瓦夫·普鲁斯
Adam Kszczot,亚当·克什乔特
Suzanna von Nathusius,蘇珊娜·馮·納特修斯
Stephanie Kwolek,斯蒂芬妮·克沃勒克
Kazimierz Funk,卡西米尔·冯克
Ryszard Szurkowski,理夏德·舒尔科夫斯基
Jerzy Janowicz,傑西·雅諾維茨
Edward Strasburger,爱德华·斯特拉斯伯格
Charles Kowal,查爾斯·科瓦爾
Tomasz Wałdoch,托马什·瓦乌多赫
Radosław Kawęcki,拉多斯瓦夫·卡域斯基
Katarzyna Piter,卡塔日娜·皮特尔
Menachem Begin,梅纳赫姆·贝京
Lukas Podolski,卢卡斯·波多尔斯基
Henryk Kasperczak,亨里克·卡斯佩尔恰克
Arkadiusz Milik,阿卡迪烏什·米利克
Kamil Glik,卡米爾·格里克
Wojciech Smarzowski,沃伊切赫·斯馬喬夫斯基
Karol Radek,卡尔·拉狄克
Isaac Bashevis Singer,艾薩克·巴什維斯·辛格
Adam Kokoszka,亞當·科科斯卡
Adam Korol,亚当·科罗尔
Adam Maida,亞當·梅達
Adam Krzesiński,亚当·克热辛斯基
Barbara Wolnicka,芭尔芭拉·沃尔尼茨卡-谢夫奇克
Magdalena Mroczkiewicz,玛格达莱娜·姆罗奇凯维奇
Radosław Sikorski,拉多斯瓦夫·西科尔斯基
Victor Klemperer,维克多·克伦佩勒
Mieszko II Lambert,梅什科二世
Józef Gosławski,约瑟夫·高斯瓦夫斯基
Lestek,萊謝克
Adam Mickiewicz,亚当·密茨凯维奇
Robert Lewandowski,罗伯特·莱万多夫斯基
Łukasz Fabiański,烏卡什·法比安斯基
Miroslav Klose,米罗斯拉夫·克洛泽
Benoît Mandelbrot,本華·曼德博
Jakub Błaszczykowski,雅库布·布瓦什奇科夫斯基
Anna Maria Jopek,安娜·瑪莉亞·約佩克
Adam Sandurski,亚当·桑杜尔斯基
Adam Robak,亚当·罗巴克
Adam Rapacki (polityk),阿达姆·拉帕茨基
Marcel Reich-Ranicki,马塞尔·莱希-拉尼基
Stanisław Ryłko,斯坦尼斯瓦夫·里尔科
Herkules Dembowski,埃尔科莱·登博夫斯基
Magdalena Cielecka,玛格达莱娜·切莱茨卡
Cezary Siess,采扎里·谢斯
Marian Sypniewski,马里安·瑟普涅夫斯基
Rob Van Dam,羅伯·凡·達姆
Robert Felisiak,罗伯特·费利西亚克
Filip Adamski,菲利普·亚当斯基
Czesław Miłosz,切斯瓦夫·米沃什
Samuel Eilenberg,塞缪尔·艾伦伯格
Maria Andegaweńska,瑪麗亞一世·(匈牙利)
Henryk Sienkiewicz,亨利克·显克微支
Łukasz Piszczek,盧卡斯·皮什切克
Władysław Sikorski,瓦迪斯瓦夫·西科尔斯基
Georges Charpak,乔治·夏帕克
Irena Sendlerowa,伊雷娜·森德勒
Krzysztof Penderecki,克里斯托弗·潘德列茨基
Adam Wiercioch,亚当·维尔乔赫
Wisława Szymborska,維斯瓦娃·辛波絲卡
Kazimierz Nycz,加西彌祿·內茲
Ludwik Hirszfeld,路德维克·希尔斯菲尔德
Bronisław Komorowski,布羅尼斯瓦夫·科莫羅夫斯基
Marcin Baszczyński,马尔钦·巴什琴斯基
Adrian Mierzejewski,阿德里安·梅澤耶夫斯基
Jerzy Skolimowski,耶日·斯科利莫夫斯基
Bronisław Geremek,布罗尼斯瓦夫·盖莱梅克
Leonid Hurwicz,里奥尼德·赫维克兹
Roman Polański,羅曼·波蘭斯基
Sebastian Boenisch,塞巴斯蒂安·伯尼施
Jerzy Popiełuszko,耶日·波比耶乌什科
Bolesław II Szczodry,波列斯瓦夫二世
Bolesław IV Kędzierzawy,波列斯瓦夫四世
Witold Lutosławski,维托尔德·卢托斯瓦夫斯基
Władysław Szpilman,瓦迪斯瓦夫·斯皮爾曼
Adolf Schulz-Evler,阿道夫·舒尔茨-埃夫勒
John Tavares,约翰·塔瓦雷斯
Leszek Kołakowski,莱谢克·科拉科夫斯基
Adam Zagajewski,亚当·扎加耶夫斯基
Jakub Świerczok,雅庫布·希維爾喬克
Cezary Wilk,塞萨里·威尔克
Bolesław V Wstydliwy,波列斯瓦夫五世
Daniel Libeskind,丹尼爾·里伯斯金
Jan I Olbracht,扬一世·阿尔布雷赫特
Kazimierz I Odnowiciel,卡齊米日一世
Zygmunt Bauman,齐格蒙特·鲍曼
Magdalena Abakanowicz,玛格达莱娜·阿巴卡诺维奇
Romain Gary,罗曼·加里
Stanisław Dziwisz,斯坦尼斯瓦夫·济维齐
Krystian Zimerman,克里斯蒂安·齐默尔曼
Emmanuel Olisadebe,埃曼努埃尔·奥利萨德贝
Jerzy Spława-Neyman,耶日·内曼
Tomasz Sikora (biathlonista),托马什·西科拉
Maciej Lampe,马齐·兰佩
Andrzej Szarmach,安杰伊·沙尔马赫
Tomasz Kucharski,托马什·库哈尔斯基
Karol Kłos,卡羅爾·克沃斯
Robert Kubica,罗伯特·库比卡
Marian Rejewski,马里安·雷耶夫斯基
Sławomir Skrzypek,斯瓦沃米尔·斯克日普克
Marcin Matkowski,馬辛·麥考斯基
Roman Ingarden,罗曼·英伽登
Edward Ochab,爱德华·奥哈布
Bohdan Andrzejewski,博赫丹·安杰耶夫斯基
Henryk Gulbinowicz,亨利·羅曼·古爾比諾維茨
Bartłomiej Jaszka,巴特沃梅伊·亚什卡
Wojciech Bartnik,沃伊切赫·巴尔特尼克
Jakub Wujek,波蘭語版聖經（全譯本）
Savielly Tartakower,萨维利·塔塔科维
Zbigniew Herbert,齊別根紐·赫伯特
Bartosz Kurek,巴爾托斯·庫雷克
Bartosz Soćko,巴尔托什·索科
Kazimierz Kuratowski,卡齐米日·库拉托夫斯基
Siemomysł (książę Polan),謝莫米斯烏
Jan Lisiecki,扬·利谢茨基
Marek Saganowski,馬雷克·薩加諾斯基
Rafał Wolski (piłkarz),拉法爾·沃爾斯基
Artur Siódmiak,阿图尔·休德米亚克
Alfred Wierusz-Kowalski,阿尔弗雷德·科瓦尔斯基
Marcin Gortat,马尔钦·戈塔特
Benedykt Kocot,贝内迪克特·科措特
Bartłomiej Tomczak,巴特沃梅伊·托姆恰克
Przemysław Wacha,普热梅斯瓦夫·瓦查
Mateusz Kusznierewicz,马特乌什·库什涅雷维奇
Bogdan Golik,波格丹·高力克
Aleksander Tansman,亚历山大·汤斯曼
Krzysztof Lijewski,克日什托夫·利耶夫斯基
Janusz Zarenkiewicz,雅努什·扎伦凯维奇
Krzysztof Putra,克日什托夫·普特拉
Bolesław Piasecki,波列斯瓦夫·皮亞塞基
Chamique Holdsclaw,沙米克·霍尔兹克劳
Paweł Baraszkiewicz,帕韦乌·巴拉什凯维奇
Bruno Rodzik,布魯諾·羅茲克
Wojciech Łobodziński,沃伊切赫·洛博津斯基
Tadeusz Brzeziński (dyplomata),塔德乌什·布热津斯基
Marek Galiński (kolarz),馬雷克·加林斯基·(單車手)
Mariusz Jurasik,马里乌什·尤拉西克
Stefan Wyszyński,斯德望·維辛斯基
Władysław Anders,瓦迪斯瓦夫·安德斯
Zbigniew Jaremski,兹比格涅夫·雅雷姆斯基
Zbigniew Kaczmarek (sztangista),兹比格涅夫·卡奇马雷克
Zbigniew Gut,兹比格涅夫·古特
Zbigniew Bartman,茲比格紐·巴特曼
Zawisza Czarny z Garbowa,黑扎維沙
Mieczysław Rakowski,米奇斯瓦夫·拉科夫斯基
Zbigniew (polski książę),茲比格涅夫·(波蘭)
Zbigniew Messner,兹比格涅夫·梅斯内尔
Olivia Smoliga,奥利维娅·斯莫利加
Adam Michnik,亚当·米奇尼克
Henryk Petrich,亨里克·佩特里赫
Antoni Karwowski,安东尼·卡沃斯基
Marian Dudziak,马里安·杜齐亚克
Mirosław Hermaszewski,米羅斯瓦夫·赫爾曼謝夫斯基
Mariusz Jop,馬柳斯·約普
Władysław Stasiak,瓦迪斯瓦夫·斯塔夏克
Marek Dopierała,马雷克·多皮耶拉瓦
Adam Seroczyński,亚当·塞罗琴斯基
Beata Sokołowska-Kulesza,贝娅塔·索科沃夫斯卡-库莱沙
Marek Łbik,马雷克·乌比克
Janusz Kamiński (operator filmowy),亞努斯·卡明斯基
Bernard świdnicki,希維德尼察的伯納德
Teodor Leszetycki,提奥多·莱谢蒂茨基
Grzegorz Schetyna,格热戈日·谢蒂纳
Zbigniew Pietrzykowski,兹比格涅夫·皮耶奇科夫斯基
Zbigniew Preisner,泽贝纽·普莱斯纳
Zdzisław Beksiński,濟斯瓦夫·貝克辛斯基
Zdzisław Krzyszkowiak,兹齐斯瓦夫·克日什科维亚克
Janusz Kusociński,雅努什·库索钦斯基
Kazimierz Lipień,卡齐米日·利平
Robert Biedroń,罗伯特·比德隆
Emerson Fittipaldi,埃默松·菲蒂帕尔迪
Stanisława Walasiewicz,斯坦尼斯瓦娃·瓦拉谢维奇
Krzysztof Matyjaszewski,克日什托夫·马蒂亚谢夫斯基
Michał Jurecki,米哈乌·尤雷茨基
Artur Rubinstein,阿图尔·鲁宾斯坦
Bartosz Jurecki,巴尔托什·尤雷茨基
Ryszard Katus,理夏德·卡图斯
Piotr Świerczewski,彼得·希维尔切夫斯基
Éric Srecki,埃里克·斯雷基
Jan Gottlieb Bloch,扬·戈特利布·布洛赫
Henryk VIII legnicki,亨里克八世·(萊格尼察)
Sebastián Setti,施巴斯坦·薛迪
Rafał Szukała,拉法乌·舒卡瓦
Radosław Majewski,拉多斯瓦夫·马耶夫斯基
Dan Dickau,丹·迪考
Rudolf Weigl,鲁道夫·魏格尔
Stanisław Jaśkowski,斯坦尼斯瓦夫·亚希科夫斯基
Nâzım Hikmet,納欣·希克美
Radosław Wojtaszek,拉多斯瓦夫·沃伊塔泽克
Harald Konopka,哈拉尔德·科诺普卡
Lukas Sinkiewicz,盧卡斯·辛基維奇
Sławomir Zawada,斯瓦沃米尔·扎瓦达
Wojciech Szczęsny,沃伊切赫·什琴斯尼
Jerzy Brzęczek,耶日·布任切克
Antoni Szymanowski,安东尼·希马诺夫斯基
Roman Ogaza,罗曼·奥加扎
Tomasz Tłuczyński,托马什·特武琴斯基
Robert Sycz,罗伯特·瑟奇
Wacław płocki,普沃茨克的瓦茨拉夫
Kamila Augustyn,卡米拉·奥古斯丁
Karol Joseph Bobko,卡罗尔·鲍勃科
Jerzy Rybicki,耶日·雷比茨基
Jacek Majchrowski,亚切克·马赫罗夫斯基
Marek Grechuta,马雷克·格雷彻塔
Paweł Golański,帕維烏·戈蘭斯基
Zenon Jaskuła,泽农·亚斯库瓦
Zenon Licznerski,泽农·利奇内尔斯基
Łeonid Krawczuk,列昂尼德·克拉夫丘克
Michał Żyro,米切爾·佐羅
Mariusz Fyrstenberg,馬利尤斯·費騰柏格
Józef Grudzień,约瑟夫·格鲁津
Piotr Stępień (zapaśnik),彼得·斯滕平
Israel Epstein,伊斯雷尔·爱泼斯坦
Paul Zielinski,保罗·杰林斯基
Bohdan Paczyński,玻丹·帕琴斯基
Franciszek Gąsienica Groń,弗朗齐歇克·贡谢尼察·格龙
Marcin Lewandowski,马尔钦·莱万多夫斯基
Damian Janikowski,达米扬·雅尼科夫斯基
Damian Wleklak,达米安·弗莱克拉克
Tomasz Wójtowicz,托马什·武伊托维奇
Józef Czapski,约瑟夫·恰普斯基
Aleksander Kłak,亚历山大·克瓦克
Czesław Młot-Fijałkowski,切斯瓦夫·姆沃特-菲亚乌科夫斯基
Ignacy Jan Paderewski,伊格纳奇·扬·帕德雷夫斯基
Wacław Niżyński,瓦斯拉夫·弗米契·尼金斯基
Jerzy Dudek,耶日·杜德克
Jon Johansen,约恩·莱克·约翰森
Arkadiusz Onyszko,阿尔卡迪乌什·奥内什科
Ryszard Kubiak,理夏德·库比亚克
Czesław Lang,切斯瓦夫·兰格
Anna Jagodzińska,安娜·雅高冼思嘉
Mitch Kupchak,米契·庫普恰克
Wojciech Zabłocki,沃伊切赫·扎布沃茨基
Marek Leśniewski,马雷克·莱希涅夫斯基
Wojciech Kurtyka,歐特克·克提卡
Tomasz Motyka,托马什·莫蒂卡
Dariusz Adamczuk,达留什·亚当丘克
Artur Boruc,阿尔图尔·博鲁茨
Mateusz Skutnik,马修·斯库尼克
Bob Kurland,鲍勃·库兰
Tadeusz Dembończyk,塔德乌什·德姆邦奇克
Jan Szczepański (bokser),扬·什切潘斯基
Łukasz Moreń,卢卡斯·莫伦
Wojciech Szkudlarczyk,沃伊切赫·苏库德拉尔塞克
David Seymour (fotoreporter),大衛·西蒙
Benedykt Dybowski,本內迪科特·迪波夫斯基
Szymon Askenazy,西蒙·阿什肯納茲
Henryk Iwaniec,亨里克·伊萬尼克
Adrian Zieliński (sztangista),阿德里安·杰林斯基
Leszek Drogosz,莱谢克·德罗戈什
Hilary Koprowski,希拉里·科普罗夫斯基
Józef Lipień,约瑟夫·利平
Brunon Bendig,布鲁农·本迪格
Jerzy Adamski (bokser),耶日·亚当斯基
Bernard Ormanowski,贝纳德·奥尔马诺夫斯基
Dariusz Gęsior,达留什·根肖尔
Dariusz Szubert,达留什·舒伯特
Doda (piosenkarka),多罗塔·拉布切夫斯卡
Grzegorz Mielcarski,格热戈日·梅尔察尔斯基
Tomasz Frankowski,托马什·弗兰库斯基
Kazimierz Bartel,卡齐米日·巴尔泰尔
Konrad Niedźwiedzki,康拉德·涅季维兹基
Radosław Zawrotniak,拉多斯瓦夫·扎夫罗特尼亚克
Hubert Skrzypczak,胡贝特·斯克日普恰克
Dawid Kubacki,達維德·庫巴茨基
Piotr Szulkin,皮奧特爾·舒爾金
Wojciech Kowalczyk,沃伊切赫·科瓦尔奇克
Jacob Leib Talmon,雅各布·托曼
Ludomir Chronowski,卢多米尔·赫罗诺夫斯基
Alfred Tarski,阿尔弗雷德·塔斯基
Agnieszka Radwańska,阿格涅什卡·拉德萬斯卡
Adam Małysz,亚当·马维什
Andrzej Gołota,安杰伊·戈沃塔
Krzysztof Ławrynowicz,克希什托夫·拉夫里诺维奇
Robert Acquafresca,罗伯特·阿夸弗雷斯卡
Dariusz Ławrynowicz,达留什·拉夫里诺维奇
Dariusz Wosz,达留什·沃什
Paweł Nastula,帕维乌·纳斯图拉
Bolesław III Rozrzutny,波列斯瓦夫三世·(西里西亞)
Jerzy Pawłowski (szermierz),耶日·帕夫沃夫斯基
Kamil Syprzak,卡米尔·瑟普扎克
Janusz Gortat,雅努什·戈尔塔特
Michał Winiarski,米扎爾·維尼阿爾斯基
Damien Perquis (ur. 1984),達米恩·佩爾基
Adam Zamoyski (historyk),亚当·扎莫伊斯基
Kazimierz Fajans,卡西米爾·法揚斯
Kazimierz Barburski,卡齐米日·巴尔布尔斯基
Joanna Fiodorow,乔安娜·费奥多罗
Alain Finkielkraut,阿兰·芬基尔克罗
Jakub Rzeźniczak,雅庫布·澤斯尼查克
Piotr Pustelnik,皮奥特·皮斯代尔尼克
Lucjan Lis,卢茨扬·利斯
Maurycy Lilien,以法蓮·摩西·利立
Nikolai Topor-Stanley,尼古拉·杜普史丹利
Maria Kaczyńska,玛丽亚·卡钦斯卡
Boris Sawinkow,鲍里斯·维克托罗维奇·萨温科夫
Łukasz Żygadło,盧卡斯·兹伊加德羅
Łukasz Szukała,盧卡什·蘇卡拉
Friedrich von Beust,弗里德里希·費迪南德·馮·貝斯特
Ryszard Podlas,理夏德·波德拉斯
Leszek Dunecki,莱谢克·杜内茨基
Janusz Sidło,雅努什·西德沃
Carl Yastrzemski,卡尔·雅泽姆斯基
Józef Rotblat,约瑟夫·罗特布拉特
Sławomir Peszko,斯拉沃米爾·佩什科
Arkadiusz Skrzypaszek,阿尔卡迪乌什·斯克日帕谢克
Marian Szeja,马里安·谢亚
Ignacy Skorupka,斯科鲁普卡
Sylwia Bogacka,瑟尔维娅·博加茨卡
Wojciech Fortuna,沃伊切赫·福尔图纳
Aleksander Gierymski,亚历山大·吉列姆斯基
Janusz Kierzkowski,雅努什·凯日科夫斯基
Stanislaus Kobierski,斯坦尼斯劳斯·科别尔斯基
Szemu’el Noach Eisenstadt,什穆埃尔·诺厄·艾森施塔特
Andrzej Udalski,安杰伊·乌达尔斯基
Waldemar Sobota,瓦爾德馬·索博塔
Jean Graczyk,让·格拉奇克
Stanisław Skrowaczewski,斯坦尼斯瓦夫·斯克罗瓦切夫斯基
Ryszard Kapuściński,雷沙德·卡普钦斯基
Agata Wróbel,阿加塔·弗鲁贝尔
Agnieszka Wojtkowska,阿格涅什卡·维特科夫斯卡
Marcin Lijewski,马尔钦·利耶夫斯基
Waldemar Baszanowski,瓦尔德马·巴沙诺夫斯基
Konrad Czerniak,康拉德·科澤尼亞克
Michał Kwiatkowski (kolarz),米哈乌·克维亚特科夫斯基
Grzegorz Marek Michalski,格熱戈日·米哈爾斯基
Curtis Tomasevicz,柯蒂斯·托马塞维奇
Leopold Staff,利奥波德·斯塔夫
Artur Sobiech,阿图尔·索比希
Leon Pinsker,利奥·平斯克
Agnieszka Holland,阿格涅絲卡·霍蘭
Grażyna Bacewicz,格拉奇娜·巴切维茨
Pola Negri,波拉·内格里
Irena Szewińska,伊雷娜·谢温斯卡
Izabella Scorupco,依莎貝拉·絲科魯波
Paweł Zagumny,帕維烏·扎古姆內
Marek Kamiński (podróżnik),马雷克·卡明斯基
Tamara Łempicka,塔瑪拉·德·藍碧嘉
Maciej Kot,马切伊·科特
Tara Lipinski,塔拉·利平斯基
Anna Jagiellonka,安娜·雅蓋隆卡
Justyna Kowalczyk,尤斯蒂娜·科瓦尔奇克
Anna Rogowska,安娜·罗戈夫斯卡
Martha Stewart,瑪莎·史都華
Andrzej Kobylański,安杰伊·科贝兰斯基
Marcin z Opawy,奥帕瓦的马丁
Piotr Markiewicz,彼得·马尔凯维奇
Andrzej Lis,安杰伊·利斯
Włodzimierz Zawadzki (zapaśnik),沃齐米日·扎瓦兹基
Lesław Ćmikiewicz,莱斯瓦夫·奇米凯维奇
Rafał Piszcz,拉法乌·皮什奇
Robert Andrzejuk,罗伯特·安杰尤克
Marek Koźmiński,马雷克·科日明斯基
Robert Mateusiak,罗伯特·马特斯亚克
Michał Kucharczyk,米歇爾·庫恰爾切克
Kamila Skolimowska,卡米拉·斯科利莫夫斯卡
Anja Rubik,安嘉·魯貝克
Przemysław Miarczyński,普热梅斯瓦夫·米亚尔琴斯基
Oscar Lewicki,奧斯卡·萊維茨基
Tadeusz Mytnik,塔德乌什·梅特尼克
Stanisław Szozda,斯坦尼斯瓦夫·绍兹达
Kazimierz Kmiecik,卡齐米日·克梅奇克
Henryk Trębicki,亨里克·特伦比茨基
Sergiusz Wołczaniecki,塞尔吉乌什·沃乌恰涅茨基
Filip Peliwo,菲利普·佩利沃
Krzysztof Zwoliński,克日什托夫·兹沃林斯基
Barbara Wysoczańska,芭尔芭拉·维索钱斯卡
Ida Haendel,艾達·亨德爾
Elżbieta Krzesińska,埃尔日别塔·克热辛斯卡
Maria Dąbrowska,瑪麗亞·東布羅夫斯卡
Erich Juskowiak,埃里希·尤斯科维亚克
Maria Kwaśniewska,玛丽亚·克瓦希涅夫斯卡
Julian Marchlewski,尤利安·马尔赫莱夫斯基
Roman Bierła,罗曼·别尔瓦
Juliusz Słowacki,尤利烏什·斯沃瓦茨基
Halina Konopacka,哈利娜·科诺帕茨卡
Daria Werbowy,黛莉亞·維寶莉
Henryk Zygalski,亨里克·佐加尔斯基
Paweł Wszołek,帕韋烏·沃萊克
Wiesław Rudkowski,维斯瓦夫·鲁德科夫斯基
Torben Piechnik,杜賓·派尼克
Paweł Edmund Strzelecki,帕維爾·艾德蒙·斯特爵雷茨基
Aleksander mazowiecki,馬佐夫舍的亞歷山大
Karol Bielecki,卡罗尔·别莱茨基
Józef Pińkowski,约瑟夫·平科夫斯基
Alice Miller,愛麗絲·米勒
Edyta Górniak,艾迪塔·歌娳婭
Magdalena Tul,玛格达莉娜·图尔
Urszula Radwańska,厄蘇拉·拉德萬斯卡
Jakub Jarosz,雅庫布·雅羅什
Anna Fotyga,安娜·福蒂加
Tomasz Zahorski,托馬斯·扎霍斯基
Rafał Gliński,拉法乌·格林斯基
Jan Bochenek (sztangista),扬·博赫内克
Mieszko cieszyński,梅什科一世·(切申公爵)
Kazimierz I cieszyński,卡齊米日一世·(切申公爵)
Tadeusz Rut (lekkoatleta),塔德乌什·鲁特
Henryk Nielaba,亨里克·涅拉巴
Michał Butkiewicz (szermierz),米哈乌·布特凯维奇
Emil Ochyra,埃米尔·奥黑拉
Zygmunt Pawlas,齐格蒙特·帕夫拉斯
Piotr Nowakowski (siatkarz),皮奥特爾·諾瓦克沃斯基
Michał Ruciak,米扎爾·盧西亞克
Krzysztof Ignaczak,克爾兹伊斯茨托夫·伊格納兹扎克
Zbigniew Skrudlik,兹比格涅夫·斯克鲁德利克
Piotr Jabłkowski,彼得·雅布乌科夫斯基
Bogusław Zych,博古斯瓦夫·齐赫
Adam Lisewski,亚当·利塞夫斯基
Mariusz Strzałka,马里乌什·斯恰乌卡
Dagmara Wozniak,达格玛拉·沃伊尼亚克
Zygfryd Szołtysik,齐克弗里特·绍乌蒂西克
Euzebiusz Smolarek,尤泽比乌兹·斯莫拉雷克
Zygmunt Berling,齐格蒙特·贝林格
Zygmunt Maszczyk,齐格蒙特·马什奇克
Szymon Ziółkowski,希蒙·久乌科夫斯基
Józef Cyrankiewicz,约瑟夫·西伦凯维兹
Uri Orlew,尤里·奥莱夫
Marian Jaworski,瑪利亞諾斯·雅沃爾斯基
Martin Max,马丁·马克斯
Jan Jarkowski (inżynier),伊凡·亚尔科夫斯基
Marian Spychalski,马里安·斯彼哈尔斯基
Tadeusz Konwicki,塔德烏什·康維茨基
Heinrich Kwiatkowski,海因茨·克维亚特科夫斯基
Mateusz Ponitka,馬特烏什·波尼特卡
Ewa Kopacz,埃娃·科帕奇
Janusz Korwin-Mikke,雅努什·科尔温-米克
Aleksander Zawadzki,亚历山大·萨瓦茨基
Jerzy Klempel,耶日·克莱姆佩尔
Ireneusz Paliński,伊雷纽什·帕林斯基
Natalia Partyka,娜達莉雅·柏迪卡
Lucyna Langer-Kałek,卢齐娜·朗格尔
Anna świdnicka,安娜·希維德尼察
Luiza Złotkowska,路易莎·兹沃特科夫斯卡
Ludovic Obraniak,奧布拉尼亞克
Rafał Majka,拉法乌·马伊卡
Stefan Hula (ur. 1947),斯特凡·胡拉·(1947年)
Hubert Kostka,胡贝特·科斯特卡
Konrad Wasielewski,康拉德·瓦谢莱夫斯基
Teodor Kocerka,特奥多尔·科采尔卡
Artur Olech,阿图尔·奥莱赫
Tadeusz Kotarbiński,塔德乌什·柯塔宾斯基
Monika Soćko,莫妮卡·索科
Teresa Ciepły,特雷莎·切普维
Henryk Rozmiarek,亨里克·罗兹米亚雷克
Samo Chalupka,萨莫·哈卢普卡
Krystyna Skarbek,克里斯蒂娜·斯卡贝克
Kazimierz Paździor,卡齐米日·帕日焦尔
Marek Kolbowicz,马雷克·科尔博维奇
Jakub Wawrzyniak,雅库布·瓦夫日尼亚克
Denis Urubko,丹尼斯·纽博克
Wiesław Maniak,维斯瓦夫·马尼亚克
Alicja Rosolska,阿莉恰·罗索尔斯卡
Olga Tokarczuk,奧爾嘉·朵卡萩
Jarosława Jóźwiakowska,雅罗斯瓦娃·比耶达
Michael Klim,迈克尔·克利姆
Ryszard Parulski,理夏德·帕鲁尔斯基
Ewa Sonnet,伊娃·索內特
Grażyna Gęsicka,格拉日娜·杰西卡
Tomasz Radzinski,托马斯·拉津斯基
Basia,Basia
Janusz Szrom,亚努西·史罗坶
Jan Gmyrek,扬·格梅雷克
Ignacy Szyszyłowicz,伊格纳茨·冯·塞塞沃维奇
Tomasz Jodłowiec,托馬什·約托維奇
Stefan Kaczmarz,斯特凡·卡茨馬爾茲
Maciej Sadlok,馬切伊·薩德洛克
Henryk Wieczorek,亨里克·维乔雷克
Michał Łasko,米凱爾·拉斯科
Marian Zieliński,马里安·杰林斯基
Grzegorz Krychowiak,格里高兹·科里喬維亞克
Paweł Korzeniowski,帕维尔·科热尼奥夫斯基
Janina Fetlińska,雅尼纳·费特林斯卡
Jerzy Pietrzyk,耶日·皮耶奇克
Marian Foik,马里安·福伊克
Robert Gadocha,罗伯特·加多哈
Henryk XI głogowski,亨里克十一世·(格沃古夫)
Halina Górecka,哈利娜·古雷茨卡
Piotr Małachowski (lekkoatleta),彼得·马瓦霍夫斯基
Andrzej Panufnik,安德热·帕努夫尼克
Józef Lipski (dyplomata),約瑟夫·利普斯基
Katarzyna Bachleda-Curuś,卡塔日娜·巴赫莱达-楚鲁希
Magda Linette,瑪格達·蕾妮特
Władysław Stecyk,瓦迪斯瓦夫·斯泰齐克
Sławomir Szmal,斯瓦沃米尔·什马尔
Jerzy Giedroyc,耶日·盖德罗伊茨
Jake Kaminski,杰克·卡明斯基
Paweł Pawlikowski,帕维乌·帕夫利科夫斯基
Jadwiga Jagiellonka (1457–1502),雅德薇加·雅蓋隆卡·(1457-1502)
Helga Haase,黑尔佳·哈泽
Ewa Kłobukowska,埃娃·克沃布科夫斯卡
Maja Włoszczowska,马娅·沃什乔夫斯卡
Jadwiga Jagiellonka (1513–1573),雅德薇加·雅蓋隆卡·(1513-1573)
Jadwiga Wajsówna,雅德维加·瓦伊斯
Katarzyna Niedźwiedzka,卡塔日娜·沃伊尼亚克
Jan Tomaszewski (piłkarz),扬·托马谢夫斯基
Grzegorz Lato,格热戈日·拉托
Kazimierz Zimny,卡齐米日·齐姆内
Mateusz Bartel,马特乌什·巴特尔
Józef Świeżyński,约瑟夫·希维任斯基
Józef Zapędzki,约瑟夫·扎彭兹基
Sala Burton,萨拉·伯顿
Józef Wesołowski,若瑟·韋索沃夫斯基
Walery Antoni Wróblewski,瓦列里·符卢勃列夫斯基
Krystyna Janda,克雷斯蒂娜·扬达
Władysław Żmuda (ur. 1954),瓦迪斯瓦夫·日穆达
Barbara Sobotta,芭尔芭拉·索博塔
Stefan Hula (ur. 1986),斯特凡·胡拉·(1986年)
Marian Kasprzyk,马里安·卡斯普日克
Jan Werner (lekkoatleta),扬·维尔纳
Szymon Kołecki,希蒙·科韦茨基
Michel Jazy,米歇尔·雅齐
Leszek Błażyński,莱谢克·布瓦任斯基
Władysław Odonic,瓦迪斯瓦夫·歐登尼采
Mirosław Waligóra,米罗斯瓦夫·瓦利古拉
Roger Verey,罗歇·韦雷
Marek Bajor,马雷克·巴约尔
Piotr Mowlik,彼得·莫夫利克
Czesław Kwieciński,切斯瓦夫·克维钦斯基
Wolf Messing,沃尔夫·梅辛
Lech Koziejowski,莱赫·科杰约夫斯基
Janusz Pyciak-Peciak,雅努什·佩恰克-佩恰克
Robert Siatka,羅伯特·西亞特卡
Marcin Komorowski,馬爾欽·科莫羅夫斯基
Tomasz Łapiński,托马什·瓦平斯基
Aleksander Szczygło,亚历山大·什奇格沃
Dariusz Goździak,达留什·戈伊齐亚克
Joachim Lelewel,约阿希姆·莱莱韦尔
Małgorzata Szumowska,瑪寇札塔·叔莫斯卡
Piotr Jaroszewicz,彼得·雅罗谢维奇
Maciej Gołąb,馬齊·戈翁布
Mariusz Stępiński,马里乌什·斯滕平斯基
Nechama Tec,尼查马·泰克
Roman Opałka,罗曼·奥帕乌卡
Ludwik Silberstein,盧迪威格·席柏斯坦
Paula Kania-Choduń,保拉·卡妮雅
Wanda Wiłkomirska,万达·维乌科米尔斯卡
Sebastian Mila,塞巴斯蒂安·米拉
Witold Gombrowicz,維爾托德·貢布羅維奇
Krystyna Łybacka,克里斯蒂娜·维巴茨卡
Michał Przysiężny,米哈烏·柏茲西茲尼
Mariusz Wlazły,馬里烏斯·沃拉茲里
Monika Michalik,莫妮卡·米哈利克
Mariusz Jurkiewicz,马里乌什·尤尔凯维奇
Christopher Ferguson,克里斯托弗·弗格森
Stefan Liv,斯特凡·利夫
Jacek Wszoła,亚采克·弗绍瓦
Rafał Blechacz,拉法乌·布莱哈奇
Richard Pipes,理查德·派普斯
Artur Partyka,阿图尔·帕尔蒂卡
Tadeusz Ślusarski,塔德乌什·希卢萨尔斯基
Joanna Chmielewska,乔安娜·奇米勒斯卡
Józef Szmidt,约瑟夫·施密特
Maciej Łasicki,马切伊·瓦西茨基
Ryszard Staniek,理夏德·斯塔涅克
Tomasz Wieszczycki,托马什·维什奇茨基
Henryk Wawrowski,亨里克·瓦夫罗夫斯基
Mariusz Błaszczak,马里乌什·布瓦什恰克
Paweł Woicki,帕維爾·沃爾克基
Władysław Komar,瓦迪斯瓦夫·科马尔
Beata Poźniak,贝娅塔·波兹尼亚克
Joachim Halupczok,约阿希姆·哈卢普乔克
Katarzyna Pawłowska,凯瑟琳·帕弗沃夫斯卡
Tadeusz Rozwadowski,塔德烏什·約爾丹-羅茲瓦多夫斯基
Artur Wojdat,阿图尔·沃伊达特
Magdalena Piekarska,玛格达莱娜·皮耶卡尔斯卡-特瓦尔多赫尔
Jadwiga Barańska,雅德维加·巴兰斯卡
Czesław Kiszczak,切斯瓦夫·基什恰克
Oskar Lange,奥斯卡·朗格
Nadieżda Zięba,娜蒂斯达·希尔巴
Li Qian (polska tenisistka stołowa),李倩·(乒乓球运动员)
Bolesław I Wysoki,波列斯瓦夫一世·(西里西亞)
Moïse Kisling,莫伊斯·基斯林
Piotr Wyszomirski,彼得·维绍米尔斯基
Mateusz Jachlewski,马特乌什·亚赫莱夫斯基
Wolha Konan,奥尔佳·科农
Paweł Piwko,帕维乌·皮夫科
Marcin Wichary,马尔钦·维哈里
Patryk Kuchczyński,帕特里克·库赫琴斯基
Łukasz Pawłowski,武卡什·帕夫沃夫斯基
Andrzej Kazimierz Potocki,安杰伊·卡杰米日·波托茨基
Michał Rola-Żymierski,米哈尔·罗拉-日梅尔斯基
Layvin Kurzawa,利雲·古沙華
Leon Petrażycki,莱翁·彼得拉日茨基
Franciszek Gągor,弗朗齐谢克·贡戈尔
Audrys Bačkis,奧德里斯·若瑟·巴契基斯
Celina Jesionowska,采莉纳·耶肖诺夫斯卡
Halszka Osmólska,哈茲卡·奧斯穆斯卡
Urszula Kielan,乌尔舒拉·凯兰
Awraham Stern,亚伯拉罕·斯特恩
Agnieszka Wieszczek-Kordus,阿格涅什卡·维什切克-科尔杜斯
Sylwia Gruchała,瑟尔维娅·格鲁哈瓦
Michał Rogalski (badmintonista),麦克·罗加尔斯基
Jan Czochralski,扬·柴可拉斯基
Bartosz Bereszyński,巴托斯·貝雷辛內斯基
Leopold Infeld,利奧波德·英費爾德
Henryk Mikołaj Górecki,亨里克·戈雷茨基
Edward Śmigły-Rydz,爱德华·雷兹-希米格维
Emilia Plater,艾米利亚·普莱特
Ladislao Kubala,庫巴拉·拉迪斯勞
Wacław Sierpiński,瓦茨瓦夫·谢尔宾斯基
Roger Guerreiro,羅傑爾·蓋雷羅
Przemysław Tytoń,普热梅斯瓦夫·蒂通
Waldemar Malak,瓦尔德马·马拉克
Siemowit III,謝莫維特三世
Bryan Rabello,拉韦略
Marek Gołąb,马雷克·戈翁布
Kazimierz Czarnecki (sportowiec),卡齐米日·恰尔内茨基
Kamil Stoch,卡米尔·斯托赫
Krzysztof Kosedowski,克日什托夫·科塞多夫斯基
Robert Korzeniowski,罗伯特·科热尼奥夫斯基
Maciej Żurawski,馬歇伊·茹拉夫斯基
Kazimierz Nowak (podróżnik),卡齐米日·诺瓦克
Karol Borsuk,卡罗尔·博苏克
Hans Ziglarski,汉斯·齐格拉尔斯基
Bronisław Malinowski (sportowiec),布罗尼斯瓦夫·马利诺夫斯基
Thiago Cionek,蒂亞戈·西奥内克
Michał Łogosz,麦克·罗高斯
Robert Orzechowski,罗伯特·奥热霍夫斯基
Ludwik Waryński,卢德维克·瓦伦斯基
Ignacy Mościcki,伊格纳齐·莫希奇茨基
Mieczysław Najdorf,米格尔·纳依道夫
Marcin Wasilewski (piłkarz),馬爾欽·瓦西萊夫斯基
Samuel Reshevsky,塞缪尔·雷谢夫斯基
Mariusz Lewandowski,馬里烏什·萊萬多夫斯基
Aleksander Wolszczan,亞歷山大·沃爾茲森
Andrzej Sapkowski,安傑·薩普科夫斯基
Ryszard Wolny,理夏德·沃尔内
Aleksander Cichoń,亚历山大·齐洪
Grzegorz Tkaczyk,格热戈日·特卡奇克
Jerzy Kukuczka,捷西·库库奇卡
Edward Gierek,爱德华·盖莱克
Stanisław Wyspiański,斯坦尼斯拉夫·维斯皮安斯基
Henryk Szeryng,亨利克·谢林
Paweł Brożek,帕維烏·布羅熱克
Michał Kubiak (siatkarz),米扎爾·庫比亞克
Fryderyk I legnicki,腓特烈一世·(萊格尼察)
Ludwik I brzeski,路德維克一世·(布熱格)
Tomasz Kuszczak,湯馬士·古斯錫
Antoni Zajkowski,安东尼·扎伊科夫斯基
Jerzy Kulej,耶日·库莱伊
Grzegorz Kosok,格雷澤戈爾茨·科索克
Dariusz Dudka,達里烏斯·杜德卡
Paul Konchesky,保罗·孔切斯基
Władysław Kozakiewicz,瓦迪斯瓦夫·科扎凯维奇
Włodzimierz Lubański,沃齐米日·卢班斯基
Bartosz Bosacki,巴尔托什·博萨茨基
Michał Żewłakow,米哈爾·熱夫拉科夫
Piotr Szełochonow,彼得·伊拉里昂诺维奇·舍罗霍诺夫
Herschel Grynszpan,赫佐爾·格林斯潘
Jerzy Kaczmarek (szermierz),耶日·卡奇马雷克
Leszek Blanik,萊謝克·布拉尼克
Marek Dąbrowski (szermierz),马雷克·东布罗夫斯基
Horst Szymaniak,霍斯特·希马尼亚克
Andrzej Bartkowiak (filmowiec),安德瑞·巴寇亞克
Witold Woyda,维托尔德·沃伊达
Arkadiusz Godel,阿尔卡迪乌什·戈德尔
Jerzy Gorgoń,耶日·戈尔贡
Eddie Slovik,埃迪·斯洛維克
Rafał Lemkin,拉斐爾·萊姆金
Emanuel Ax,伊曼纽尔·艾克斯
Wojciech Fibak,沃伊切赫·菲巴克
Adam Matuszczyk,亞當·馬圖什奇克
Henryk Jabłoński,亨里克·雅布翁斯基
Witold Pilecki,威托德·皮雷茨基
Jacek Bąk (ur. 1973),雅塞克·巴克
Marcin Mroziński,马尔钦·米罗辛希
Solomon Asch,所罗门·阿希
Bogusław VIII,波吉斯瓦夫八世
Stanisław Kania,斯坦尼斯瓦夫·卡尼亞
Akiba Rubinstein,阿基巴·鲁宾斯坦
Marcin Kamiński (piłkarz),馬爾琴·卡明斯基
Kamil Grosicki,卡米爾·格羅西茨基
Jan Dołgowicz,扬·多乌戈维奇
Richard Nowakowski,里夏德·诺瓦科夫斯基
Matthias Ostrzolek,马蒂亚斯·奥斯特若莱克
Mieczysław Nowak (sztangista),米奇斯瓦夫·诺瓦克
Wojciech Kilar,沃伊切赫·基拉尔
Grzegorz Sandomierski,格熱戈日·山杜米爾斯基
Mieczysław Karłowicz,米奇斯拉夫·卡洛维茨
Aneta Konieczna,阿内塔·科涅奇纳
Egon Franke (szermierz),埃贡·弗兰克
Leopold Trepper,利奥波德·特雷伯
Konrad IV Starszy,康拉德四世·(奧萊希尼察)
Julia Michalska,尤利娅·米哈尔斯卡
Edward Barcik,爱德华·巴尔齐克
Magdalena Fularczyk-Kozłowska,玛格达莱娜·富拉尔奇克
Elwira Seroczyńska,埃尔维拉·塞罗琴斯卡
Eugeniusz Łazowski,尤金·拉佐斯基
Ewelina Ptak,埃韦利娜·普塔克
Ewa Trzebińska,埃娃·切宾斯卡
Maurycy Moszkowski,莫里茨·莫什科夫斯基
Andrzej Głąb,安杰伊·格翁布
Andrzej Grubba,安杰伊·格鲁巴
Andrzej Badeński,安杰伊·巴登斯基
Zbigniew Bródka,兹比格涅夫·布鲁德卡
Zofia Noceti-Klepacka,索非娅·克莱帕茨卡
Katarzyna Klata,卡塔日娜·克拉塔
Joanna Nowicka,约安娜·诺维茨卡
Józef Grzesiak (bokser),约瑟夫·格热夏克
Stanisław Dragan,斯坦尼斯瓦夫·德拉甘
Kazimierz Adach,卡齐米日·阿达赫
Helena Pilejczyk,海伦娜·皮莱伊奇克
Francis Smerecki,弗朗西斯·斯梅雷茨基
Franciszek Szymczyk,弗朗齐歇克·希姆奇克
Mieczysław Nowicki,米奇斯瓦夫·诺维茨基
Andrzej Skrzydlewski,安杰伊·斯克日德莱夫斯基
Kazimierz Kordylewski,卡齊米日·柯迪萊夫斯基
Edward Babiuch,爱德华·巴比乌赫
Jerzy Pilch,耶日·皮尔赫
Andrzej Jarosik,安杰伊·雅罗西克
Balthus,巴尔蒂斯
Jakub Słowik,雅庫布·斯沃維克
Bogdan Wenta,波格丹·文塔
Jan Kowalczyk (jeździec),扬·科瓦尔奇克
Mordechaj Anielewicz,莫德哈伊·阿涅萊維奇
Andrzej Juskowiak,安杰伊·尤斯科维亚克
Andrzej Żuławski,安德烈·左拉斯基
Kazimierz Dąbrowski (psycholog),卡齊米日·東布羅夫斯基
Grzegorz Nowak (wioślarz),格热戈日·诺瓦克
Piotr Paleczny,彼得·帕莱奇内
Norbert Ozimek,诺贝特·奥齐梅克
Iwona Dzięcioł-Marcinkiewicz,伊沃娜·马尔钦凯维奇
Jakub Krzewina,雅各布·克热维纳
Edmund Wnuk-Lipiński,艾德蒙·努克-李平斯基
Andrzej Strejlau,安杰依·斯特雷劳
Tadeusz Różewicz,塔德烏什·魯熱維奇
Andrzej Piątkowski,安杰伊·皮翁特科夫斯基
Bolesław IV warszawski,波列斯瓦夫四世·(華沙)
Irena Szydłowska,伊雷娜·希德沃夫斯卡
Andrzej Wroński,安杰伊·弗龙斯基
Andrzej Zieliński (lekkoatleta),安杰伊·杰林斯基
Barbara Grabowska,芭芭拉·格拉博夫斯卡
Stanisław Mikołajczyk,斯坦尼斯瓦夫·米科瓦伊奇克
Artur Jędrzejczyk,亞瑟·耶德爾澤西克
Aleksander Małecki (1901-1939),亚历山大·马韦茨基
Kazimierz Laskowski (sportowiec),卡齐米日·拉斯科夫斯基
Marian Suski,马里安·苏斯基
Oda Schottmüller,欧达·绍特穆勒
Marian Kuszewski,马里安·库谢夫斯基
Janusz Olech,雅努什·奥莱赫
Karol Zalewski,卡羅爾·扎萊夫斯基
Paweł Adamowicz,帕维尔·阿达莫维奇
Paweł Skrzecz,帕维乌·斯克热奇
Krystyna Czajkowska,克雷斯蒂娜·恰伊科夫斯卡
Jan Władysław Woś,扬·瓦迪斯瓦夫·沃希
Marta Ptaszyńska,馬達·阿絲妮西卡
J.R. Celski,杰·亚·塞斯基
Andrzej Supron,安杰伊·苏普龙
Tadeusz Friedrich,塔德乌什·弗里德里赫
Jerzy Zabielski,耶日·扎别尔斯基
Władysław Dobrowolski,瓦迪斯瓦夫·多布罗沃尔斯基
Jan Tyranowski,揚·蒂蘭諾夫斯基
Jan Niecisław Baudouin de Courtenay,博杜恩·德·库尔德内
Alfred Korzybski,阿尔弗雷德·柯日布斯基
Florian Siwicki,弗洛里安·西维茨基
Waldemar Legień,瓦尔德马·莱金
Janusz Bobik,雅努什·博比克
Janusz Ślązak,雅努什·希隆扎克
Jan Woleński,一月·沃兰斯基
Anna Kiełbasińska,安娜·凯乌巴辛斯卡
Michał Wojnicz,威尔弗雷德·伏尼契
Joanna Wołosz,喬安娜·沃沃什
Krzysztof Mączyński,克日什托夫·马辛斯基
Ludwik Fleck,路德維克·弗萊克
Pati Yang,帕蒂·杨
Joanna Kulig,约安娜·库利格
Aleksy Antkiewicz,阿莱克西·安特凯维奇
Wojciech Rudy,沃伊切赫·鲁迪
Bronisław Bebel,布罗尼斯瓦夫·贝贝尔
Mirosław Rybaczewski,米罗斯瓦夫·雷巴切夫斯基
Tadeusz Walasek,塔德乌什·瓦拉塞克
Janusz Różycki (szermierz),雅努什·鲁日茨基
Łukasz Kubot,盧卡斯·古博特
Kazimierz Deyna,卡齐米日·德厄纳
Jerzy Andrzejewski,耶日·安德热耶夫斯基
Marcin Brzeziński,马尔钦·布热津斯基
Ben Sahar,賓·沙夏
Cyprian Kamil Norwid,齐普里安·诺尔维德
Adam Jerzy Czartoryski,亚当·耶日·恰尔托雷斯基
Kasia Struss,卡莎·斯特拉斯
Tadeusz Rutkowski (sztangista),塔德乌什·鲁特科夫斯基
Maciej Rybus,馬切伊·里布斯
Adam Cwalina,亚当·克瓦林纳
Władysław Podkowiński,瓦迪斯瓦夫·波德科溫斯基
Grzegorz Wojtkowiak,格熱戈日·沃伊特科維亞克
Henryk Józewski,亨利克·约瑟夫斯基
Marian Kozicki,马里安·科齐茨基
Mariusz Stańczuk,马里乌什·斯坦丘克
Łukasz Garguła,卢卡兹·加尔古拉
Dariusz Koseła,达留什·科塞瓦
Andrew Ornoch,安德鲁·奥诺赫
Wiesław Gawłowski,维斯瓦夫·加沃夫斯基
Włodzimierz Sadalski,沃齐米日·萨达尔斯基
Jan Dydak,扬·迪达克
Mikołaj Burda,米科瓦伊·布尔达
Mirosław Handke,米罗斯瓦夫·汉德克
Natalia Madaj,纳塔利娅·马达伊
Andrzej Sokołowski (piłkarz ręczny),安杰伊·索科沃夫斯基
Tadeusz Olechowski,塔德乌什·奥莱霍夫斯基
Jerzy Melcer,耶日·梅尔采尔
Kazimierz Szczerba,卡齐米日·什切尔巴
Leszek Swornowski,莱谢克·斯沃尔诺夫斯基
Maciej Czyżowicz,马切伊·奇若维奇
Piotr Grabarczyk,彼得·格拉巴尔奇克
Piotr Chrapkowski,彼得·赫拉普科夫斯基
Natalia Czerwonka,纳塔利娅·切尔翁卡
Jan Krenz-Mikołajczak,扬·克伦兹-米科瓦伊恰克
Franciszek Bronikowski,弗朗齐歇克·布罗尼科夫斯基
Zbigniew Romaszewski,兹比格涅夫·罗曼舍夫斯基
Bolesław Drewek,博莱斯瓦夫·德雷韦克
Andrzej Szymczak,安杰伊·希姆恰克
Ryszard Przybysz,理夏德·普日贝什
Zygfryd Kuchta,齐克弗里特·库赫塔
Zdzisław Antczak (piłkarz ręczny),兹齐斯瓦夫·安特恰克
Włodzimierz Zieliński (piłkarz ręczny),沃齐米日·杰林斯基
Józefa Ledwig,约瑟法·莱德维格
Piotr Gacek (siatkarz),皮奧特·加切克
Zofia Szcześniewska-Bryszewska,索非娅·什琴希涅夫斯卡
Beata Mikołajczyk,贝娅塔·米科瓦伊奇克
Małgorzata Dydek,瑪歌查塔·迪德克
Władysław Strzemiński,弗拉迪斯瓦夫·斯特泽敏斯基
Marta Walczykiewicz,玛尔塔·瓦尔奇凯维奇
Karolina Naja,卡罗利娜·纳亚
Jerzy Ustupski,耶日·乌斯图普斯基
Stanisław Urban (wioślarz),斯坦尼斯瓦夫·乌尔班
Edward Kobyliński,爱德华·科贝林斯基
Henryk Budziński,亨里克·布津斯基
Leon Birkholz,莱昂·比尔克霍尔茨
Ernest Malinowski,埃內斯特·馬里諾夫斯基
Ary Sternfeld,阿里·施特恩费尔德
Paweł Fajdek,帕维乌·法伊德克
Michele Baranowicz,麥克·巴拉諾維茨
Czesława Kościańska,切斯瓦娃·科希恰因斯卡
Stanisław Pestkowski,斯坦尼斯拉夫·佩斯特科夫斯基
Edward Skorek,爱德华·斯科雷克
Bartłomiej Sienkiewicz,巴特沃梅伊·显克微支
Dariusz Białkowski,达留什·比亚乌科夫斯基
Killion Munyama,基利永·蒙澤萊·蒙亞馬
Aleksander Imich,亞歷山大·伊米奇
Czesław Michniewicz,切斯瓦夫·米赫涅维奇
Eric Piatkowski,埃里克·皮亚考斯基
Vincent Boryla,文斯·博里拉
Tomasz Makowski (kartograf),湯瑪斯·馬科夫斯基·(製圖師)
Rafał Kuptel,拉法乌·库普泰尔
Irina Zaricka,伊琳娜·扎里茨卡娅
Olek Czyż,奧萊克·切茨
Paweł Zatorski,帕维乌·扎托尔斯基
Danuta Kordaczuk,达努塔·科尔达丘克
Józef Lange,约瑟夫·朗格
Adam Królikiewicz,亚当·克鲁利凯维奇
Jan Łazarski,扬·瓦扎尔斯基
Jerzy Jokiel,耶日·约凯尔
Piotr Malarczyk,皮奥特尔·马拉尔茨克
Dawid Tomala,達維德·托馬拉
Kazimierz Aleksander Gzowski,卡齐米日·格佐夫斯基
Kazimierz Szosland,卡齐米日·绍斯兰
Zdzisław Kawecki,兹齐斯瓦夫·卡韦茨基
Seweryn Kulesza,塞韦伦·库莱沙
Henryk Leliwa-Roycewicz,亨里克·莱利瓦-罗伊采维奇
Adam Papée,亚当·帕佩
Rafał Sznajder,拉法乌·施奈德
Przemysław Zamojski,普雷澤米斯勞·扎莫伊斯基
Bartłomiej Pawełczak,巴尔特沃梅伊·帕韦乌恰克
Jacek Yerka,吉斯凯·尤科
Łukasz Broź,盧卡什·布羅茲
Józef Tracz,约瑟夫·特拉奇
Ryszard Zub,理夏德·祖布
Sergiusz Prytycki,谢尔盖·普里季茨基
Renata Mauer-Różańska,雷娜塔·毛厄尔-鲁然斯卡
Łukasz Teodorczyk,盧卡斯·迪奧多斯基
Emil Krukowicz-Przedrzymirski,埃米尔·克鲁科维奇-普热杰米尔斯基
Krzysztof Kołomański,克日什托夫·科沃曼斯基
Tomasz Stankiewicz,托马什·斯坦凯维奇
Michał Staniszewski,米哈乌·斯坦尼谢夫斯基
Wacław Stachiewicz,瓦茨瓦夫·斯塔切维奇
Robert Skibniewski,羅伯特·斯基布涅夫斯基
Piotr Cieśla,彼得·切希拉
Marcin Jałocha,马尔钦·亚沃哈
Łukasz Koszarek,盧卡斯·科斯薩里科
Nina Andrycz,尼娜·安德雷奇
Wang Zengyi,王增羿
Wiesław Hartman,维斯瓦夫·哈特曼
Andrzej Cikoto,祁高德
Tomasz Różycki (poeta),多瑪殊·洛捷基
Elżbieta Porzec-Nowak,埃尔日别塔·波热茨
Monika Jagaciak,莫妮卡·雅克
Bartosz Salamon,巴托斯·薩拉蒙
Adam Hrycaniuk,亞當·海簡尼克
Adam Łapeta,亞當·拉佩塔
Adam Waczyński,亞當·華欽斯基
Miłosz Bernatajtys,米沃什·贝尔纳塔伊蒂斯
Paweł Rańda,帕维乌·兰达
Krzysztof Bosak,克齐斯茨托夫·博萨克
Daniela Walkowiak,达妮埃拉·瓦尔科维亚克-皮莱茨卡
Anna Świrszczyńska,安娜·希维尔什琴斯卡
Magdalena Frąckowiak,玛德莲娜·弗莱克维亚
Izaak Grünbaum,伊扎克·格伦鲍姆
Edmund Biernacki,埃德蒙·比尔奈基
Adam Smelczyński,亚当·斯梅尔琴斯基
Agnieszka Czopek,阿格涅什卡·乔佩克
Dariusz Wódke,达留什·武德凯
Daniel Jędraszko,丹尼尔·延德拉什科
Dardan Berisha,達爾丹·貝里沙
Jerzy Kraska,耶日·克拉斯卡
Joachim Marx,约阿希姆·马克思
Marian Ostafiński,马里安·奥斯塔芬斯基
Alfred Kałuziński,阿尔弗雷德·卡武津斯基
Bohdan Gonsior,博赫丹·贡肖尔
George Modelski,喬治·莫德爾斯基
Aaron Cel,阿隆·塞爾
Leon Ludwik Sapieha,莱昂·萨皮耶哈
Andrzej Bednarz,安迪施積·比納斯
Andrzej Gronowicz,安杰伊·格罗诺维奇
Halina Aszkiełowicz,哈利娜·阿什凯沃维奇-沃伊诺
Karolina Kucharczyk,卡罗利娜·库哈尔奇克
Ryszard Szymczak,理夏德·希姆恰克
Karol Linetty,卡羅爾·利内蒂
Eugeniusz Kamiński (aktor),欧根纽什·卡明斯基
Grzegorz Stellak,格热戈日·斯泰拉克
Grzegorz Kotowicz,格热戈日·科托维奇
Grzegorz Cziura,格热戈日·丘拉
Andrzej Bek,安杰伊·贝克
Adam Wiśniewski (piłkarz ręczny),亚当·维希涅夫斯基
Adam Tomasiak,亚当·托马夏克
Adam Skorek,亚当·斯科雷克
Agnieszka Skrzypulec,阿格涅什卡·斯克日普莱茨
Izabela Dylewska,伊莎贝拉·迪莱夫斯卡
Bartłomiej Bonk,巴尔特沃梅伊·邦克
Katarzyna Wasick,卡塔日娜·瓦西克
Henryk Niedźwiedzki,亨里克·涅季维兹基
Brook Billings,布鲁克·比林斯
Ludwik Rajchman,路德維克·萊赫曼
Wojciech Kopczuk,沃伊切赫·科普丘克
Jadwiga Marko-Książek,雅德维加·克西翁热克
Jacek Streich,亚采克·斯特雷赫
Jadwiga Abisiak,雅德维加·鲁特科夫斯卡
Aneta Szczepańska,阿内塔·什切潘斯卡
Krzysztof Mikołaj Radziwiłł,克日什托夫·米科瓦伊·拉齐维乌
Jacek Fafiński,亚采克·法芬斯基
Leszek Kosedowski,莱谢克·科塞多夫斯基
Kazimierz Mijal,卡齐米日·米雅尔
Krystyna Ostromęcka,克雷斯蒂娜·奥斯特罗门茨卡
Krystyna Krupa,克雷斯蒂娜·克鲁帕
Krystyna Kobylańska,克里斯蒂娜·科比蘭斯卡
Krystyna Jakubowska,克雷斯蒂娜·雅库博夫斯卡
Helena Rakoczy,海伦娜·拉科奇
Mieczysław Wojczak,米奇斯瓦夫·沃伊恰克
Janusz Brzozowski,雅努什·布若佐夫斯基
Filip Kubski,NEO·(电玩家)
Tadeusz Klimecki,塔德乌什·克里梅茨基
Iga Baumgart-Witan,伊加·鲍姆加特-维坦
Kazimierz Kelles-Krauz,卡西米尔·凯勒斯-克劳斯
Lidia Chmielnicka-Żmuda,利迪娅·赫梅尔尼茨卡-日穆达
Maciej Gajos,馬切伊·加諾斯
Janusz I Starszy,雅努斯一世
Beata Szydło,貝婭塔·席多
Franciszka Mann,弗朗切斯卡·曼恩
Marek Witkowski (kajakarz),马雷克·维特科夫斯基
Hanna Busz,汉娜·布什
Jerzy Opara,耶日·奥帕拉
Maria Golimowska,玛丽亚·戈利莫夫斯卡
Marek Zając (piłkarz),馬里科
Lech Łasko,莱赫·瓦斯科
Janusz Liberkowski,亞努什·利貝爾科夫斯基
Jerzy Przybylski,耶日·普日比尔斯基
Jerzy Wiatr,葉基·維亞特爾
Zuzanna Bijoch,蘇珊娜·碧約
Maciej Freimut,马切伊·弗雷穆特
Daniel Trojanowski,达尼埃尔·特罗扬诺夫斯基
Marian Tałaj,马里安·塔瓦伊
Romuald Muklewicz,罗穆亚尔德·穆克列维奇
Maria Śliwka,玛丽亚·希利夫卡
Joanna Hentka,约安娜·莱什琴斯卡
Ryszard Stadniuk,理夏德·斯塔德纽克
Mateusz Zachara,马特乌什·扎恰拉
Małgorzata Dłużewska,马乌戈热塔·德乌热夫斯卡
Małgorzata Książkiewicz,马乌戈热塔·克西翁日凯维奇
Michał Szpakowski,米哈乌·什帕科夫斯基
Ryszard Bosek,理夏德·博塞克
Stanisław Wróblewski (zapaśnik),斯坦尼斯瓦夫·弗鲁布莱夫斯基
Józef Trenkwald,约瑟夫·特伦克瓦尔德
Józef Kustroń,约瑟夫·库斯特龙
Kajetan Broniewski,卡耶坦·布罗涅夫斯基
Natalia Maliszewska,纳塔利娅·马利谢夫斯卡
Natalia Karp,娜塔莉亞·卡普
Michał Cieślak (wioślarz),米哈乌·切希拉克
Andrzej Cofalik,安杰伊·措法利克
Mirosław Rzepkowski,米罗斯瓦夫·热普科夫斯基
Waldemar Kikolski,瓦尔德马·基科尔斯基
Stefan Kapłaniak,斯特凡·卡普瓦尼亚克
Stefan Szlaszewski,斯蒂凡·施拉舍夫斯基
Wojciech Jankowski (wioślarz),沃伊切赫·扬科夫斯基
Tadeusz Trojanowski,塔德乌什·特罗扬诺夫斯基
Wojciech Kurpiewski,沃伊切赫·库尔皮耶夫斯基
Agnieszka Kobus-Zawojska,阿格涅什卡·科布斯-扎沃伊斯卡
Wanda Wiecha-Wanot,万达·维哈
Wiesław Gawlikowski (sportowiec),维斯瓦夫·加夫利科夫斯基
Szymon Marciniak,西蒙·馬齊尼亞克
Patryk Dobek,帕特里克·多貝克
Patrycja Wyciszkiewicz-Zawadzka,帕特蕾恰·维齐什凯维奇
Paweł Olkowski,帕維爾·奥爾科夫斯基
Włodzimierz Brus,弗拉基米尔·布鲁斯
Władysław Zieliński (kajakarz),瓦迪斯瓦夫·杰林斯基
Włodzimierz Stefański,沃齐米日·斯特凡斯基
Agnieszka Korneluk,阿格涅什卡·科尔内卢克
Andrzej Duda,安杰伊·杜达
Pascal Brodnicki,百事高
Zbigniew Kwiatkowski (piłkarz ręczny),兹比格涅夫·克维亚特科夫斯基
Władysław Szuszkiewicz,瓦迪斯瓦夫·舒什凯维奇
Władysław Karaś,瓦迪斯瓦夫·卡拉希
Zbigniew Lubiejewski,兹比格涅夫·卢别耶夫斯基
Tomasz Kędziora,托馬什·科奇奧拉
Rafał Janicki,拉法爾·雅尼基
Zbigniew Zarzycki,兹比格涅夫·扎日茨基
Łukasz Skorupski,盧卡什·斯科魯普斯基
Tomasz Tomiak,托马什·托米亚克
Alfons Ślusarski,阿尔方斯·希卢萨尔斯基
Piotr Zieliński (piłkarz),彼得·傑林斯基
Anna Omielan,安娜·奧米蘭
Dariusz Jemielniak,达留斯·耶米尔尼阿克
Dawid Dryja,達維德·德里亞
Eugeniusz Molczyk,尤金纽斯·莫尔奇克
Stefan Jędrychowski,斯特凡·英德里霍夫斯基
Janusz Pawłowski (judoka),雅努什·帕夫沃夫斯基
Danuta Stachow,达努塔·斯塔霍夫
Dawid Konarski,大衛·康納爾斯基
Damian Kulig,達米安·庫利格
Ewa Durska,埃娃·杜尔斯卡
Fabian Drzyzga,法比安·德爾奇佳
Emil Wojtaszek,埃米尔·沃伊塔谢克
Rafał Trzaskowski,拉法·特扎斯科夫斯基
Szymon Romać,希蒙·羅馬奇
Szymon Hołownia,西蒙·霍洛尼亞
Witold Jabłoński (sinolog),夏伯龍
Grzegorz Łomacz,格热戈日·沃马奇
Tadeusz Reger,塔德烏什·雷格
Witold Waszczykowski,维托尔德·瓦什奇科夫斯基
Zbigniew Szczepkowski,兹比格涅夫·什切普科夫斯基
Stefan Olszowski,斯特凡·奥尔绍夫斯基
Tom Swoon,多利安·多馬夏克
Zbigniew Ślusarski,兹比格涅夫·希卢萨尔斯基
Magdalena Fręch,玛格达莱娜·弗雷希
Tymoteusz Karpowicz,蒂蒙图斯·卡波维兹
Wojciech Ferens,沃伊切赫·費倫斯
Wojciech Nowicki (lekkoatleta),沃伊切赫·诺维茨基
Zbigniew Rau (prawnik),兹比格涅夫·拉乌
Wojciech Włodarczyk (siatkarz),沃伊切赫·沃達雷茲克
Łukasz Perłowski,盧卡斯·佩羅夫斯基
Łukasz Krawczuk,武卡什·克拉夫丘克
Dorota Horzonek-Jokiel,多萝塔·霍尔佐内克-约凯尔
Andrzej Wrona,安德烈·弗羅納
Gerard Mach,傑洛·馬克
Filip Starzyński (piłkarz),菲利普·斯塔辛斯基
Jarosław Mika,雅罗斯瓦夫·米卡
Barbara Ślizowska,芭尔芭拉·希利佐夫斯卡
Jan Zalasiewicz,揚·扎拉謝維奇
Damian Wojtaszek,達米安·沃伊塔謝克
Jan Szymański (łyżwiarz),扬·希曼斯基
Justyna Święty-Ersetic,尤斯蒂娜·希温蒂-埃尔塞蒂茨
Józef Baryła,约瑟夫·巴里瓦
Jerzy Greszkiewicz,耶日·格雷什凯维奇
Joanna Linkiewicz,约安娜·林凯维奇
Krzysztof Siemion,克日什托夫·谢米翁
Jolanta Ogar-Hill,约兰塔·奥加尔-希尔
Lidia Szczerbińska,利迪娅·什切尔宾斯卡
Marek Karbarz,马雷克·卡尔巴日
Marian Orzechowski,马里安·奥热霍夫斯基
Konrad Krajewski,龔拉·克拉耶夫斯基
Maciej Wilusz,馬齊·威盧斯
Michał Szyba,米哈乌·希巴
Ludwik Wertenstein,路德维克·佩韦尔滕斯泰恩
Paulina Guba,宝琳娜·古巴
Marek Seweryn,马雷克·塞韦伦
Malwina Kopron,玛尔维娜·科普龙
Maryna Gąsienica-Daniel,玛琳娜·贡谢尼察-达涅尔
Maria Wiłkomirska,玛丽亚·维科米尔斯卡
Mateusz Mika,馬特烏什·米卡
Mateusz Michalski (lekkoatleta),马特乌什·米哈尔斯基
Malwina Smarzek,马尔维纳·斯马泽克
Robert Bernatowicz,羅伯特·伯奈托維斯茲
Mateusz Morawiecki,馬泰烏什·莫拉維茨基
Rafał Buszek,拉法爾·布斯澤克
Rafał Omelko,拉法乌·奥梅尔科
Milena Olszewska,米莱娜·奥尔谢夫斯卡
Małgorzata Hołub-Kowalik,马乌戈热塔·霍武布-科瓦利克
Przemysław Karnowski,普熱澤梅克·卡諾夫斯基
Przemysław Krajewski,普热梅斯瓦夫·克拉耶夫斯基
Piotr Lisek,彼得·里萨科
Marcin Janusz,马尔钦·雅努什
Ewa Swoboda,埃娃·斯沃博达
Konrad Bukowiecki,康拉德·布科维茨基
Jan Nowakowski (siatkarz),揚·諾瓦考斯基
Michał Daszek,米哈乌·达谢克
Marcin Krukowski,馬爾辛·庫克沃斯基
Piotr Masłowski (piłkarz ręczny),彼得·马斯沃夫斯基
Adam Czerniaków,亞當·塞尼亞科夫
Natalia Kot-Wala,纳塔利娅·科特
Paweł Jaroszyński,帕維爾·雅羅辛斯基
Adam Kowalski (siatkarz),亞當·科沃斯基
Sofia Ennaoui,索菲亚·恩纳奥伊
Natalia Starr,娜塔莉亞·斯塔爾
Kamil Majchrzak,卡米尔·迈赫扎克
Michał Kędzierski,米哈爾·克孜爾斯基
Katarzyna Niewiadoma,卡塔日娜·涅维亚多马
Paweł Dawidowicz,帕維爾·達維多維茨
Bartosz Kapustka,巴爾托什·卡佩斯卡
Przemysław Frankowski (piłkarz),普热梅斯瓦夫·弗兰科夫斯基
Kamila Lićwinko,卡米拉·利奇温科
Katarzyna Kawa,卡塔日娜·卡瓦
Dawid Kownacki,大衛·考納茨基
Aleksander Śliwka,亞歷山大·斯里夫卡
Matylda Damięcka,玛蒂尔达·达明茨卡
Aleksandra Mirosław,亞歷山德拉·米羅斯洛
Joanna Jędrzejczyk,乔安娜·延杰伊奇克
Mateusz Wieteska,马特乌什·维特斯卡
Bartłomiej Drągowski,巴托米耶·德隆哥夫斯基
Oktawia Nowacka,奥克塔维亚·诺瓦茨卡
Renata Knapik-Miazga,雷娜塔·克纳皮克-米亚兹加
Krystian Bielik,克里斯蒂安·别利克
Maria Sajdak,玛丽亚·萨伊达克
Bartosz Bednorz,巴尔托什·贝德诺尔兹
Jan Bednarek (piłkarz),揚·貝德納雷克
Adrian Dziółko,阿德里安·齐奥尔科
Zofia Wichłacz,蘇菲亞·威拉奇
Aneta Wojtkowska,阿内塔·维特科夫斯卡
Tomasz Fornal,托马什·福纳尔
Jan Zieliński (tenisista),扬·杰林斯基
Karol Gruszecki,卡羅爾·格魯茨基
Hubert Hurkacz,胡贝特·胡尔卡奇
Jerzy Duszyński (biochemik),耶日·杜辛斯基
Łukasz Kaczmarek (siatkarz),武卡什·卡奇马雷克
Michał Haratyk,米哈乌·哈拉蒂克
Kajetan Duszyński,卡耶坦·杜申斯基
Mateusz Kus,马特乌什·库斯
Maria Andrejczyk,瑪麗亞·安德雷奇克
Damian Szymański,达米安·希曼斯基
Jarosław Niezgoda,雅羅斯拉夫·涅哥達
Mateusz Bieniek,馬特烏斯·比尼克
Łukasz Gierak,武卡什·盖拉克
Matty Cash,馬蒂·卡什
Katarzyna Jurkowska-Kowalska,卡塔知娜·尤科斯卡-克瓦爾斯卡
Jan Świtkowski,揚·斯威特科夫斯基
Karol Świderski,卡罗尔·希维德尔斯基
Mateusz Borkowski,马特乌什·博尔科夫斯基
Mateusz Biskup,马特乌什·比斯库普
Mateusz Dubowski,马特乌什·杜博夫斯基
Krzysztof Piątek,克日什托夫·皮亚特克
Patryk Lipski,帕特里克·利普斯基
Wojciech Wojdak,沃伊切赫·沃伊达克
Igor Miecik,伊戈爾·梅奇克
Daria Pikulik,达里娅·皮库利克
Alina Scholtz,阿林娜·紹爾茨
Paweł Śmiłowski,帕维尔·斯梅洛夫斯基
Magdalena Świerczyńska,马格达莱纳·斯维尔琴斯卡
Kamil Semeniuk,卡米爾·塞梅紐克
Tadeusz Michalik,塔德乌什·米哈利克
Mirosław Ziętarski,米罗斯瓦夫·津塔尔斯基
Mateusz Wilangowski,马特乌什·维兰戈夫斯基
Miłosz Jankowski,米沃什·扬科夫斯基
Maria Wierzbowska,玛丽亚·维日博夫斯卡
Artur Mikołajczewski,阿图尔·米科瓦伊切夫斯基
Jarosław Jach,雅羅斯拉夫·雅赫
Szymon Sajnok,希蒙·萨伊诺克
Mateusz Rudyk,马特乌什·鲁德克
Robert Gumny,罗伯特·古姆尼
Iga Świątek,伊加·斯维亚特克
Julia Przyłębska,朱莉娅·普兹列布斯卡
Katarzyna Zillmann,卡塔日娜·齐尔曼
Martyna Łukasik,马蒂娜·武卡西克
Anna Puławska,安娜·普瓦夫斯卡
Przemysław Płacheta,普热梅斯瓦夫·普瓦赫塔
Jan Rudziński,扬·鲁津斯基
Paweł Prądziński,帕维尔·帕拉津斯基
Sebastian Szymański (piłkarz),塞巴斯蒂安·希曼斯基
Maja Chwalińska,玛雅·赫瓦林斯卡
Justyna Iskrzycka,尤斯蒂娜·伊斯克日茨卡
Aleksandra Gaworska,亚历山德拉·加沃尔斯卡
Norbert Huber (siatkarz),诺贝特·胡贝尔·(排球运动员)
Aleksandra Jarecka,亚历山德拉·亚雷茨卡
Nela mała reporterka,內拉
Szymon Żurkowski,希蒙·茹尔科夫斯基
Katarzyna Zdziebło,卡塔日娜·兹杰布沃
Natalia Kaczmarek,娜塔莉亞·卡奇馬雷克
Andżelika Wójcik,安杰莉卡·武伊齐克
Pia Skrzyszowska,皮娅·斯克日绍夫斯卡
Olga Michałkiewicz,奥尔加·米哈乌凯维奇
Joanna Dittmann,约安娜·迪特曼
Marta Wieliczko,玛尔塔·维利奇科
Adam Sobczak,亚当·索布查克
Karolina Bosiek,卡罗利娜·博谢克
Kaja Ziomek,卡娅·焦梅克
Kryscina Cimanouska,克里斯蒂娜·齊馬努斯卡婭
Jakub Moder,積及·莫達
Aleksandra Kowalczuk,亚历山德拉·科瓦尔丘克
Patrycja Adamkiewicz,派翠西亞·亞當凱維奇
Łukasz Kuczyński,武卡什·库琴斯基
Jan Hołub,扬·霍武布
Tekla Juniewicz,泰克拉·朱尼維茨
Tomasz Bartnik,湯瑪斯·巴特尼克
Jekatierina Kurakowa,叶卡捷琳娜·库拉科娃
Helena Wiśniewska (kajakarka),海伦娜·维希涅夫斯卡
Kamil Grabara,卡米尔·格拉巴拉
Elżbieta Wójcik,埃尔日别塔·武伊齐克
Jakub Kiwior,雅各布·基维奥尔
Roksana Węgiel,罗沙娜·维奇尔
Monika Chabel,莫妮卡·哈贝尔
Michał Skóraś,米哈乌·斯库拉希
Dariusz Kowaluk,達留什·科瓦盧克
Barbara Hermel-Niemczyk,芭尔芭拉·涅姆奇克
Magdalena Stysiak,玛格达莱娜·斯蒂夏克
Viki Gabor,薇琪·加博爾
Mateo Klimowicz,马特奥·克里莫维奇
Blanka Lipińska,布兰卡·利平斯卡
Sylwia Zyzańska,瑟尔维娅·齐扎尼斯卡
Nicola Zalewski,尼科拉·扎勒维斯基
Adrianna Sułek,阿德里安娜·苏韦克
Jakub Kamiński (piłkarz),雅各布·卡明斯基
Piotr Kosewicz,彼得·科塞维奇
Kacper Żuk,卡茨佩尔·祖克
Gabriel Slonina,加比爾·史隆連拿
Anna-Maria Sieklucka,安娜-玛丽亚·西克鲁卡
Krzysztof Chmielewski,克日什托夫·赫梅莱夫斯基
Jakub Majerski,雅各布·马耶尔斯基
Damian Żurek,达米安·茹雷克
Michał Niewiński,米哈乌·涅温斯基
Kinga Gacka,金加·加茨卡
Maciej Gaca,梅西亚·(波兰)
Ksawery Masiuk,克萨韦里·马休克