vika jigulina,ヴィカ・ジグリーナ,vika・jigurīna
lidia șimon,リディア・シモン,ridia・shimon
inna,インナ,inna
alexandra stan,アレクサンドラ・スタン,arekusandora・sutan
ikechi anya,イケチ・アンヤ,ikechi・anya
george emil palade,ジョージ・エミール・パラーデ,jōji・emīru・parāde
itzik manger,イツィク・マンゲル,itsiku・mangeru
ecaterina szabó,エカテリーナ・サボー,ekaterīna・sabō
elena gheorghe,エレナ・ゲオルゲ,erena・georuge
mircea lucescu,ミルチェア・ルチェスク,miruchea・ruchesuku
viorel moldovan,ヴィオレル・モルドヴァン,vioreru・morudovan
angela gheorghiu,アンジェラ・ゲオルギュー,anjera・georugyū
paul celan,パウル・ツェラン,pauru・tseran
andreea grigore,アンドレア・グリゴレ,andorea・gurigore
viorica ursuleac,ヴィオリカ・ウルスレアク,viorika・urusureaku
liviu librescu,リビウ・リブレスク,ribiu・riburesuku
răzvan raț,ラズヴァン・ラツ,razuvan・ratsu
gheorghe popescu,ゲオルゲ・ポペスク,georuge・popesuku
helmut duckadam,ヘルムート・ドゥカダム,herumūto・dukadamu
vali ionescu,バリ・イオネスク,bari・ionesuku
elena băsescu,エレナ・バセスク,erena・basesuku
iulian filipescu,イウリアン・フィリペスク,iurian・firipesuku
emil boc,エミール・ボック,emīru・bokku
cristian mungiu,クリスティアン・ムンジウ,kurisutian・munjiu
dan balan,ダン・バラン,dan・baran
victor hănescu,ビクトル・ハネスク,bikutoru・hanesuku
petre roman,ペトレ・ロマン,petore・roman
edward maya,エドワード・マヤ,edowādo・maya
angelica adelsteinrozeanu,アンジェリカ・ロゼアヌ,anjerika・rozeanu
anamaria marinca,アナマリア・マリンカ,anamaria・marinka
alma gluck,アルマ・グルック,aruma・gurukku
tristan tzara,トリスタン・ツァラ,torisutan・tsara
eugen coșeriu,エウジェニオ・コセリウ,eujenio・koseriu
nicolae văcăroiu,ニコラエ・ヴァカロイウ,nikorae・vakaroiu
bogdan lobonț,ボグダン・ロボンツ,bogudan・robontsu
elena ceaușescu,エレナ・チャウシェスク,erena・chaushesuku
simona halep,シモナ・ハレプ,shimona・harepu
iolanda balaș,ヨランダ・バラシュ,yoranda・barashu
ion antonescu,イオン・アントネスク,ion・antonesuku
alina plugaru,アリーナ・プルガル,arīna・purugaru
herta müller,ヘルタ・ミュラー,heruta・myurā
gabriela drăgoi,ガブリエラ・ドラゴイ,gaburiera・doragoi
daniel prodan,ダニエル・プロダン,danieru・purodan
irina spîrlea,イリナ・スピールリア,irina・supīruria
monica roșu,モニカ・ロシュ,monika・roshu
nadia comăneci,ナディア・コマネチ,nadia・komanechi
iasmin latovlevici,ヤスミン・ラトヴリェヴィッチ,yasumin・ratovuriェvitchi
mihai antonescu,ミハイ・アントネスク,mihai・antonesuku
eugen ionescu,ウジェーヌ・イヨネスコ,ujēnu・iyonesuko
dinu lipatti,ディヌ・リパッティ,dinu・ripatti
florian pop,フロリアン・ポップ,furorian・poppu
vlad munteanu,ヴラド・ムンテアヌ,vurado・munteanu
dudu georgescu,ドゥドゥ・ゲオルゲスク,dudu・georugesuku
györgy kurtág,クルターグ・ジェルジュ,kurutāgu・jeruju
gheorghe dima,ゲオルゲ・ディマ,georuge・dima
marțian negrea,マルツィアン・ネグレア,marutsian・negurea
traian băsescu,トラヤン・バセスク,torayan・basesuku
nicolae timofti,ニコラエ・ティモフティ,nikorae・timofuti
mihai răzvan ungureanu,ミハイ・ラズヴァン・ウングレアーヌ,mihai・razuvan・ungureānu
sorana cîrstea,ソラナ・チルステア,sorana・chirusutea
monica niculescu,モニカ・ニクレスク,monika・nikuresuku
emil constantinescu,エミル・コンスタンティネスク,emiru・konsutantinesuku
ciprian marica,チプリアン・マリカ,chipurian・marika
gabriela szabó,ガブリエラ・サボー,gaburiera・sabō
ana pauker,アナ・パウケル,ana・paukeru
alexandra dulgheru,アレクサンドラ・ドゥルゲル,arekusandora・durugeru
aurelia dobre,アウレリア・ドブレ,aureria・dobure
ruxandra dragomir,ルクサンドラ・ドラゴミル,rukusandora・doragomiru
adrian năstase,アドリアン・ナスタセ,adorian・nasutase
beatrice câșlaru,ベアトリチェ・カスラル,beatoriche・kasuraru
constantin brâncuși,コンスタンティン・ブランクーシ,konsutantin・burankūshi
cleopatra stratan,クレオパトラ・ストラタン,kureopatora・sutoratan
henri coandă,アンリ・コアンダ,anri・koanda
gheorghe zamfir,ゲオルゲ・ザンフィル,georuge・zanfiru
gabriel tamaș,ガブリエル・タマシュ,gaburieru・tamashu
vlad filat,ヴラド・フィラト,vurado・firato
victor ponta,ヴィクトル・ポンタ,vikutoru・ponta
andrei pavel,アンドレイ・パベル,andorei・paberu
florica musicescu,フロリカ・ムジチェスク,furorika・mujichesuku
maia morgenstern,マヤ・モルゲンステルン,maya・morugensuterun
ion iliescu,イオン・イリエスク,ion・iriesuku
ana maria brânză,アナ・マリア・ポペスク,ana・maria・popesuku
paula ivan,パウラ・イバン,paura・iban
doina melinte,ドイナ・メリンテ,doina・merinte
ana blandiana,アナ・ブランディアナ,ana・burandiana
sorin ghionea,ソリン・ギオネア,sorin・gionea
simona amânar,シモナ・アマナール,shimona・amanāru
paula seling,パウラ・セリング,paura・seringu
daniela silivaș,ダニエラ・シリバシュ,daniera・shiribashu
linda maria baros,リンダ・マリア・バロス,rinda・maria・barosu
gheorghe hagi,ゲオルゲ・ハジ,georuge・haji
sandra romain,サンドラ・ロマン,sandora・roman
larisa iordache,ラリサ・ヨルダケ,rarisa・yorudake
virginia ruzici,バージニア・ルジッチ,bājinia・rujitchi
ștefan radu,シュテファン・ラドゥ,shutefan・radu
sergiu celibidache,セルジュ・チェリビダッケ,seruju・cheribidakke
ladislau bölöni,ラースロー・ベレニ,rāsurō・bereni
lászló sepsi,ラースロー・セプシ,rāsurō・sepushi
ovidiu cernăuțeanu,オヴィディウ・チェルナウツェアヌ,ovidiu・cherunautseanu
harvey keitel,ハーヴェイ・カイテル,hāvuェi・kaiteru
maria cioncan,マリア・チオンカン,maria・chionkan
ileana cotrubaș,イレアナ・コトルバシュ,ireana・kotorubashu
jean negulesco,ジーン・ネグレスコ,jīn・neguresuko
emil cioran,エミール・シオラン,emīru・shioran
pavel badea,パベル・バデア,paberu・badea
panait istrati,パナイト・イストラティ,panaito・isutorati
adrian mutu,アドリアン・ムトゥ,adorian・mutu
zoia ceaușescu,ゾヤ・チャウシェスク,zoya・chaushesuku
arthur segal,アーサー・シーガル,āsā・shīgaru
cristian chivu,クリスティアン・キヴ,kurisutian・kivu
maricica puică,マリチカ・プイカ,marichika・puika
liane de pougy,リアーヌ・ド・プジー,riānu・do・pujī
anișoara cușmirstanciu,アニショアラ・スタンチウ,anishoara・sutanchiu
mihaela peneș,ミハエラ・ペネシュ,mihaera・peneshu
diana mocanu,ディアナ・モカヌ,diana・mokanu
camelia potec,カメリア・ポテク,kameria・poteku
alexandru averescu,アレクサンドル・アヴェレスク,arekusandoru・avuェresuku
rose ausländer,ローゼ・アウスレンダー,rōze・ausurendā
artur phleps,アルトゥール・フレプス,arutūru・furepusu
alina astafei,アリーナ・アスタフェイ,arīna・asutafei
mihaela ursuleasa,ミハエラ・ウルスレアサ,mihaera・urusureasa
emeric jenei,エメリック・イェネイ,emerikku・yenei
daniel niculae,ダニエル・ニクラエ,danieru・nikurae
walter zenga,ワルテル・ゼンガ,waruteru・zenga
cosmin contra,コスミン・コントラ,kosumin・kontora
mihai ghimpu,ミハイ・ギンプ,mihai・ginpu
petru lucinschi,ペトル・ルチンスキー,petoru・ruchinsukī
florin răducioiu,フロリン・ラドチョウ,furorin・radochou
adrian ilie,アドリアン・イリエ,adorian・irie
alexandra maria lara,アレクサンドラ・マリア・ララ,arekusandora・maria・rara
adrian diaconu,アドリアン・ディアコヌ,adorian・diakonu
constantina dițătomescu,コンスタンティナ・ディタ,konsutantina・dita
petre dumitrescu,ペトレ・ドゥミトレスク,petore・dumitoresuku
mihaela melinte,ミハエラ・メリンテ,mihaera・merinte
maria tănase,マリア・タナセ,maria・tanase
viorica viscopoleanu,ビオリカ・ビスコポレアヌ,biorika・bisukoporeanu
julia varady,ユリア・ヴァラディ,yuria・varadi
ionela târlea,イオネラ・ティルレア,ionera・tirurea
lia manoliu,リア・マノリウ,ria・manoriu
adrian cristea,アドリアン・クリステア,adorian・kurisutea
adrian crișan,アドリアン・クリシャン,adorian・kurishan
robert vancea,ロベルト・ヴァンチャ,roberuto・vancha
bogdan stelea,ボグダン・ステレア,bogudan・suterea
mihai neșu,ミハイ・ネシュ,mihai・neshu
marius urzică,マリウス・ウルジカ,mariusu・urujika
joseph schmidt,ヨーゼフ・シュミット,yōzefu・shumitto
cristian săpunaru,クリスティアン・サプナル,kurisutian・sapunaru
dacian cioloș,ダチアン・チョロシュ,dachian・choroshu
colin kolles,コリン・コレス,korin・koresu
george enescu,ジョルジェ・エネスク,joruje・enesuku
stefan hell,シュテファン・ヘル,shutefan・heru
adalbert deșu,アダウベルト・デス,adauberuto・desu
cristian pulhac,クリスティアン・プルハク,kurisutian・puruhaku
george florescu,ゲオルゲ・フローレスク,georuge・furōresuku
hermann oberth,ヘルマン・オーベルト,heruman・ōberuto
răzvan cociș,ラズバン・コチシュ,razuban・kochishu
ilie năstase,イリ・ナスターゼ,iri・nasutāze
robert klein,ロベール・クライン,robēru・kurain
silviu lung,シルヴィウ・ルング,shiruviu・rungu
dorin goian,ドリン・ゴヤン,dorin・goyan
victor pițurcă,ヴィクトル・ピツルカ,vikutoru・pitsuruka
marius niculae,マリウス・ニクラエ,mariusu・nikurae
gigel bucur,ゲオルゲ・ブクル,georuge・bukuru
ciprian deac,チプリアン・デアク,chipurian・deaku
florin prunea,フローリアン・プルネア,furōrian・purunea
ștefan luchian,シュテファン・ルキアン,shutefan・rukian
raul rusescu,ラウル・ルセスク,rauru・rusesuku
alexandru robot,アレクサンドル・ロボット,arekusandoru・robotto
alexandru chipciu,アレクサンドル・キプチュ,arekusandoru・kipuchu
saul steinberg,ソール・スタインバーグ,sōru・sutainbāgu
nicolae dică,ニコラエ・ディカ,nikorae・dika
george lusztig,ジョージ・ルスティック,jōji・rusutikku
ștefan kovács,シュテファン・コヴァチ,shutefan・kovachi
ștefan niculescu,ステファン・ニクレスク,sutefan・nikuresuku
dragoș grigore,ドラゴシュ・グリゴレ,doragoshu・gurigore
laurențiu rus,ラウレンツィウ・ルス,raurentsiu・rusu
nicolao dumitru,ニコラオ・ドゥミトル,nikorao・dumitoru
valerică găman,ヴァレリカ・ガマン,varerika・gaman
eric bicfalvi,エリク・ビクファルヴィ,eriku・bikufaruvi
gheorghe grozav,ゲオルゲ・グロザフ,georuge・gurozafu
constantin silvestri,コンスタンティン・シルヴェストリ,konsutantin・shiruvuェsutori
dorinel munteanu,ドリネル・ムンテアヌ,dorineru・munteanu
virginia zeani,ヴィルジニア・ゼアーニ,virujinia・zeāni
tudor arghezi,トゥドール・アルゲージ,tudōru・arugēji
costel pantilimon,コステル・パンティリモン,kosuteru・pantirimon
anna lesko,アンナ・レスコ,anna・resuko
cosmin frăsinescu,コスミン・フラシネスク,kosumin・furashinesuku
marin karmitz,マリン・カルミッツ,marin・karumittsu
cătălin fercu,カタリン・フェルク,katarin・feruku
philip herschkowitz,フィリップ・ヘルシュコヴィチ,firippu・herushukovichi
ioan culcer,イオン・クルチェル,ion・kurucheru
alexandru drăghici,アレクサンドル・ドラギーチ,arekusandoru・doragīchi
sandu lungu,アレクサンドル・ルング,arekusandoru・rungu
alexandru țăruș,アレクサンドル・タルス,arekusandoru・tarusu
alexandru crețu,アレクサンドル・クレツ,arekusandoru・kuretsu
armand călinescu,アルマンド・カリネスク,arumando・karinesuku
romeo surdu,ロメオ・スルドゥ,romeo・surudu
silviu lung jr,シルヴィウ・ルング・ジュニア,shiruviu・rungu・junia
petre marin,ペトレ・マリン,petore・marin
liviu antal,リビウ・アンタル,ribiu・antaru
alexandru bourceanu,アレクサンドル・ボウルチェアヌ,arekusandoru・bourucheanu
iancu dumitrescu,イアンク・ドゥミトレスク,ianku・dumitoresuku
marius alexe,マリウス・アレクセ,mariusu・arekuse
alexandru ioniță,アレクサンドル・ヨニツァ,arekusandoru・yonitsa
vasile milea,ヴァシレ・ミリャ,vashire・mirya
paul codrea,パウル・コドレア,pauru・kodorea
florența mihai,フロレンツァ・ミハイ,furorentsa・mihai
dorin mateuț,ドリン・マテウツ,dorin・mateutsu
mircea cărtărescu,ミルチャ・カルタレスク,mirucha・karutaresuku
horia sima,ホリア・シマ,horia・shima
elizabeta samara,エリザベタ・サマラ,erizabeta・samara
dennis șerban,デニス・シェルバン,denisu・sheruban
costi ioniță,コスティ・ヨニッツァ,kosuti・yonittsa
david wechsler,デイヴィッド・ウェクスラー,deividdo・wekusurā
hildegard peplau,ヒルデガード・ペプロウ,hirudegādo・pepurou
alina cojocaru,アリーナ・コジョカル,arīna・kojokaru
andrei prepeliță,アンドレイ・プレペリツァ,andorei・pureperitsa
florin gardoș,フローリン・ガルドシュ,furōrin・garudoshu
nicolae grigorescu,ニコラエ・グリゴレスク,nikorae・gurigoresuku
bănel nicoliță,バネル・ニコリツァ,baneru・nikoritsa
mirel rădoi,ミレル・ラドイ,mireru・radoi
daniela dodean,ダニエラ・ドデアン,daniera・dodean
dumitru prunariu,ドゥミトール・プルナリウ,dumitōru・purunariu
sebastian stan,セバスチャン・スタン,sebasuchan・sutan
gabriel torje,ガブリエル・トルジェ,gaburieru・toruje
miodrag belodedici,ミオドラグ・ベロデディチ,miodoragu・berodedichi
horia tecău,ホリア・テカウ,horia・tekau
roxana luca,ログザナ・ルカ,roguzana・ruka
loredana groza,ロレダナ・グローザ,roredana・gurōza
george georgescu,ジョルジェ・ジョルジェスク,joruje・jorujesuku
florin vlaicu,フロリン・ブライク,furorin・buraiku
florin mergea,フロリン・メルジェ,furorin・meruje
florin cioabă,フロリン・チョアバ,furorin・choaba
adrian popa,アドリアン・ポパ,adorian・popa
gheorghe mureșan,ゲオルゲ・ムレシャン,georuge・mureshan
elina löwensohn,エリナ・レーヴェンソン,erina・rēvuェnson
corina ungureanu,コリーナ・ウングレアーヌ,korīna・ungureānu
florentin petre,フローレンティン・ペトレ,furōrentin・petore
francisc munteanu,フランチスク・ムンティアヌ,furanchisuku・muntianu
marius tincu,マリウス・ティンク,mariusu・tinku
nicu ceaușescu,ニク・チャウシェスク,niku・chaushesuku
daniel ghiță,ダニエル・ギタ,danieru・gita
gavril balint,ガヴリル・バリント,gavuriru・barinto
ilie dumitrescu,イリエ・ドゥミトレスク,irie・dumitoresuku
ion mihai pacepa,イオン・ミハイ・パチェパ,ion・mihai・pachepa
nicușor stanciu,ニコラエ・スタンチュ,nikorae・sutanchu
răzvan lucescu,ラズヴァン・ルチェスク,razuvan・ruchesuku
andrei cristea,アンドレイ・クリステア,andorei・kurisutea
andrei filimon,アンドレイ・フィリモン,andorei・firimon
ioan dumitrache,イオン・ドゥミトラチェ,ion・dumitorache
radu korne,ラドゥ・コルーネ,radu・korūne
aurelian chițu,アウレリアン・キツ,aurerian・kitsu
nicolae tătăranu,ニコラエ・タタラヌ,nikorae・tataranu
toni tecuceanu,トニ・テクチェアヌ,toni・tekucheanu
andreea răducan,アンドレーア・ラドゥカン,andorēa・radukan
claudiu keșerü,クラウディウ・ケセル,kuraudiu・keseru
radu lupu,ラドゥ・ルプ,radu・rupu
claudiu niculescu,クラウディウ・ニクレスク,kuraudiu・nikuresuku
mihai lazăr,ミハイ・ラザール,mihai・razāru
bogdan stoica,ボグダン・ストイカ,bogudan・sutoika
gabriel popescu,ガブリエル・ポペスク,gaburieru・popesuku
cosmin olăroiu,コスミン・オラロイ,kosumin・oraroi
anamaria vartolomei,アナマリア・ヴァルトロメイ,anamaria・varutoromei
octavian abrudan,オクタヴィアン・アブルダン,okutavian・aburudan
ovidiu tonița,オヴィディウ・トニツァ,ovidiu・tonitsa
lidia lipkovskaia,リディア・リプコフスカヤ,ridia・ripukofusukaya
denis alibec,デニス・アリベク,denisu・aribeku
andrei ivanovici,アンドレイ・イヴァノヴィチ,andorei・ivanovichi
eric de oliveira pereira,エリック・デ・オリベイラ・ペレイラ,erikku・de・oribeira・pereira
lucien goldmann,リュシアン・ゴルドマン,ryushian・gorudoman
cornel dinu,コルネル・ディヌ,koruneru・dinu
cosmin matei,コスミン・マテイ,kosumin・matei
ionel perlea,イオネル・ペルレア,ioneru・perurea
cosmin moți,コスミン・モツィ,kosumin・motsi
mircea rednic,ミルチェア・レドニク,miruchea・redoniku
cristian oroș,クリスティアン・オロシュ,kurisutian・oroshu
nicolae mitea,ニコラエ・ミテア,nikorae・mitea
marius copil,マリウス・コピル,mariusu・kopiru
constantin budescu,コンスタンティン・ブデスク,konsutantin・budesuku
mihai răduț,ミハイ・ラドゥツ,mihai・radutsu
vladimir ghika,ウラジミール・ギカ,urajimīru・gika
constantin cantacuzino,コンスタンティン・カンタクジノ,konsutantin・kantakujino
gabriela potorac,ガブリエラ・ポトラック,gaburiera・potorakku
ionel dănciulescu,イオネル・ダンチウレスク,ioneru・danchiuresuku
valentin calafeteanu,バレンティン・カラフェテアヌ,barentin・karafeteanu
paul papp,パウル・パップ,pauru・pappu
cornel gheorghe,コルネル・ゲオルゲ,koruneru・georuge
cătălin hîldan,カタリン・ヒルダン,katarin・hirudan
serge moscovici,セルジュ・モスコヴィッシ,seruju・mosukovisshi
ionel ganea,ヨアン・ガネア,yoan・ganea
doina rotaru,ドイナ・ロタル,doina・rotaru
marius lăcătuș,マリウス・ラカトゥシュ,mariusu・rakatushu
serge klarsfeld,セルジュ・クラルスフェルト,seruju・kurarusuferuto
lascăr catargiu,ラスカル・カタルジュ,rasukaru・kataruju
lászló tőkés,トゥーケーシュ・ラースロー,tūkēshu・rāsurō
anghel iordănescu,アンゲル・ヨルダネスク,angeru・yorudanesuku
george țucudean,ジョルジェ・ツクデアン,joruje・tsukudean
dan petrescu,ダン・ペトレスク,dan・petoresuku
marian oprea,マリアン・オプレア,marian・opurea
daniel isăilă,ダニエル・イザイラ,danieru・izaira
barbu catargiu,バルブ・カタルジュ,barubu・kataruju
costin lazăr,コスティン・ラザル,kosutin・razaru
lucian sânmărtean,ルチアン・スンマルテアン,ruchian・sunmarutean
alexandru maxim,アレクサンドル・マキシム,arekusandoru・makishimu
vlad chiricheș,ヴラド・キリケシュ,vurado・kirikeshu
gheorghe tătărescu,ゲオルゲ・タタレスク,georuge・tataresuku
gabriel enache,ガブリエル・エナケ,gaburieru・enake
emil klein,エミール・クライン,emīru・kurain
victor brauner,ヴィクトル・ブローネル,vikutoru・burōneru
alexandru mățel,アレクサンドル・マツェル,arekusandoru・matseru
otmar szafnauer,オトマー・サフナウアー,otomā・safunauā
dan nistor,ダン・ニストル,dan・nisutoru
valentin ceaușescu,ヴァレンティン・チャウシェスク,varentin・chaushesuku
ioan petru culianu,ヨアン・ペテル・クリアーノ,yoan・peteru・kuriāno
alexander bălănescu,アレクサンダー・バラネスク,arekusandā・baranesuku
ovidiu hațegan,オヴィディウ・ハツェガン,ovidiu・hatsegan
simona richter,シモナ・リクテル,shimona・rikuteru
marcel iureș,マーセル・ユーレス,māseru・yūresu
kehinde fatai,ケヒンデ・ファタイ,kehinde・fatai
ovidiu burcă,オビデュ・ブルカ,obidyu・buruka
constantin ion parhon,コンスタンティン・イオン・パルホン,konsutantin・ion・paruhon
ciprian tătărușanu,チプリアン・タタルシャヌ,chipurian・tatarushanu
horațiu rădulescu,ホラチウ・ラドゥレスク,horachiu・raduresuku
dorel stoica,ドレル・ストイカ,doreru・sutoika
bogdan stancu,ボグダン・スタンク,bogudan・sutanku
ludovic orban,ルドビク・オルバン,rudobiku・oruban
béla károlyi,カーロイ・ベーラ,kāroi・bēra
călin peter netzer,カリン・ピーター・ネッツァー,karin・pītā・nettsā
sergiu comissiona,セルジュ・コミッショーナ,seruju・komisshōna
roman vlad,ロマン・ヴラド,roman・vurado
dragoș firțulescu,ドラゴシュ・フィルツレスク,doragoshu・firutsuresuku
ștefan ruha,シュテファン・ルハ,shutefan・ruha
mihai pintilii,ミハイ・ピンティリイ,mihai・pintirii
radu aldulescu,ラドゥ・アルドゥレスク,radu・aruduresuku
mihail lascăr,ミハイル・ラスカル,mihairu・rasukaru
dănuț coman,ダヌツ・コマン,danutsu・koman
corneliu teodorini,コルネリウ・テオドリニ,koruneriu・teodorini
diana dondoe,ディアナ・ドンドー,diana・dondō
sabin țambrea,ザビン・タンブレア,zabin・tanburea
fritz klein,フリッツ・クライン,furittsu・kurain
eusebie mandicevschi,オイゼビウス・マンディチェフスキ,oizebiusu・mandichefusuki
eugen ciceu,オイゲン・キケロ,oigen・kikero
marius șumudică,マリウス・シュムディカ,mariusu・shumudika
george ogăraru,ゲオルゲ・オガラル,georuge・ogararu
preda mihăilescu,プレダ・ミハイレスク,pureda・mihairesuku
constantin gâlcă,コンスタンティン・ガルカ,konsutantin・garuka
klaus iohannis,クラウス・ヨハニス,kurausu・yohanisu
isidore isou,イジドール・イズー,ijidōru・izū
gheorghe craioveanu,ゲオルゲ・クライオヴェアヌ,georuge・kuraiovuェanu
paul constantinescu,パウル・コンスタンティネスク,pauru・konsutantinesuku
ovidiu hoban,オヴィディウ・ホバン,ovidiu・hoban
theodor aman,テオドール・アマン,teodōru・aman
florin niță,フローリン・ニツァ,furōrin・nitsa
ioan andone,ヨアン・アンドネ,yoan・andone
andreea chițu,アンドレア・キトゥ,andorea・kitu
mihai leu,ミハエル・ロエベ,mihaeru・roebe
lucian bute,ルシアン・ブーテ,rushian・būte
andreea bălan,アンドレア・バラン,andorea・baran
ion voicu,イオン・ヴォイク,ion・vuォiku
corina căprioriu,コリーナ・カプリオリウ,korīna・kapurioriu
mihaela buzărnescu,ミハエラ・ブザルネスク,mihaera・buzarunesuku
grigoraș dinicu,グリゴラシュ・ディニク,gurigorashu・diniku
george becali,ジジ・ベカリ,jiji・bekari
romario benzar,ロマーリオ・ベンザル,romārio・benzaru
cristian tănase,クリスティアン・タナセ,kurisutian・tanase
francis chagrin,フランシス・シャグラン,furanshisu・shaguran
ioan lupescu,イオン・ルペスク,ion・rupesuku
constantin christescu,コンスタンチン・クリステスク,konsutanchin・kurisutesuku
sebastian ciobanu,セバスチャン・チオバヌ,sebasuchan・chiobanu
alexandru șerbănescu,アレクサンドル・シェルバネスク,arekusandoru・sherubanesuku
vladimir orlov,ヴラディーミル・オルロフ,vuradīmiru・orurofu
iosif conta,イオシフ・コンタ,ioshifu・konta
nicolae titulescu,ニコラエ・ティトゥレスク,nikorae・tituresuku
nneka onyejekwe,ネーカ・オンイェジェクウェ,nēka・onyejekuwe
aurel vlaicu,アウレル・ヴライク,aureru・vuraiku
cristian melinte,クリスティアン・メリンテ,kurisutian・merinte
ilie șteflea,イリエ・シュテフレア,irie・shutefurea
gheorghe manoliu,ゲオルゲ・マノリウ,georuge・manoriu
laurențiu brănescu,ラウレンティウ・ブラネスク,raurentiu・buranesuku
edward luttwak,エドワード・ルトワック,edowādo・rutowakku
zoltán kelemen,ケレメン・ゾルターン,keremen・zorutān
nicolae cambrea,ニコラエ・カンブレア,nikorae・kanburea
charles bruck,シャルル・ブリュック,sharuru・buryukku
ionuț iftimoaie,イオヌット・イフティモアイエ,ionutto・ifutimoaie
adrian bejan,エイドリアン・ベジャン,eidorian・bejan
ada milea,アダ・ミリャ,ada・mirya
cătălin moroșanu,カタリン・モロサヌ,katarin・morosanu
geo bogza,ジェオ・ボグザ,jeo・boguza
rona hartner,ローナ・ハートナー,rōna・hātonā
constantin pantazi,コンスタンチン・パンタツ,konsutanchin・pantatsu
constantin prezan,コンスタンチン・プレザン,konsutanchin・purezan
steliano filip,ステリアーノ・フィリプ,suteriāno・firipu
benjamin fondane,バンジャマン・フォンダーヌ,banjaman・fondānu
cătălin țăranu,タラヌ・カタリン,taranu・katarin
mihail moruzov,ミハイル・モルゾフ,mihairu・moruzofu
constantin nica,コンスタンティン・ニカ,konsutantin・nika
ștefan gușă,ステファン・グシェ,sutefan・gushe
marian cristescu,マリアン・クリステスク,marian・kurisutesuku
mihai cioc,ミハイ・シオク,mihai・shioku
mircea frățică,ミルチャ・フラティカ,mirucha・furatika
istván kovács,イシュトヴァーン・コヴァーチ,ishutovān・kovāchi
mihai macovei,ミハイ・マコベイ,mihai・makobei
viorica dăncilă,ヴィオリカ・ダンチラ,viorika・danchira
camil marinescu,カミル・マリネスク,kamiru・marinesuku
andreea antonescu,アンドレア・アントネスク,andorea・antonesuku
aura urziceanu,アウラ・ウルジチェアヌ,aura・urujicheanu
ion coman,イオン・コーマン,ion・kōman
donca steriade,ドンカ・ステリアーデ,donka・suteriāde
gheorghe cucu,ゲオルゲ・クク,georuge・kuku
mircea basarab,ミルチャ・バサラブ,mirucha・basarabu
raluca turcan,ラルカ・トゥルカン,raruka・turukan
florin andone,フロリン・アンドネ,furorin・andone
yusuf isa halim,ユスフ・イサ・ハリム,yusufu・isa・harimu
emil simon,エミル・シモン,emiru・shimon
mihail aslan,ミハイ・アスラーン,mihai・asurān
cristian manea,クリスティアン・マネア,kurisutian・manea
dorin recean,ドリン・レチャン,dorin・rechan
ianis hagi,ヤニス・ハジ,yanisu・haji
ionuț nedelcearu,ヨヌツ・ネデルチャル,yonutsu・nederucharu
maia sandu,マイア・サンドゥ,maia・sandu
răzvan marin,ラズヴァン・マリン,razuvan・marin
otar turașvili,オタル・トゥラシビリ,otaru・turashibiri
julia sauter,ユリア・ザウター,yuria・zautā
erwin stoff,アーウィン・ストフ,āwin・sutofu
doina bumbea,ドイナ・ブンベア,doina・bunbea
andrei ivan,アンドレイ・イヴァン,andorei・ivan
ioan niculae,ヨアン・ニクラエ,yoan・nikurae
dragoș nedelcu,ドラゴシュ・ネデルク,doragoshu・nederuku
daniel natea,ダニエル・ナテア,danieru・natea
beatrice huștiu,ベアトリス・フスティウ,beatorisu・fusutiu
florin surugiu,フロリン・スルジュ,furorin・suruju
marcel ciolacu,マルチェル・チョラク,marucheru・choraku
dennis man,デニス・マン,denisu・man
cosmin bîrnoi,コスミン・ブルノイ,kosumin・burunoi
cristian albu,アレクサンドル・アルブ,arekusandoru・arubu
ionuț radu,ヨヌーツ・ラドゥ,yonūtsu・radu
ovidiu horșia,オヴィディウ・ホルシア,ovidiu・horushia
florin cîțu,フロリン・クツ,furorin・kutsu
florian munteanu,フロリアン・ムンテアヌ,furorian・munteanu
bianca andreescu,ビアンカ・アンドレースク,bianka・andorēsuku
tudor băluță,トゥドゥール・バルツァ,tudūru・barutsa
alexandru cicâldău,アレクサンドル・チクルダウ,arekusandoru・chikurudau
răzvan oaidă,ラズヴァン・オアイダ,razuvan・oaida
răzvan trif,ラズヴァン・トリフ,razuvan・torifu
denis drăguș,デニス・ドラグシュ,denisu・doragushu
dumitru enescu,ドゥミトル・エネスク,dumitoru・enesuku
bernadette szőcs,ベルナデッテ・スッチ,berunadette・sutchi
alexandru mitriță,アレクサンドル・ミトリツァ,arekusandoru・mitoritsa
florinel coman,フロリネル・コマン,furorineru・koman
claudiu petrila,クラウディウ・ペトリラ,kuraudiu・petorira
ianis stoica,ヤニス・ストイカ,yanisu・sutoika
alex pașcanu,アレックス・パシュカヌ,arekkusu・pashukanu
ștefan târnovanu,シュテファン・タルノヴァヌ,shutefan・tarunovanu
george pușcaș,ゲオルゲ・プスカシュ,georuge・pusukashu
alex dobre,アレックス・ドブレ,arekkusu・dobure
robert ion,ロベルト・イオン,roberuto・ion
olimpiu moruțan,オリンピウ・モルタン,orinpiu・morutan
alec secăreanu,アレック・セカレアヌ,arekku・sekareanu
andrei rațiu,アンドレイ・ラティウ,andorei・ratiu
radu boboc,ラドゥ・ボボク,radu・boboku
dumitru comănescu,ドミトル・コマネスク,domitoru・komanesuku
adina pintilie,アディナ・ピンティリエ,adina・pintirie
karim adeyemi,カリム・アデイェミ,karimu・adeyemi
cătălin itu,カタリン・イトゥ,katarin・itu
maria fotino,マリア・フォティノ,maria・fotino
florin borța,フロリン・ボルツァ,furorin・borutsa
valentin mihăilă,ヴァレンティン・ミハイラ,varentin・mihaira
horațiu moldovan,ホラツィウ・モルドヴァン,horatsiu・morudovan
nicolae ciucă,ニコラエ・チウカ,nikorae・chiuka
radu drăgușin,ラドゥ・ドラグシン,radu・doragushin
david miculescu,ダヴィド・ミクレスク,davido・mikuresuku
alexandru pantea,アレクサンドル・パンテア,arekusandoru・pantea
david popovici,ダビド・ポポビッチ,dabido・popobitchi
octaviangeorge popescu,オクタヴィアン・ポペスク,okutavian・popesuku
natalia gavrilița,ナタリア・ガブリリツァ,nataria・gaburiritsa
enes sali,エネス・サリ,enesu・sari
ionuț mitran,ヨヌツ・ミトラン,yonutsu・mitoran
andrei istrate,アンドレイ・イストラテ,andorei・isutorate
mihai popa,ミハイ・ポパ,mihai・popa
târgoviște,トゥルゴヴィシュテ,turugovishute
brăila,ブライラ,buraira
cluj arena,クルジュ・アレナ,kuruju・arena
românia,ルーマニア,rūmania
iași,ヤシ,yashi
suceava,スチャヴァ,suchava
bistrița,ビストリツァ,bisutoritsa
pitești,ピテシュティ,piteshuti
reșița,レシツァ,reshitsa
constanța,コンスタンツァ,konsutantsa
stepa euroasiatică,ユーラシア・ステップ,yūrashia・suteppu
brașov,ブラショヴ,burashovu
craiova,クラヨーヴァ,kurayōva
sibiu,シビウ,shibiu
timișoara,ティミショアラ,timishoara
galați,ガラツィ,garatsi
tarom,タロムコウクウ,taromukoukuu
banat,バナト,banato
focșani,フォクシャニ,fokushani
nogai,ノガイゾク,nogaizoku
vaslui,ヴァスルイ,vasurui
tulcea,トゥルチャ,turucha
botoșani,ボトシャニ,botoshani
zărnești,ザルネシュティ,zaruneshuti
valahia,ワラキア,warakia
arad,アラド,arado
oradea,オラデア,oradea
sighișoara,シギショアラ,shigishoara
râmnicu vâlcea,ルムニク・ヴルチャ,rumuniku・vurucha
alba iulia,アルバ・ユリア,aruba・yuria
bucovina,ブコヴィナ,bukovina
buzău,ブザウ,buzau
ploiești,プロイェシュティ,puroyeshuti
giurgiu,ジュルジュ,juruju
târgu jiu,トゥルグ・ジウ,turugu・jiu
sfântu gheorghe,スフントゥ・ゲオルゲ,sufuntu・georuge
deva,デヴァ,deva
bucurești,ブカレスト,bukaresuto
leu românesc,ルーマニア・レウ,rūmania・reu
dobrogea,ドブロジャ,doburoja
muntenia,ムンテニア,muntenia
lugoj,ルゴジ,rugoji
balș,バルシュ,barushu
caransebeș,カランセベシュ,karansebeshu
borșa,ボルシャ,borusha
turda,トゥルダ,turuda
transilvania,トランシルヴァニア,toranshiruvania
târgu mureș,トゥルグ・ムレシュ,turugu・mureshu
delta dunării,ドナウ・デルタ,donau・deruta
hunedoara,フネドアラ,funedoara
oltenia,オルテニア,orutenia
baia mare,バヤ・マレ,baya・mare
satu mare,サトゥ・マーレ,satu・māre
călărași,カララシ,kararashi
sinaia,シナヤ,shinaya
slobozia,スロボジア,surobojia
buftea,ブフテア,bufutea
holcim,ホルシムグループ,horushimugurūpu
stepa pontocaspică,ポントス・カスピカイソウゲン,pontosu・kasupikaisougen
fetești,フェテシュティ,feteshuti
dej,デジ,deji
caracal,カラカル,karakaru
râmnicu sărat,ルムニク・サラト,rumuniku・sarato
roșiorii de vede,ロシオリイ・デ・ヴェデ,roshiorii・de・vuェde
buhuși,ブフシ,bufushi
odorheiu secuiesc,オドルヘユ・セクイエスク,odoruheyu・sekuiesuku
blaj,ブラジ,buraji
comănești,コマネシュティ,komaneshuti
dorohoi,ドロホイ,dorohoi
băicoi,バイコイ,baikoi
băilești,バイレシュティ,baireshuti
filiași,フィリアシ,firiashi
supercupa româniei,スーペルクパ・ロムニエイ,sūperukupa・romuniei
fălticeni,ファルティチェニ,faruticheni
sulina,スリナ,surina
sighetu marmației,シゲトゥ・マルマツィエイ,shigetu・marumatsiei
voluntari,ヴォルンタリ,vuォruntari
bucharest ring,ブカレスト・リンク,bukaresuto・rinku
târgu secuiesc,トゥルグ・セクイエスク,turugu・sekuiesuku
arena națională,スタディオヌル・ナツィオナル,sutadionuru・natsionaru
horă,ホラ,hora
călușarii,カルシャリ,karushari
luduș,ルドゥシュ,rudushu
câmpulung moldovenesc,クンプルング・モルドヴェネスク,kunpurungu・morudovuェnesuku
curtea de argeș,クルテア・デ・アルジェシュ,kurutea・de・arujeshu
sebeș,セベシュ,sebeshu
mioveni,ミオヴェニ,miovuェni
cernavodă,チェルナヴォダ,cherunavuォda
pașcani,パシュカニ,pashukani
oltenița,オルテニツァ,orutenitsa
transfăgărășan,トランスファガラシャン,toransufagarashan
cupa balcanică,バルカン・カップ,barukan・kappu
mangalia,マンガリア,mangaria
câmpia turzii,クンピア・トゥルジー,kunpia・turujī
urziceni,ウルジチェニ,urujicheni
rădăuți,ラダウツィ,radautsi
moinești,モイネシュティ,moineshuti
gherla,ゲルラ,gerura
moreni,モレニ,moreni
făgăraș,ファガラシュ,fagarashu
medgidia,メドジディア,medojidia
petroșani,ペトロシャニ,petoroshani
vatra dornei,ヴァトラ・ドルネイ,vatora・dorunei
marghita,マルギタ,marugita
powerwolf,パワーウルフ,pawāurufu
cupa ligii,クパ・リギー,kupa・rigī
universitatea babeșbolyai,バベシュ・ボーヤイダイガク,babeshu・bōyaidaigaku
onești,オネシュティ,oneshuti
tecuci,テクチ,tekuchi
carpatair,カルパトエア,karupatoea
brad,ブラド,burado
turnu măgurele,トゥルヌ・マグレレ,turunu・magurere
corabia,コラビア,korabia
drăgășani,ドラガシャニ,doragashani
gheorgheni,ゲオルゲニ,georugeni
carei,カレイ,karei
salonta,サロンタ,saronta
lupeni,ルペニ,rupeni
târnăveni,トゥルナヴェニ,turunavuェni
codlea,コドレア,kodorea
electrecord,エレクトレコード,erekutorekōdo
centura alpidă,アルプス・ヒマラヤツクリヤマタイ,arupusu・himarayatsukuriyamatai
siret,シレト,shireto
stadionul ilie oană,スタディオヌル・イリエ・オアナ,sutadionuru・irie・oana
lupii bucurești,ルーマニアン・ウルブズ,rūmanian・urubuzu
servtrans,セルブトランス,serubutoransu
scînteia,スクンテイア,sukunteia
centrul civic,チェントルル・チヴィク,chentoruru・chiviku
liga națională de rugby,リーガ・ナツィオナーラ・デ・ラグビー,rīga・natsionāra・de・ragubī
fly project,フライ・プロジェクト,furai・purojekuto
canalul dunărebucurești,ドナウ・ブカレストウンガ,donau・bukaresutounga
roton,ロトン,roton
transhumanță,ウツリマキ,utsurimaki
stadionul marin anastasovici,スタディオヌル・マリン・アナスタソヴィチ,sutadionuru・marin・anasutasovichi
bacău,バカウ,bakau
moldova,モルダヴィア,morudavia
stadionul steaua,スタディオヌル・ステアウア,sutadionuru・suteaua
zoltan lunka,ゾルタン・ルンカ,zorutan・runka
zoltan mesko,ゾルタン・メスコ,zorutan・mesuko
martha bibescu,マルト・ビベスコ,maruto・bibesuko
chivu stoica,キヴ・ストイカ,kivu・sutoika
raed arafat,ラーイド・アラファト,rāido・arafato
lavinia miloșovici,ラビニア・ミロソビッチ,rabinia・mirosobitchi
otto ackermann,オットー・アッカーマン,ottō・akkāman
daniel spoerri,ダニエル・スペーリ,danieru・supēri
florin niculescu,フローリン・ニクレスク,furōrin・nikuresuku
octavian goga,オクタヴィアン・ゴガ,okutavian・goga
gheorghe alexianu,ゲオルゲ・アレクシアヌ,georuge・arekushianu
argentina menis,アルゲンティーナ・メニシュ,arugentīna・menishu
roxana scarlat,ロクサナ・スカルラット,rokusana・sukaruratto
ilie bărbulescu,イリエ・バルブレスク,irie・baruburesuku
dan bălan,ダン・バラン,dan・baran
ilie verdeț,イリエ・ヴェルデット,irie・vuェrudetto
petru groza,ペテル・グローザ,peteru・gurōza
sandra izbașa,サンドラ・イズバサ,sandora・izubasa
edina gallovitshall,エディナ・ガロビッツ,edina・garobittsu
cătălina ponor,カタリナ・ポノル,katarina・ponoru
daniela costian,ダニエラ・コスティアン,daniera・kosutian
ana aslan,アナ・アスラン,ana・asuran
adriana hölszky,アドリアーナ・ヘルツキー,adoriāna・herutsukī
cornelia tăutu,コルネリア・タゥトゥ,koruneria・taゥtu
ilena gheorghi,エレナ・ゲオルゲ,erena・georuge
raoul gunsbourg,ラウル・ギュンブール,rauru・gyunbūru
lucian croitoru,ルチアン・クロイトル,ruchian・kuroitoru
titu maiorescu,ティトゥ・マイオレスク,titu・maioresuku
wilhelm georg berger,ゲオルク・ヴィルヘルム・ベルガー,georuku・viruherumu・berugā
adrian neaga,アドリアン・ネアガ,adorian・neaga
corina crețu,コリーナ・クレツ,korīna・kuretsu
violeta dinescu,ヴィオレッタ・ディネスク,vioretta・dinesuku
joseph lateiner,ジョーゼフ・ラタイナー,jōzefu・ratainā
jános kemény,ケメーニ・ヤーノシュ,kemēni・yānoshu
victor babeș,ビクトル・バベシュ,bikutoru・babeshu
nicolae rădescu,ニコラエ・ラデスク,nikorae・radesuku
marian aliuță,マリアン・アリウツァ,marian・ariutsa
nicolae linca,ニコラエ・リンカ,nikorae・rinka
petre becheru,ペトレ・ベケル,petore・bekeru
titus corlățean,ティトゥス・コルラツェアン,titusu・koruratsean
ion dincă,イオン・ディンカ,ion・dinka
iurie leancă,ユリエ・レアンカ,yurie・reanka
adelina oprean,アデリーナ・オプリーン,aderīna・opurīn
mihai trăistariu,ミハイ・トライスタリウ,mihai・toraisutariu
mugur isărescu,ムグル・イサレスク,muguru・isaresuku
laurențiu reghecampf,ラウレンツィウ・レゲカンプ,raurentsiu・regekanpu
gheorghe vrănceanu,ゲオルゲ・ヴランチャーヌ,georuge・vuranchānu
vintilă horia,ヴィンティラ・ホリア,vintira・horia
marian simion,マリアン・シミオン,marian・shimion
robert steinberg,ロベルト・シュタインベルク,roberuto・shutainberuku
anca parghel,アンカ・パーゲル,anka・pāgeru
elena văcărescu,エレナ・ヴァカレスク,erena・vakaresuku
raluca strămăturaru,ラルカ・シュトラマトゥラル,raruka・shutoramaturaru
ana porgras,アナ・ポルグラス,ana・porugurasu
áron márton,マールトン・アーロン,māruton・āron
andrei marga,アンドレイ・マルガ,andorei・maruga
vladimir filat,ヴラド・フィラト,vurado・firato
gheorghe dinică,ゲオルゲ・ディニカ,georuge・dinika
nicoleta grasu,ニコレタ・グラス,nikoreta・gurasu
cornel țăranu,コルネル・タラヌ,koruneru・taranu
marcel hellman,マルセル・ヘルマン,maruseru・heruman
arnold rosé,アルノルト・ロゼ,arunoruto・roze
alexandru marghiloman,アレクサンドル・マルギロマン,arekusandoru・marugiroman
éva tófalvi,エヴァ・トファルヴィ,eva・tofaruvi
nadia gray,ナディア・グレイ,nadia・gurei
jean alexandru steriadi,ジャン・アレクサンドル・ステリアディ,jan・arekusandoru・suteriadi
ioan fiscuteanu,ヨアン・フィスクティーヌ,yoan・fisukutīnu
ion gheorghe maurer,イオン・ゲオルゲ・マウレル,ion・georuge・maureru
marcel iancu,マルセル・ヤンコ,maruseru・yanko
michael radulescu,ミヒャエル・ラドレスク,mihyaeru・radoresuku
adrian bumbescu,アドリアン・ブンベスク,adorian・bunbesuku
radu vasile,ラドゥ・バシレ,radu・bashire
constantina diță,コンスタンティナ・ディタ,konsutantina・dita
lupu pick,ルプ・ピック,rupu・pikku
sorin cîrțu,ソリン・カルトゥ,sorin・karutu
maria olaru,マリア・オラル,maria・oraru
cristian dănălache,クリスティアン・ダナラケ,kurisutian・danarake
mihai costea,ミハイ・コステア,mihai・kosutea
steve holmes,スティーブ・ホルムズ,sutību・horumuzu
lazăr șăineanu,ラザル・シャイネヤヌ,razaru・shaineyanu
dorel simion,ドレル・シミオン,doreru・shimion
adrian ungur,アドリアン・ウングル,adorian・unguru
nicolae dobrin,ニコラエ・ドブリン,nikorae・doburin
andrei alexandrescu,アンドレイ・アレキサンドレスク,andorei・arekisandoresuku
carol lambrino,カロル・ランブリノ,karoru・ranburino
ion pop,イオン・ポップ,ion・poppu
adrian iorgulescu,アドリアン・イオルグレスク,adorian・ioruguresuku
constantin marin,マリーン・コンスタンティン,marīn・konsutantin
mihaela stănuleț,ミハエラ・スタヌレツ,mihaera・sutanuretsu
lucian goian,ルチアン・ゴヤン,ruchian・goyan
adolf albin,アドリフ・アルビン,adorifu・arubin
rudolph carl von ripper,ルドルフ・カール・フォン・リッパー,rudorufu・kāru・fon・rippā
vasile luca,ヴァスィーレ・ルカ,vasīre・ruka
hans bergel,ハンス・ベルゲル,hansu・berugeru
take ionescu,タケ・ヨネスク,take・yonesuku
ruxandra cesereanu,ルクサンドラ・チェセリアヌ,rukusandora・cheserianu
liviu comes,リヴィウ・コムス,riviu・komusu
géza szőcs,セーチ・ゲーザ,sēchi・gēza
pavel stratan,パヴェル・ストラタン,pavuェru・sutoratan
lucian sănmărtean,ルチアン・スンマルテアン,ruchian・sunmarutean
dănuț lupu,ダヌツ・ルプ,danutsu・rupu
nicodim munteanu,ニコディム・ムンテアヌ,nikodimu・munteanu
gheorghe tătărăscu,ゲオルゲ・タタレスク,georuge・tataresuku
radu jude,ラドゥ・ジュデ,radu・jude
elek schwartz,エレク・シュヴァルツ,ereku・shuvarutsu
gheorghe argeșanu,ゲオルゲ・アルジェシャヌ,georuge・arujeshanu
nicu vlad,ニク・ウラド,niku・urado
ludovic spiess,ルドヴィク・スピース,rudoviku・supīsu
emil bobu,エミール・ボブ,emīru・bobu
ștefan iovan,シュテファン・ヨヴァン,shutefan・yovan
manea mănescu,マネア・マネスク,manea・manesuku
lucian blaga,ルシアン・バルガ,rushian・baruga
gheorghe berceanu,ゲオルゲ・ベルチェアヌ,georuge・berucheanu
cristian ianu,クリスティアン・イアヌ,kurisutian・ianu
francisc spielmann,フランチスク・スピルマン,furanchisuku・supiruman
sergiu radu,セルジュ・ラドゥ,seruju・radu
ion gigurtu,イオン・ギグルツ,ion・gigurutsu
mădălina manole,マダリーナ・マノール,madarīna・manōru
nicolae manea,ニコラエ・マネア,nikorae・manea
mircea druc,ミルチャ・ドルク,mirucha・doruku
vasile pușcașu,バシレ・プシュカシュ,bashire・pushukashu
ion negoițescu,イオン・ネゴイツェスク,ion・negoitsesuku
ștefan procopiu,ステファン・プロコピウ,sutefan・purokopiu
hunor kelemen,ケレメン・フノール,keremen・funōru
ion țiriac,イオン・ティリアック,ion・tiriakku
vasile andrei,バシル・アンドレイ,bashiru・andorei
géza domokos,ドモコシュ・ゲーザ,domokoshu・gēza
liviu ciobotariu,リヴィウ・チョボタリウ,riviu・chobotariu
francisc vaștag,フランチスク・ヴァシュタグ,furanchisuku・vashutagu
leonte tismăneanu,レオンテ・ティスマネアヌ,reonte・tisumaneanu
yisroel avrohom portugal,イスロエル・アヴロホム・ポルトガル,isuroeru・avurohomu・porutogaru
pantelimon halippa,パン・ハリッパ,pan・harippa
violeta strămăturaru,ヴィオレタ・ストラマトゥラル,vioreta・sutoramaturaru
gherman pântea,ゲルマン・パンテア,geruman・pantea
david korner,デーヴィッド・ケルナー,dēviddo・kerunā
noni răzvan ene,ノニ・ラズヴァン・エネ,noni・razuvan・ene
elena lupescu,マグダ・ルペスク,maguda・rupesuku
anca petrescu,アンカ・ペトレスク,anka・petoresuku
iosif chișinevschi,ヨスィフ・キシネフスキ,yosifu・kishinefusuki
haiducii,ハイドゥチー,haiduchī
gheorghe apostol,ゲオルゲ・アポストル,georuge・aposutoru
vlad miriță,ヴラド・ミリツァ,vurado・miritsa
leonard doroftei,レナード・ドリン,renādo・dorin
ancuța bobocel,アンクタ・ボボセル,ankuta・boboseru
constantin stere,コンスタンティン・ステール,konsutantin・sutēru
tatiana stepa,タチアナ・ステパ,tachiana・sutepa
cezar petrescu,チェーザル・ペトレスク,chēzaru・petoresuku
gheorghe cristescu,ゲオルゲ・クリステク,georuge・kurisuteku
mădălin voicu,マダリン・ヴォイク,madarin・vuォiku
silvia stroescu,シルビア・ストロエスク,shirubia・sutoroesuku
paul pepene,パウル・ペペネ,pauru・pepene
teodora gheorghiu,テオドラ・ゲオルハイウ,teodora・georuhaiu
crin antonescu,クリン・アントネスク,kurin・antonesuku
gheorghe tattarescu,ゲオルゲ・タッタレスク,georuge・tattaresuku
gheorghe chiper,ゲオルゲ・チッパー,georuge・chippā
constantin a rosetti,コンスタンティン・アレクサンドル・ロゼッティ,konsutantin・arekusandoru・rozetti
petre andrei,ペテル・アンドレイ,peteru・andorei
justinian marina,ジュスティニアン・マリーナ,jusutinian・marīna
mircea geoană,ミルチャ・ジョアナ,mirucha・joana
mihai chițac,ミハイ・チツァック,mihai・chitsakku
simona păucă,シモナ・ポーカ,shimona・pōka
julius popper,ジュリアス・ポッパー,juriasu・poppā
bianca ghelber,ビアンカ・ペリエ,bianka・perie
fița lovin,フィタ・ロビン,fita・robin
mime misu,マイム・ミス,maimu・misu
emil hurezeanu,エミル・フレザヌ,emiru・furezanu
emil jula,エミール・ジュラ,emīru・jura
marius constant,マリユス・コンスタン,mariyusu・konsutan
ciprian foiaș,チプリアン・フォイアス,chipurian・foiasu
emil racoviță,エミル・ラコヴィツァ,emiru・rakovitsa
petre țuțea,ペトレ・ツツェア,petore・tsutsea
irina petrescu,イリーナ・ペトレスク,irīna・petoresuku
alla baianova,アッラー・バヤノワ,arrā・bayanowa
henry deutschmeister,アンリ・デューチュメイステル,anri・dyūchumeisuteru
valerian trifa,ヴァレリア・トリファ,vareria・torifa
gala galaction,ガラ・ガラクチオン,gara・garakuchion
gina gogean,ジーナ・ゴージャン,jīna・gōjan
marin preda,マリン・プレダ,marin・pureda
lucian marinescu,ルシアン・マリネスク,rushian・marinesuku
dan burincă,ダン・ブルニカ,dan・burunika
cristeana cojocaru,クリスティアーナ・コジョカル,kurisutiāna・kojokaru
toma caragiu,トマ・カラギウ,toma・karagiu
gheorghe constantin,ゲオルゲ・コンスタンティン,georuge・konsutantin
nicu constantin,ニク・コンスタンティン,niku・konsutantin
monica macovei,モニカ・マコヴェイ,monika・makovuェi
roxana mărăcineanu,ロクサナ・マラシネアヌ,rokusana・marashineanu
zaharia stancu,ハリア・スタンク,haria・sutanku
spiru haret,スピル・ハレット,supiru・haretto
horia macellariu,ホリア・マチェリャリウ,horia・macheryariu
erik lincar,エリック・リンカル,erikku・rinkaru
lucian pintilie,ルチアン・ピンティリエ,ruchian・pintirie
maria golopența,マリア・ゴロペンタ,maria・goropenta
maria forescu,マリア・フォレスク,maria・foresuku
georgiana birțoiu,ゲオルギアナ・ビルトー,georugiana・birutō
monica lovinescu,モニカ・ロヴィネスク,monika・rovinesuku
ramona pop,ラモーナ・ポップ,ramōna・poppu
ilie balaci,イリエ・バラチ,irie・barachi
delia matache,デリア・マタチェ,deria・matache
ioan holender,イオアン・ホレンダー,ioan・horendā
vasile patilineț,ヴァスィーレ・パティリネス,vasīre・patirinesu
emil loteanu,エミーリ・ロチャヌー,emīri・rochanū
serafim urechean,セラフィム・ウレケアン,serafimu・urekean
arianna sinn,アリアナ・シン,ariana・shin
pola illéry,ポーラ・イレリ,pōra・ireri
angela moroșanu,アンジェラ・モロサヌ,anjera・morosanu
mariana nicolesco,マリアナ・ニコレスコ,mariana・nikoresuko
valentin bădoi,ヴァレンティン・バドイ,varentin・badoi
pompiliu stoica,ポンピリウ・ストイカ,ponpiriu・sutoika
claudia presăcan,クラウディア・プレサカン,kuraudia・puresakan
jános fazekas,ファゼカシュ・ヤノシュ,fazekashu・yanoshu
iosif rotariu,ヨシフ・ロタリウ,yoshifu・rotariu
daniel florea,ダニエル・フロレア,danieru・furorea
mendi rodan,メンディ・ロダン,mendi・rodan
mircea badea,ミルチャ・バデア,mirucha・badea
loredana dinu,ロレダナ・ディヌ,roredana・dinu
sorin matei,ソリン・マテイ,sorin・matei
valentin miculescu,ヴァレンティン・ミクレスク,varentin・mikuresuku
ilie stan,イリエ・スタン,irie・sutan
corneliu baba,コルネリウ・ババ,koruneriu・baba
nicolae bretan,ニコラエ・ブレタン,nikorae・buretan
nicolae guță,ニコラエ・グッツァ,nikorae・guttsa
ramona maier,ラモーナ・マイヤー,ramōna・maiyā
liliana năstase,リリアナ・ナスターゼ,ririana・nasutāze
nicolae stanciu,ニコラエ・スタンチュ,nikorae・sutanchu
nicolae ungureanu,ニコラエ・ウングレアーヌ,nikorae・ungureānu
nicu covaci,ニク・コヴァチ,niku・kovachi
nae ionescu,ナエ・イオネスク,nae・ionesuku
florin halagian,フローリン・ハラジアン,furōrin・harajian
adrian păunescu,エイドリアン・パウネスキュー,eidorian・paunesukyū
florin șerban,フローリン・サーバン,furōrin・sāban
iuliu maniu,ユリウ・マニウ,yuriu・maniu
liviu rebreanu,リビウ・レブリヤヌ,ribiu・reburiyanu
anuța cătună,アヌタ・カツナ,anuta・katsuna
attila feri,フェリ・アッティラ,feri・attira
marius moga,マリアス・モガ,mariasu・moga
leonard orban,レオナルド・オルバン,reonarudo・oruban
elena udrea,エレナ・ウドリア,erena・udoria
alina eremia,アリナ・エレミア,arina・eremia
harry brauner,ハリー・ブローネル,harī・burōneru
oana ban,バン・オアナ,ban・oana
ion gavrilă ogoranu,イオン・ガブリラ・オゴラヌ,ion・gaburira・ogoranu
ella kovacs,エラ・コバクス,era・kobakusu
otilia bădescu,オティリア・バデスク,otiria・badesuku
paul călinescu,パウル・カリネスク,pauru・karinesuku
alfonso castaldi,アルフォンソ・カスタルディ,arufonso・kasutarudi
zoltan kelemen,ゾルターン・ケレメン,zorutān・keremen
alexandru ghica,アレクサンドル・ギカ,arekusandoru・gika
daniel dumitrescu,ダニエル・ドミトレスク,danieru・domitoresuku
cristina bontaș,クリスティーナ・ボンタシュ,kurisutīna・bontashu
ion mihalache,イオン・ミハラチェ,ion・miharache
rodion cămătaru,ロディオン・カマタル,rodion・kamataru
teodora ungureanu,テオドラ・ウングレアーヌ,teodora・ungureānu
gabriel boștină,ガブリエル・ボシュティナ,gaburieru・boshutina
emil bodnăraș,エミル・ボドナラス,emiru・bodonarasu
romica puceanu,ロミカ・プチャヌ,romika・puchanu
mirela pașca,ミレラ・パシュカ,mirera・pashuka
tataee,タテー,tatē
alexandra bellow,アレクサンドラ・ベロー,arekusandora・berō
corneliu porumboiu,コルネリウ・ポルンボユ,koruneriu・porunboyu
elena moșuc,エレーナ・モシュク,erēna・moshuku
veronica micle,ベロニカ・ミクレ,beronika・mikure
peter herbolzheimer,ペーター・ハーボルツハイマー,pētā・hāborutsuhaimā
cristea avram,クリス・アヴラム,kurisu・avuramu
georges manolescu,ゲオルゲス・マノレスク,georugesu・manoresuku
adrian sitaru,アドリアン・シタル,adorian・shitaru
cristian stoica,クリスティアン・ストイカ,kurisutian・sutoika
nicolae beloiu,ニコーレ・ベロウ,nikōre・berou
luminița gheorghiu,ルミニツァ・ゲオルジウ,ruminitsa・georujiu
florin salam,フローリン・サラーム,furōrin・sarāmu
gheorghe marinescu,ゲオルゲ・マリネスク,georuge・marinesuku
gheorghe megelea,ゲオルゲ・メゲレア,georuge・megerea
nicolae mărgineanu,ニコラエ・マルジネアヌ,nikorae・marujineanu
anca radici,アンカ・ラディチ,anka・radichi
andrei ivanovitch,アンドレイ・イヴァノヴィチ,andorei・ivanovichi
andrei mureșanu,アンドレイ・ムレシャヌ,andorei・mureshanu
ștefan andrei,ステファン・アンドレイ,sutefan・andorei
eugen barbu,オイゲン・バルブ,oigen・barubu
visarion puiu,ヴィサリオン・プイウ,visarion・puiu
iulian vlad,ユリアン・ヴラード,yurian・vurādo
leo butnaru,レオ・ブトナル,reo・butonaru
gheorghe liliac,ゲオルゲ・リリアク,georuge・ririaku
ianis zicu,ヤニス・ジク,yanisu・jiku
andrei oișteanu,アンドレイ・オイシュテアヌ,andorei・oishuteanu
gogu rădulescu,ゴグ・ラドゥレスク,gogu・raduresuku
nicolae dabija,ニコラエ・ダビハ,nikorae・dabiha
jean badovici,ジャン・バドヴィッチ,jan・badovitchi
gheorghe duca,ゲオルギー・ドゥカ,georugī・duka
vladimir cosma,ウラディミール・コスマ,uradimīru・kosuma
gabriel mureșan,ガブリエル・ムレシャン,gaburieru・mureshan
nicolae donici,ニコラエ・ドニチ,nikorae・donichi
iacob sternberg,ヤコブ・シュテルンベルグ,yakobu・shuterunberugu
israil bercovici,イスライル・ベルコヴィチ,isurairu・berukovichi
pantelimon erhan,パンテリモン・エルハン,panterimon・eruhan
gheorghe sarău,ゲオルゲ・サラウ,georuge・sarau
anton bibescu,アントン・ビベスコ,anton・bibesuko
mihai tararache,ミハイ・タララチェ,mihai・tararache
teohari georgescu,テオハリ・ジョルジェスク,teohari・jorujesuku
heimann hariton tiktin,ハイマン・ハリトン・ティトキン,haiman・hariton・titokin
andrei codrescu,アンドレイ・コドレスク,andorei・kodoresuku
grigore preoteasa,グリゴーレ・プレオターサ,gurigōre・pureotāsa
mosko alkalai,モスコ・アルカライ,mosuko・arukarai
emil imre,エミル・イムレ,emiru・imure
vladimir tismăneanu,ウラジーミル・ティスマネアヌ,urajīmiru・tisumaneanu
simona gherman,シモナ・ゲルマン,shimona・geruman
edouard lindenberg,エドゥアルト・リンデンベルク,eduaruto・rindenberuku
constantin pârvulescu,コンスタンティン・プルヴォレスク,konsutantin・puruvuォresuku
constantin dăscălescu,コンスタンティン・ダスカレスク,konsutantin・dasukaresuku
mihail sadoveanu,ミハイル・サドヴャーヌ,mihairu・sadovuャーnu
nicolae xenopol,ニコラエ・ゼノポール,nikorae・zenopōru
mugurel buga,ムグレル・ブーガ,mugureru・būga
ioan dragalina,イオン・ドラガリナ,ion・doragarina
anastasia lazariuc,アナスタシア・ラザリュク,anasutashia・razaryuku
dorin chirtoacă,ドリン・キルトアカ,dorin・kirutoaka
cezar lăzărescu,チェザル・ラザレスク,chezaru・razaresuku
cezar popescu,チェザル・ポペスク,chezaru・popesuku
christian beldi,クリスティアン・ベルディ,kurisutian・berudi
solomon marcus,ソロモン・マーコス,soromon・mākosu
andrei mureșan,アンドレイ・ムレシャン,andorei・mureshan
cosmina dușa,コスミナ・ドゥシャ,kosumina・dusha
ion marin,イオン・マリン,ion・marin
vlad plahotniuc,ウラジミール・プラホトニク,urajimīru・purahotoniku
iulian raicea,イウリアン・ライチャ,iurian・raicha
leontina văduva,レオンティーナ・ヴァドゥヴァ,reontīna・vaduva
florian pittiș,フロリアン・ピティス,furorian・pitisu
ilarie voronca,イラリエ・ヴォロンカ,irarie・vuォronka
ileana sonnabend,イリアナ・ソナベンド,iriana・sonabendo
varujan vosganian,ヴァルジャン・ヴォスゲイニアン,varujan・vuォsugeinian
ion stănescu,イオン・スタネスク,ion・sutanesuku
ion sturza,イオン・ストゥルザ,ion・suturuza
ionel augustin,イオネル・オーガスティン,ioneru・ōgasutin
cristian pop,クリスティアン・ポップ,kurisutian・poppu
céline arnauld,セリーヌ・アルノー,serīnu・arunō
george călinescu,ジョルジェ・カリネスク,joruje・karinesuku
violeta andrei,ヴィオレタ・アンドレイ,vioreta・andorei
andrei ropcea,アンドレイ・ロプシー,andorei・ropushī
isidor gansl,ガンスル・イジドル,gansuru・ijidoru
nicolae manolescu,ニコラエ・マノレスク,nikorae・manoresuku
leonte răutu,レオンテ・ロウト,reonte・routo
mircea dobrescu,ミルチェア・ドブレスク,miruchea・doburesuku
ermil gheorghiu,エルミル・ゲオルジウ,erumiru・georujiu
mihail majearu,ミハイル・マジェアル,mihairu・majearu
laurențiu roșu,ラウレンティウ・ロシュ,raurentiu・roshu
ion barbu,イオン・バルブ,ion・barubu
radu mihăileanu,ラデュ・ミヘイレアニュ,radyu・miheireanyu
dragoș băjenaru,ドラゴシュ・ベジェナル,doragoshu・bejenaru
simion stoilov,シミオン・ストイロフ,shimion・sutoirofu
adrian matei,アドリアン・マテイ,adorian・matei
boris ștefanov,ボリス・ステファンコフ,borisu・sutefankofu
eugen sârbu,ウジェーヌ・サルブ,ujēnu・sarubu
ion aldea teodorovici,イオン・アルデア・テオドロヴィチ,ion・arudea・teodorovichi
ion c ciobanu,イオン・コンスタンティン・チョバヌ,ion・konsutantin・chobanu
aurelia cionca,アウレリア・シオンカ,aureria・shionka
vitali holostenco,ヴィタリ・ホロステンコ,vitari・horosutenko
daniel ciugureanu,ダニエル・チュグレアヌ,danieru・chugureanu
andrei șerban,アンドレイ・セルバン,andorei・seruban
ștefan câlția,シュテファン・クルツィア,shutefan・kurutsia
ștefan tapalagă,シュテファン・タパラガ,shutefan・taparaga
eva mozes kor,エヴァ・モーゼス・コー,eva・mōzesu・kō
iustin moisescu,ジャスティン・モイセスク,jasutin・moisesuku
elisabeta bostan,エリザベータ・ボスタン,erizabēta・bosutan
octav băncilă,オクタヴ・バンキラ,okutavu・bankira
egon balas,エゴン・バラス,egon・barasu
florin constantinovici,フローリン・コンスタンティノヴィチ,furōrin・konsutantinovichi
constantin popovici,コンスタンティン・ポポビッチ,konsutantin・popobitchi
dumitru mazilu,ドゥミトル・マジル,dumitoru・majiru
decebal traian remeș,デチェバル・トライアン・レメシュ,dechebaru・toraian・remeshu
victor rebengiuc,ヴィクトル・レベンギュウク,vikutoru・rebengyuuku
constantin argetoianu,コンスタンティン・アルジェトイアヌ,konsutantin・arujetoianu
mitiță constantinescu,ミティツァ・コンスタンティネスク,mititsa・konsutantinesuku
dan pița,ダン・ピッツァ,dan・pittsa
esthera petre,エステラ・ペトル,esutera・petoru
ramona mănescu,ラモーナ・マネスク,ramōna・manesuku
ted dumitru,テッド・デュミトル,teddo・dyumitoru
ilarion ionescugalați,フローリン・ヨネスガラツィ,furōrin・yonesugaratsi
ciprian manolescu,シプリアン・マノレスク,shipurian・manoresuku
corneliu mănescu,コルネリウ・マネスク,koruneriu・manesuku
corneliu vadim tudor,コルネリウ・ヴァディム・チューダー,koruneriu・vadimu・chūdā
dan negru,ダン・ネグル,dan・neguru
florin bratu,フロリン・ブラトゥ,furorin・buratu
gabriel brezoianu,ガブリエル・ブレゾヤヌ,gaburieru・burezoyanu
hariclea darclée,エリクレア・ダルクレー,erikurea・darukurē
gabi luncă,ガビ・ルンカ,gabi・runka
dan alexa,ダン・アレクサ,dan・arekusa
marius gherman,マリウス・ゲルマン,mariusu・geruman
celestina popa,セレスティナ・ポパ,seresutina・popa
eugen țurcanu,エウジェン・ツォルカーノ,eujen・tsorukāno
mișu popp,ミシュ・ポプ,mishu・popu
dana nălbaru,ダナ・ナバルバ,dana・nabaruba
george sabin cutaș,ジョルジェ・サビン・クタシュ,joruje・sabin・kutashu
cristi puiu,クリスティ・プイウ,kurisuti・puiu
cristian mandeal,クリスティアン・マンデアル,kurisutian・mandearu
adrian avrămia,エイドリアン・アヴラミア,eidorian・avuramia
dumitru stângaciu,ドゥミトル・ストゥンガチウ,dumitoru・sutungachiu
mihaela ciobanu,ミアエラ・シオバヌ,miaera・shiobanu
nicolae lupu,ニコラエ・ルプ,nikorae・rupu
george constantinescu,ジェオルジェ・コンスタンティネスク,jeoruje・konsutantinesuku
george banu,ジョルジュ・バニュ,joruju・banyu
georges de bellio,ジョルジュ・ド・ベリオ,joruju・do・berio
roxana cocoș,ロクサナダニエラ・ココス,rokusanadaniera・kokosu
grigore antipa,グリゴーレ・アンティパ,gurigōre・antipa
gabriel oprea,ガブリエル・オプレア,gaburieru・opurea
gabriel sîncrăian,ガブリエル・シンクレヤン,gaburieru・shinkureyan
gabriela mărginean,ガブリエラ・マルジネアン,gaburiera・marujinean
daniel carpo,ダニエル・カルポ,danieru・karupo
daniel dociu,ダニエル・ドシウ,danieru・doshiu
alexandru manta,アレクサンドル・マンタ,arekusandoru・manta
mircea mureșan,ミルチャ・ミュアサン,mirucha・myuasan
cătălin predoiu,カタリン・プレドユ,katarin・puredoyu
hugo luz,ウーゴ・ルス,ūgo・rusu
adrian ursu,アドリアン・ウルス,adorian・urusu
dem i dobrescu,デメトル・イオン・ドブレスク,demetoru・ion・doburesuku
tudorel stoica,トゥドレル・ストイカ,tudoreru・sutoika
eugen trică,エウジェン・トリカ,eujen・torika
dan constantinescu,ダン・コンスタンティネスク,dan・konsutantinesuku
radu muntean,ラドゥ・ムンテアン,radu・muntean
jacques hérold,ジャック・エロルド,jakku・erorudo
sabin ilie,サビン・イリエ,sabin・irie
octavian bellu,オクタヴィアン・ベル,okutavian・beru
ionuț botezatu,イオヌーツ・ボテザトゥ,ionūtsu・botezatu
dimitrie bogos,ディミトリ・ボゴス,dimitori・bogosu
dean beța,ディーン・ベシャ,dīn・besha
ionuț dimofte,イオヌツ・ディモフテ,ionutsu・dimofute
augustin buzura,オーガスティン・ブズラ,ōgasutin・buzura
sergiu nicolaescu,セルジウ・ニコラエスク,serujiu・nikoraesuku
john de chastelain,ジョン・ド・シャステレン,jon・do・shasuteren
mircea diaconu,ミルセア・ディアコヌ,mirusea・diakonu
jules perahim,ジュール・ペラヒム,jūru・perahimu
moses gaster,モーゼス・ガスター,mōzesu・gasutā
dumitru chipăruș,デメートル・シパリュス,demētoru・shiparyusu
albert saritov,アルベルト・サリトフ,aruberuto・saritofu
vasile voiculescu,ヴァスィーレ・ヴォイコレスク,vasīre・vuォikoresuku
raul cătinaș,ラウル・カティナス,rauru・katinasu
doru isac,アイザック・ドール,aizakku・dōru
doru popovici,ドル・ポポヴィッチ,doru・popovitchi
dida drăgan,ディダ・ドラガン,dida・doragan
dumitru fărcaș,ドゥミトル・ファルカシュ,dumitoru・farukashu
dumitru mitriță,ドゥミトル・ミトリツァ,dumitoru・mitoritsa
alexandru bârlădeanu,アレクサンドル・ブーラダーノ,arekusandoru・būradāno
dov seltzer,ダヴ・セルツァー,davu・serutsā
cristian nemescu,クリスティアン・ネメスク,kurisutian・nemesuku
mariana simionescu,マリアナ・シミオネスク,mariana・shimionesuku
maria tescanu rosetti,マリア・テスカヌ・ロゼッティ,maria・tesukanu・rozetti
nicolae densusianu,ニコラエ・デンスシアヌ,nikorae・densushianu
traian lalescu,トライアン・ラレスク,toraian・raresuku
eliezer berkovits,エリーザー・バーコヴィッツ,erīzā・bākovittsu
alex mihai stoenescu,アレックス・ミハイ・ストエネスク,arekkusu・mihai・sutoenesuku
dumitru coliu,ドミートル・コーリュウ,domītoru・kōryuu
alexandru vlahuță,アレクサンドル・ヴラフタ,arekusandoru・vurafuta
petre leșcenco,ピョートル・レスチェンコ,pyōtoru・resuchenko
dumitru tinu,ドミトル・ティヌ,domitoru・tinu
gheorghe asachi,ゲオルゲ・アサキ,georuge・asaki
alexandru baltagă,アレクサンドル・バルタガ,arekusandoru・barutaga
maurice solovine,モーリス・ソロヴィン,mōrisu・sorovin
mircea rădulescu,ミルチェア・ラドゥレスク,miruchea・raduresuku
norman manea,ノーマン・マネア,nōman・manea
mihnea gheorghiu,ミフネア・ゲオルギウ,mifunea・georugiu
csaba gal,チャバ・ガル,chaba・garu
daniel timofte,ダニエル・ティモフテ,danieru・timofute
alexis nour,アレクシス・ヌール,arekushisu・nūru
alexandru moșanu,アレクサンドル・モサヌ,arekusandoru・mosanu
tiberiu olah,ティベリウ・オラフ,tiberiu・orafu
eduard iordănescu,エドワード・ヨルダネスク,edowādo・yorudanesuku
robert austerlitz,ロバート・アウステリッツ,robāto・ausuterittsu
alin toșca,アリン・トシュカ,arin・toshuka
daniel pancu,ダニエル・パンク,danieru・panku
dumitru mitu,ドゥミトル・ミトゥ,dumitoru・mitu
elena postică,エレナ・ポスティカ,erena・posutika
paulică ion,イオン・パウリカ,ion・paurika
silviu brucan,シルビュ・ブルカン,shirubyu・burukan
kemal karpat,ケマル・カルパト,kemaru・karupato
ana guțu,アナ・グトゥ,ana・gutu
marius popa,マリウス・ポパ,mariusu・popa
mihail sturza,ミハイル・ストゥルザ,mihairu・suturuza
emil hoștină,エミール・ホスティナ,emīru・hosutina
andrea faciu,アンドレア・ファシウ,andorea・fashiu
eugen aburel,オイゲン・アブレル,oigen・abureru
pascal bentoiu,パスカル・ベントイウ,pasukaru・bentoiu
sorin copilul de aur,ソリン・コピルル・デ・アウル,sorin・kopiruru・de・auru
sorin socol,ソリン・ソコル,sorin・sokoru
andreea esca,アンドレエア・エスカ,andoreea・esuka
adrian sînă,エイドリアン・シーナ,eidorian・shīna
marian drăgulescu,マリアン・ドラグレスク,marian・doraguresuku
andrei boncea,アンドレイ・ボンカー,andorei・bonkā
alina gorghiu,アリーナ・ゴルギウ,arīna・gorugiu
ernest urdărianu,エルネスト・ウルダリアヌ,erunesuto・urudarianu
mircea baniciu,ミアーセア・バニシウ,miāsea・banishiu
mircea daneliuc,ミルチャ・ダネリウツ,mirucha・daneriutsu
olga nagy,ナジ・オルガ,naji・oruga
mircea drăgan,ミルセア・ドラガン,mirusea・doragan
anatol șalaru,アナトール・シャラル,anatōru・shararu
stelian burcea,ステリアン・ブルチェア,suterian・buruchea
vasile blaga,ヴァシレ・ブラガ,vashire・buraga
nicolae tonitza,ニコラエ・トニツァ,nikorae・tonitsa
teodor baconschi,テオドア・バコンスキ,teodoa・bakonsuki
teodor meleșcanu,テオドル・メレシュカーヌ,teodoru・mereshukānu
francisc șirato,フランチスク・シラト,furanchisuku・shirato
adrian minune,アドリアン・ミヌーネ,adorian・minūne
anamaria tămârjan,アナマリア・タマルジャン,anamaria・tamarujan
amos guttman,エイモス・グットマン,eimosu・guttoman
sandu eliad,サンドゥ・エリアド,sandu・eriado
miron constantinescu,ミロン・コンスタンティネスク,miron・konsutantinesuku
théodore brauner,テオドール・ブローネル,teodōru・burōneru
andrei lupan,アンドレイ・ルパン,andorei・rupan
virgil magherusan,ヴィルギル・マゲルサン,virugiru・magerusan
andreea bănică,アンドレエア・バニカ,andoreea・banika
vladimir ghica,ウラジミール・ギカ,urajimīru・gika
vladimir nemțeanu,ヴラディミール・ネメツヌー,vuradimīru・nemetsunū
ion oblemenco,ヨン・オブレメンコ,yon・oburemenko
steliana nistor,ステリアナ・ニストル,suteriana・nisutoru
elek köblös,エレク・ケブレス,ereku・keburesu
andreea doană,アンドレエア・ペレイ,andoreea・perei
ion flueraș,イオアン・フルワラーシュ,ioan・furuwarāshu
gabriel cotabiță,ガブリエル・コタビータ,gaburieru・kotabīta
aurel vernescu,オーレル・ヴェルネスク,ōreru・vuェrunesuku
alexandra dinu,アレクサンドラ・ディヌ,arekusandora・dinu
geo da silva,ジオ・ダ・シルバ,jio・da・shiruba
nicu paleru,ニチュ・パレル,nichu・pareru
francisc panet,フランチスク・パーネ,furanchisuku・pāne
andreea andrei,アンドレエア・アンドレイ,andoreea・andorei
ana bogdan,アナ・ボグダン,ana・bogudan
anton weissenbacher,アントン・ヴェイッセンバッケル,anton・vuェissenbakkeru
nikos barboudis,ニコス・バルブディス,nikosu・barubudisu
nicoleta luciu,ニコレッタ・ルシウ,nikoretta・rushiu
george scripcaru,ジョルジェ・スクリプカル,joruje・sukuripukaru
george burianu,ジョルジュ・ボウリアノ,joruju・bouriano
gabriel sudan,ガブリエル・スーダン,gaburieru・sūdan
dragoș bucur,ドラゴス・ブクル,doragosu・bukuru
horia creangă,ホーリャ・クレアンガ,hōrya・kureanga
nicolae martinescu,ニコラエ・マルティネスク,nikorae・marutinesuku
lucian bălan,ルチアン・バラン,ruchian・baran
nicolae zamfir,ニコラエ・ザムフィール,nikorae・zamufīru
oleg andronic,オレグ・アンドロニク,oregu・andoroniku
balint miklos,バリント・ミクロース,barinto・mikurōsu
gheorghe băgulescu,ジョルジェ・バグレスコ,joruje・baguresuko
nicolae ciupercă,ニコラエ・チュペルカ,nikorae・chuperuka
petre cristea,ペトレ・クリステア,petore・kurisutea
ovidiu raețchi,オヴィディウ・ライチ,ovidiu・raichi
daniel minea,ダニエル・ミネア,danieru・minea
bujor hălmăgeanu,ブジョル・ハルマゲアヌ,bujoru・harumageanu
valeriu munteanu,ヴァレリ・ムンテアヌ,vareri・munteanu
gheorghe ghimpu,ゲオルゲ・ギンプ,georuge・ginpu
paul einzig,ポール・アインツィヒ,pōru・aintsihi
laura cosoi,ローラ・コソイ,rōra・kosoi
paula kinikinilau,パウラ・キニキニラウ,paura・kinikinirau
pavel bartoș,パベル・バルトシュ,paberu・barutoshu
lászló barabási,バラバーシ・ラースロー,barabāshi・rāsurō
george copos,ゲオルゲ・コポス,georuge・koposu
grigore ion răceanu,グリゴーレ・イオン・ラチャーノ,gurigōre・ion・rachāno
petre borilă,ペトレ・ボリラ,petore・borira
cezar bolliac,チェーザル・ボリアック,chēzaru・boriakku
caius brediceanu,カイウス・ブレディツェアヌ,kaiusu・bureditseanu
mária berde,ベルデ・マーリア,berude・māria
gheorghe vasilichi,ゲオルゲ・ヴァスィリキ,georuge・vasiriki
bernard natan,ベルナール・ナタン,berunāru・natan
ciprian petre porumb,チプリアン・ペトレ・ポルンブ,chipurian・petore・porunbu
lászló borbély,ボールビー・ラースロー,bōrubī・rāsurō
adela popescu,アデラ・ポペスク,adera・popesuku
bartolomeu anania,バルトロメウ・アナニア,barutoromeu・anania
clement pălimaru,クレメント・パリマル,kuremento・parimaru
horațiu pungea,ホラツィウ・プンジェア,horatsiu・punjea
harry gottlieb,ハリー・ゴットリーブ,harī・gottorību
ștefan foriș,シュテファン・フォリシュ,shutefan・forishu
lucrețiu pătrășcanu,ルクレツィウ・パトラシュカヌ,rukuretsiu・patorashukanu
constantin antoniade,コンスタンティン・アントニアデ,konsutantin・antoniade
iuliana măceșeanu,イウリアナ・マチェシャヌ,iuriana・macheshanu
horia moculescu,ホリア・モクレスク,horia・mokuresuku
constantin vișoianu,コンスタンティン・ヴィショイアヌ,konsutantin・vishoianu
horia brenciu,ホリア・ブレンシウ,horia・burenshiu
horia agarici,ホリア・アガリチ,horia・agarichi
corneliu dragalina,コルネリウ・ドラガリナ,koruneriu・doragarina
radu timofte,ラドー・ティモフティエ,radō・timofutie
ion vinea,イオン・ヴィネア,ion・vinea
constantin schumacher,コンスタンティン・シューマッハ,konsutantin・shūmahha
cornelia druțu,コルネリア・デュルテュ,koruneria・dyurutyu
victoraș astafei,ビクトラス・アスタフェイ,bikutorasu・asutafei
radu florescu,ラドゥ・フロレスク,radu・furoresuku
anca țurcașiu,アンカ・トゥルカシウ,anka・turukashiu
roxana boamfă,ログザナ・ボアムファ,roguzana・boamufa
réka albert,レカ・アルバート,reka・arubāto
andreea raicu,アンドレエア・ライク,andoreea・raiku
andreea bibiri,アンドレエア・ビビリ,andoreea・bibiri
oleg mutu,オレグ・ムトゥ,oregu・mutu
cosmin mărginean,コスミン・マルジネアン,kosumin・marujinean
sabina măriuță,サビーナ・マリウタ,sabīna・mariuta
răzvan theodorescu,ラズヴァン・テオドレスキュー,razuvan・teodoresukyū
angel tîlvăr,エンジェル・ティルヴァー,enjeru・tiruvā
sandu tudor,サンド・トゥドル,sando・tudoru
petru cazacu,ペトル・カザク,petoru・kazaku
dan anghelescu,ダン・アンヘレスク,dan・anheresuku
ion nistor,イオン・ニストル,ion・nisutoru
ion pelivan,イオン・ペリバン,ion・periban
ion vințe,イオン・ヴィンスゼ,ion・vinsuze
sorin vlaicu,ソリン・ヴライク,sorin・vuraiku
stana izbașa,スタナ・イズバシャ,sutana・izubasha
ioanel sinescu,イオアネル・シネスク,ioaneru・shinesuku
ionut avram,マリウス・アヴラム,mariusu・avuramu
stere gulea,ステレ・グレア,sutere・gurea
dan diaconescu,ダン・ディアコネスク,dan・diakonesuku
aurel bulgariu,ブルガリウ・アウレル,burugariu・aureru
aurel cojan,アウレル・コージャン,aureru・kōjan
cătălin lichioiu,カタリン・リキオイユ,katarin・rikioiyu
cătălin mitulescu,カタリン・ミツレスク,katarin・mitsuresuku
aurel decei,アウレル・デチェイ,aureru・dechei
ernest broșteanu,エルネスト・ブロスティアヌ,erunesuto・burosutianu
teofil ioncu,テオフィル・ヨンク,teofiru・yonku
iurie colesnic,イウリエ・コレスニク,iurie・koresuniku
tora vasilescu,トーラ・ヴァシレスク,tōra・vashiresuku
iosif dan,ダン・ヨシフ,dan・yoshifu
alexandru potocean,アレクサンドル・ポトチェアン,arekusandoru・potochean
traian cihărean,トライアン・チハリアン,toraian・chiharian
tudor istodor,トゥドル・イストドル,tudoru・isutodoru
istrate micescu,イストラテ・ミツェスク,isutorate・mitsesuku
andra,アンドラ,andora
tudor postelnicu,トゥドル・ポステルニク,tudoru・posuteruniku
iulian arhire,ユリアン・アルヒレ,yurian・aruhire
herta anitaș,ヘルタ・アニタシュ,heruta・anitashu
horia hulubei,ホリア・フルベイ,horia・furubei
ion caramitru,イオン・カラミトル,ion・karamitoru
csaba kőrösi,コロシ・チャバ,koroshi・chaba
csaba ciugulitu,チャバ・シウグリトゥ,chaba・shiuguritu
vasile gafencu,ヴァシル・ガフェンス,vashiru・gafensu
florian coldea,フロリアン・コルディア,furorian・korudia
valentin rusu,ヴァリ・ヴィイェリエ,vari・viyerie
vlad ivanov,ヴラド・イヴァノフ,vurado・ivanofu
miron nicolescu,ミロン・ニコレスク,miron・nikoresuku
florica bagdasar,フロリカ・バグダサル,furorika・bagudasaru
vasile șoimaru,ヴァシレ・ソイマル,vashire・soimaru
cezar florin ouatu,フロリン・チェザル・オワトゥ,furorin・chezaru・owatu
laura codruța kövesi,ローラ・コドルツァ・コヴェシ,rōra・kodorutsa・kovuェshi
viorel hrebenciuc,ヴィオレル・フレベンチュク,vioreru・furebenchuku
camelia zorlescu,カメリア・ゾレスク,kameria・zoresuku
israel zinger,イスラエル・ジネガル,isuraeru・jinegaru
lea lexis,リー・レクシス,rī・rekushisu
cella delavrancea,チェラ・デラブランチャ,chera・deraburancha
liviu dragnea,リヴィウ・ドラグネア,riviu・doragunea
virgil măgureanu,ヴァージル・マグレアヌ,vājiru・magureanu
vitalia pavlicenco,ヴィタリア・パブリセンコ,vitaria・paburisenko
francisc pécsi,フランチスク・ペクシ,furanchisuku・pekushi
ősz jános,エース・ヤーノシュ,ēsu・yānoshu
lorena bogza,ロレナ・ボグザ,rorena・boguza
vladimir cristi,ウラジミール・クリスティ,urajimīru・kurisuti
virgil madgearu,ヴァージル・マジェール,vājiru・majēru
gabriel spahiu,ガブリエル・スパイユ,gaburieru・supaiyu
cazimir ionescu,カズィミール・イオネスク,kazimīru・ionesuku
zigu ornea,ジグ・オルネア,jigu・orunea
zsolt kosz,コス・ジョルト,kosu・joruto
gelu voican voiculescu,ジェル・ヴォイカン・ヴォイコレスク,jeru・vuォikan・vuォikoresuku
lothar rădăceanu,ロタル・ラダチェアヌ,rotaru・radacheanu
maria antonescu,マリア・アントネスク,maria・antonesuku
maria rosetti,マリア・ロゼッティ,maria・rozetti
ștefan stănculescu,シュテファン・スタンクレスク,shutefan・sutankuresuku
ștefan de la bărbulești,シュテファン・デ・ラ・バルブレシュティ,shutefan・de・ra・barubureshuti
teodora albon,テオドラ・アルボン,teodora・arubon
ștefan voitec,シュテファン・ヴォイテク,shutefan・vuォiteku
marian iancu,マリアン・ヤンク,marian・yanku
carmen șerban,カルメン・シェルバン,karumen・sheruban
george ivașcu,ジョージ・イヴァスク,jōji・ivasuku
irina loghin,イリーナ・ログン,irīna・rogun
márta károlyi,カーロイ・マールタ,kāroi・māruta
georgiana drumen,ジョージアナ・ドルメン,jōjiana・dorumen
constantin mișelăricu,コンスタンティン・ミシェリク,konsutantin・misheriku
matei pavel haiducu,マテイ・パベル・ハイドゥク,matei・paberu・haiduku
corina dănilă,コリーナ・ダニラ,korīna・danira
mihai cimpoi,ミハイ・チンポイ,mihai・chinpoi
francisc șimon,フランチスク・シモン,furanchisuku・shimon
mihai balan,ミハイ・バラン,mihai・baran
francisc nemeș,フランチスク・ネメシュ,furanchisuku・nemeshu
francisc zimmermann,フランチスク・ツィンメルマン,furanchisuku・tsinmeruman
max auschnitt,マックス・アウシュニット,makkusu・aushunitto
mihai morar,ミハイ・モラール,mihai・morāru
mihai pătrașcu,ミハイ・パトラシュク,mihai・patorashuku
mihail starenki,ミハイル・スタレンキ,mihairu・sutarenki
gheorghe săsărman,ギョルゲ・ササルマン,gyoruge・sasaruman
corvin radovici,コルヴィン・ラドヴィチ,koruvin・radovichi
ada condeescu,エイダ・コンディースク,eida・kondīsuku
lora,ロラ,rora
mihai șora,ミハイ・ショラ,mihai・shora
mihail stelescu,ミハイ・ステレスク,mihai・suteresuku
mihai stoica,ミハイ・ストイカ,mihai・sutoika
francisc cociș,フランチスク・コチシュ,furanchisuku・kochishu
costin georgescu,コスティン・ジョルジュク,kosutin・jorujuku
serafina moritz,セラフィナ・モーリツ,serafina・mōritsu
vasilicaviorica dăncilă,ヴィオリカ・ダンチラ,viorika・danchira
grigore nandriș,グリゴーレ・ナンドリシュ,gurigōre・nandorishu
adrian păduraru,エイドリアン・パーダル,eidorian・pādaru
adrian titieni,アドリアン・ティティエニ,adorian・titieni
gianu bucurescu,ジャヌ・ブクレスク,janu・bukuresuku
maria cârneci,マリア・カルネッチ,maria・karunetchi
manuela hărăbor,マヌエラ・ハラバー,manuera・harabā
william amorim,ウィリアム・アモリム,wiriamu・amorimu
alexandra bădoi,アレクサンドラ・バドイ,arekusandora・badoi
alexandra ungureanu,アレクサン・ドラウングレアヌ,arekusan・doraungureanu
călin vlasie,カリン・ヴラシエ,karin・vurashie
elena ilinoiu codreanu,エレナ・イリノイウ・コドレアヌ,erena・irinoiu・kodoreanu
ionuț badea,ヨヌツ・バデア,yonutsu・badea
maria gheorghiu,マリア・グオルギュー,maria・guorugyū
dinu sânmărtean,ディヌ・スンマルテアン,dinu・sunmarutean
marin barbu,マリン・バーブ,marin・bābu
alexandru darie,アレクサンドル・ダリー,arekusandoru・darī
dale băsescu,デイル・バセスク,deiru・basesuku
valentin sinescu,ヴァレンティン・シネスク,varentin・shinesuku
mariana mihuț,マリアナ・ミフット,mariana・mifutto
marian crișan,マリアン・クリサン,marian・kurisan
gheorghe țițeica,ゲオルゲ・ティツェイカ,georuge・titseika
marius bodochi,マリウス・ボドチ,mariusu・bodochi
smiley,スマイリー,sumairī
nicușor dan,ニクショル・ダン,nikushoru・dan
alexandru repan,アレクサンドル・レパン,arekusandoru・repan
jasmine black,ジャスミン・ブラック,jasumin・burakku
mihaela gabriela delcea,デルチャ・ミハエラ・ガブリエラ,derucha・mihaera・gaburiera
mihai bobocica,ミハイ・ボボチーカ,mihai・bobochīka
ilinca goia,イリンカ・ゴヤ,irinka・goya
francisc cocoș,フランチスク・ココシュ,furanchisuku・kokoshu
marta trancurainer,マルタ・レイナー,maruta・reinā
mihai constantinescu,ミハイ・コンスタンティネスク,mihai・konsutantinesuku
ioan moța,ヤン・モタ,yan・mota
doina aldea teodorovici,ドイナ・アルデア・テオドロヴィチ,doina・arudea・teodorovichi
mihai petre,ミハイ・ペトレ,mihai・petore
mihai tudose,ミハイ・トゥドセ,mihai・tudose
guccifer,グッチファー,gutchifā
alexandru papadopol,アレクサンドル・パパドポル,arekusandoru・papadoporu
sorin vieru,ソリン・ヴィエル,sorin・vieru
alexandru tomescu,アレクサンドル・トメスコウ,arekusandoru・tomesukou
minodora,ミノドーラ,minodōra
mitzura arghezi,ミツラ・アルゲジ,mitsura・arugeji
ion monoran,イオン・モノラン,ion・monoran
ovidiu savin,オヴィディウ・サヴィン,ovidiu・savin
bogdan dumitrache,ボグダン・ドゥミトラケ,bogudan・dumitorake
erlend krauser,エルレンド・クラウザー,erurendo・kurauzā
emil lassaria,エミール・ラッサリア,emīru・rassaria
ion traian ștefănescu,イオン・トライアン・ステファネスク,ion・toraian・sutefanesuku
nae caranfil,ナー・カランフィル,nā・karanfiru
simona pop,シモナ・ポップ,shimona・poppu
amna,アムナ,amuna
tudor caranfil,チューダー・カランフィル,chūdā・karanfiru
natașa raab,ナターシャ・ラーブ,natāsha・rābu
traian bratu,トライアン・ブラトゥ,toraian・buratu
aurora cornu,オーロラ・コルニュ,ōrora・korunyu
nelu ploieșteanu,ネル・プロイエスタエヌ,neru・puroiesutaenu
isidor sârbu,イシドール・サルブ,ishidōru・sarubu
valentin cojocaru,ヴァレンティン・コジョカル,varentin・kojokaru
iulian mincu,ユリアン・ミンク,yurian・minku
valeria seciu,ヴァレリア・セシウ,vareria・seshiu
iustin marchiș,ユスティン・マルキシュ,yusutin・marukishu
eugen chebac,エウゼン・チェバック,euzen・chebakku
daniel buzdugan,ダニエル・ブズゥガン,danieru・buzuゥgan
nicolae malaxa,ニコラエ・マラクサ,nikorae・marakusa
marius stan,マリウス・スタン,mariusu・sutan
andrian candu,アンドリアン・カンドゥ,andorian・kandu
cătălin carp,カタリン・カルプ,katarin・karupu
lia olguța vasilescu,リア・オルグツァ・バシレスク,ria・orugutsa・bashiresuku
mihnea constantinescu,ミフネア・コンスタンティネスク,mifunea・konsutantinesuku
andrei rădoi,アンドレイ・ラドイ,andorei・radoi
cornelia catangă,コルネリア・カタンガ,koruneria・katanga
octavian fodor,フォドル・オクタヴィアン,fodoru・okutavian
valentin popârlan,バレンティン・ポパルラン,barentin・poparuran
ionuț ursu,ヨヌツ・ウルス,yonutsu・urusu
victor socaciu,ビクター・ソカシウ,bikutā・sokashiu
anca damian,アンカ・ダミアン,anka・damian
paul bujor,ポール・ビュジョール,pōru・byujōru
poliana cristescu,ポリアナ・クリステスク,poriana・kurisutesuku
constantin pristăvița,コンスタンティン・プリスタヴィツァ,konsutantin・purisutavitsa
tudorița chidu,ツドリタ・キドウ,tsudorita・kidou
ionuț dumitru,イオヌツ・デュミトゥル,ionutsu・dyumituru
sorin dumitrescu,ソーリン・ドミトレスク,sōrin・domitoresuku
adrian fochi,アドリアン・フォキ,adorian・foki
cătălin ilea,カタリン・イレア,katarin・irea
eugen simion,エウゼン・シミオン,euzen・shimion
bogdan stanoevici,ボグダン・スタノエヴィッチ,bogudan・sutanoevitchi
șerban pavlu,サーバン・パブルー,sāban・paburū
șerban marinescu,セルバン・マリネスク,seruban・marinesuku
radu mironovici,ラドゥ・ミロノヴィッチ,radu・mironovitchi
ionel tudorache,イオネル・トゥドゥラチェ,ioneru・tudurache
theodor munteanu,テオドール・ムンテアヌ,teodōru・munteanu
aristide teică,アリスティド・テイカ,arisutido・teika
ștefan hepites,シュテファン・ヘピテス,shutefan・hepitesu
ion țurai,イオン・ジュライ,ion・jurai
anamaria prodan,アナマリア・プロダン,anamaria・purodan
mihai ungheanu,ミハイ・ウンゲアヌ,mihai・ungeanu
richard franasovici,リチャード・フランソヴィチ,richādo・furansovichi
eduardmichael grosu,エドワード・グロス,edowādo・gurosu
george homoștean,ジョルジェ・ホモシュタン,joruje・homoshutan
remus kofler,レムス・コフレー,remusu・kofurē
gheorghe vlăduțescu,ゲオルゲ・ヴラドゥシェスク,georuge・vuradushesuku
carmen galin,カルメン・ガリン,karumen・garin
răzvan rădulescu,ラズヴァン・ラドゥレスク,razuvan・raduresuku
mirela oprișor,ミレーラ・オプリショル,mirēra・opurishoru
oana orlea,オアナ・オルレア,oana・orurea
olimpia melinte,オリンピア・メリンテ,orinpia・merinte
maria ploae,マリア・フロエ,maria・furoe
carmen iohannis,カルメン・ヨハニス,karumen・yohanisu
gabriel marinescu,ガブリエル・マリネスク,gaburieru・marinesuku
andreea iridon,アンドレエア・イリドン,andoreea・iridon
mirela zeța,ミレラ・ゼッタ,mirera・zetta
gabriela firea,ガブリエラ・フィーラ,gaburiera・fīra
irina margareta nistor,イリーナ・マルガレータ・ニストル,irīna・marugarēta・nisutoru
albert kitzl,アルバート・キツル,arubāto・kitsuru
tudorel toader,トゥドレル・トアデール,tudoreru・toadēru
dana rogoz,ダナ・ロゴズ,dana・rogozu
florentinacristina petre,フローレンティーナ・ペトル,furōrentīna・petoru
andreea ispas,アンドレエア・イスパス,andoreea・isupasu
sorin grindeanu,ソリン・グリンデアヌ,sorin・gurindeanu
anca ionescu,アンカ・イオネスク,anka・ionesuku
theodor codreanu,テオドール・コドレアヌ,teodōru・kodoreanu
tudor pamfile,トゥドル・パムフィレ,tudoru・pamufire
valeriu graur,ヴァレリュー・グラウル,vareryū・gurauru
sergiu luca,セルジウ・ルカ,serujiu・ruka
patricia maria țig,パトリチア・マリア・ツィグ,patorichia・maria・tsigu
alexander nanau,アレクサンダー・ナナウ,arekusandā・nanau
eugen dijmărescu,ユージェン・ディジュマレスコ,yūjen・dijumaresuko
nicolae mătcaș,ニコラエ・マトカシュ,nikorae・matokashu
ilie sârbu,イリエ・スルブ,irie・surubu
levente molnár,モルナール・レヴェンテ,morunāru・revuェnte
anita nagy,アニタ・ナジ,anita・naji
constantin papp,コンスタンティン・パップ,konsutantin・pappu
svetozar popović,スヴェトザル・ポポヴィッチ,suvuェtozaru・popovitchi
niță cireașă,ニツァ・チレアシャ,nitsa・chireasha
lia bugnar,リア・バニャー,ria・banyā
mihai ralea,ミハイ・ラレア,mihai・rarea
ana ularu,アナ・ウラル,ana・uraru
dorian popa,ドリアン・ポパ,dorian・popa
andreea aanei,アンドレエア・アアネイ,andoreea・aanei
florin zamfirescu,フロリン・ザムフィレスク,furorin・zamufiresuku
vasile bolea,ヴァシレ・ボレア,vashire・borea
constantin niculae,コンスタンティン・ニクラエ,konsutantin・nikurae
tudor cristian jurgiu,トゥドール・クリスチャン・ジュルギウ,tudōru・kurisuchan・jurugiu
iulian chifu,イウリアン・チフ,iurian・chifu
michael horodniceanu,マイケル・ホロドニチアヌ,maikeru・horodonichianu
giulia nahmany,ジュリア・ナハマニー,juria・nahamanī
grigore leșe,グリゴア・レシェ,gurigoa・reshe
florin ioniță,フロリン・イオニタ,furorin・ionita
camelia ceasar,カメリア・シーザー,kameria・shīzā
constantin doncea,コンスタンティン・ドンチャ,konsutantin・doncha
mihail ghelmegeanu,ミハイル・ゲルメギェアヌ,mihairu・gerumegiェanu
irina bara,イリナ・バラ,irina・bara
jean de la craiova,ジャン・デ・ラ・クライオバ,jan・de・ra・kuraioba
astrid fodor,アストリド・フォドル,asutorido・fodoru
sorin cîmpeanu,ソリン・クンペアーヌ,sorin・kunpeānu
marius antonescu,マリウス・アントネスク,mariusu・antonesuku
andrei ursache,アンドレイ・ウルサケ,andorei・urusake
viorel lucaci,ビオレル・ルカチ,bioreru・rukachi
vlad nistor,ブラッド・ニストル,buraddo・nisutoru
nick stuart,ニック・スチュアート,nikku・suchuāto
vlad dragomir,ヴラド・ドラゴミール,vurado・doragomīru
marius nichiteanu,マリウス・ニシテーネ,mariusu・nishitēne
nicușor fota,ニクショル・フォタ,nikushoru・fota
lica gheorghiu,リカ・ゲオルギウ,rika・georugiu
didier nunes,ディディ・ヌネス,didi・nunesu
eugen teodorovici,エウゼン・テオドロヴィチ,euzen・teodorovichi
ștefania mărăcineanu,シュテファニア・マラチネヌ,shutefania・marachinenu
tudorel bratu,トゥドレル・ブラトゥ,tudoreru・buratu
sabin strătilă,サビン・ストラティラ,sabin・sutoratira
matei balș,マテイ・バルシュ,matei・barushu
liviu voinea,リヴィウ・ヴォイネア,riviu・vuォinea
silviu purcărete,シルヴィウ・プルカレーテ,shiruviu・purukarēte
raul palmeș,ラウル・パルメシュ,rauru・parumeshu
olguța berbec,オルグタ・ベルベック,oruguta・berubekku
bogdan aurescu,ボグダン・アウレスク,bogudan・auresuku
magda puskas,マグダ・プシュカシュ,maguda・pushukashu
alla dolință,アラ・ドリンツァ,ara・dorintsa
corneliu furculiță,コルネリウ・フォルクリツァ,koruneriu・forukuritsa
adrian lebedinschi,アドリアン・レベディンシュ,adorian・rebedinshu
ghenadi mitriuc,ゲナディ・ミトリウク,genadi・mitoriuku
radu mudreac,ラドゥ・マドラック,radu・madorakku
ioan negrei,イオアン・ネグレイ,ioan・negurei
ioan crișan,イオアン・クリシャン,ioan・kurishan
alexandru ciorbă,サンドゥ・チョルバ,sandu・choruba
marcela topor,マルセラ・トポル,marusera・toporu
răzvan horj,ラズヴァン・ホルジ,razuvan・horuji
petru florescu,ペトル・フロレスク,petoru・furoresuku
teodor coste,テオドル・コステ,teodoru・kosute
mariana șora,マリアナ・ショラ,mariana・shora
vlad voiculescu,ヴラド・ヴォイクレスク,vurado・vuォikuresuku
anca pop,アンカ・ポップ,anka・poppu
radu vâlcan,ラドゥ・ヴァルカン,radu・varukan
benonie ștefan,ベノニエ・シュテファン,benonie・shutefan
laurențiu popescu,ラウレンツィウ・ポペスク,raurentsiu・popesuku
denisa golgotă,デニサ・ゴルゴタ,denisa・gorugota
alin ignea,アリン・イグネア,arin・igunea
gheorghe fazekaș,ジョルジ・ファゼカス,joruji・fazekasu
ionel badiu,イオネル・バディウ,ioneru・badiu
alin dudea,アリン・ドゥデア,arin・dudea
marian târșă,マリアン・トゥルシャ,marian・turusha
andrei burcă,アンドレイ・ブルカ,andorei・buruka
marius ungureanu,マリウス・ウングレアーヌ,mariusu・ungureānu
iuliana popa,イウリアナ・ポパ,iuriana・popa
marcel pigulea,マルセル・ピグレア,maruseru・pigurea
anton tauf,アントン・タウフ,anton・taufu
nicolae panța,ニコラエ・パンツァ,nikorae・pantsa
jovan marković,ヨヴァン・マルコヴィッチ,yovan・marukovitchi
diana cavallioti,ダイアナ・カヴァリオティ,daiana・kavarioti
mihai fifor,ミハイ・フィフォル,mihai・fiforu
ion cucu,ヨン・クク,yon・kuku
marian stoenac,マリアン・ストエナク,marian・sutoenaku
andreea chira,アンドレエア・キーラ,andoreea・kīra
gheorghe chira,ゲオルゲ・キーラ,georuge・kīra
radu petrescu,ラドゥ・ペトレスク,radu・petoresuku
iulian carabela,ユリアン・カラベラ,yurian・karabera
tiberiu lung,ティベリウ・ルング,tiberiu・rungu
steliancristian ion,ステリアン・イオン,suterian・ion
cristian măcelaru,クリスティアン・マチェラル,kurisutian・macheraru
andrei finți,アンドレイ・フィンツィ,andorei・fintsi
francisc dobrai,フランチスク・ドブライ,furanchisuku・doburai
aida moga,アイダ・モガ,aida・moga
feli donose,フェリ・ドノセ,feri・donose
tudor boldor,チューダー・ボルドール,chūdā・borudōru
oltin hurezeanu,オルティン・フレゼアヌ,orutin・furezeanu
dan barna,ダン・バルナ,dan・baruna
paul stănescu,ポール・スタネスク,pōru・sutanesuku
lucian ion,ルチアン・イオン,ruchian・ion
rada mihalcea,ラダ・ミハルセア,rada・miharusea
paul antoche,パウル・アントケ,pauru・antoke
aurel pădureanu,オーレル・パドゥレアヌ,ōreru・padureanu
alina berzunțeanu,アリーナ・ベルズンシェアヌ,arīna・beruzunsheanu
ilinca hărnuț,イリンカ・ハーナット,irinka・hānatto
ingrid bisu,イングリット・ビス,inguritto・bisu
eneli,エネリ,eneri
irina rimes,イリナ・リメス,irina・rimesu
petre bejan,ペトレ・ベジャン,petore・bejan
cristian balgiu,クリスティアン・バルジュ,kurisutian・baruju
neculai predica,ネキュライ・プレディカ,nekyurai・puredika
ghiță popp,ギツァ・ポップ,gitsa・poppu
ilinca băcilă,イリンカ・バチラ,irinka・bachira
alexandru pașcanu,アレックス・パシュカヌ,arekkusu・pashukanu
dana bunescu,ダナ・ブネスク,dana・bunesuku
ada solomon,アダ・ソロモン,ada・soromon
alexandru cîrneală,アレクサンドル・シルネアラ,arekusandoru・shiruneara
constantin fugașin,コンスタンティン・フガシン,konsutantin・fugashin
nathan ross margold,ネイサン・ロス・マーゴールド,neisan・rosu・māgōrudo
ionuț biceanu,ヨヌツ・ビチェアヌ,yonutsu・bicheanu
alex florea,アレックス・フローラ,arekkusu・furōra
ester peony,エスター・ピオニー,esutā・pionī
bogdan chipirliu,ボグダン・チピルリウ,bogudan・chipiruriu
marius panduru,マリウス・パンドゥル,mariusu・panduru
cornel feruță,コルネル・フェルータ,koruneru・ferūta
alexandru costache,アレクサンドル・コスタケ,arekusandoru・kosutake
luis nițu,ルイス・ニツ,ruisu・nitsu
ion chicu,イオン・チク,ion・chiku
silvia bădescu,シルビア・バデスク,shirubia・badesuku
claudiu pamfile,クラウディウ・パムフィレ,kuraudiu・pamufire
tania popa,タニア・ポパ,tania・popa
anca dumitra,アンカ・ドゥミトラ,anka・dumitora
anghel damian,アンゲル・ダミアン,angeru・damian
levent sali,レベント・サリ,rebento・sari
corneliu ulici,コーネリウ・ウリチ,kōneriu・urichi
sorin brotnei,ソリン・ブロトニー,sorin・burotonī
toma niga,トマ・ニガ,toma・niga
francisc papp,フランチスク・パップ,furanchisuku・pappu
mihai velisar,ミハイ・ヴェリサル,mihai・vuェrisaru
paula pcay,パウラ・ペーカイ,paura・pēkai
cristian terheș,クリスティアン・テルヘシュ,kurisutian・teruheshu
ramona barta,ラモーナ・バルター,ramōna・barutā
adrian zaluschi,アドリアン・ザルスキ,adorian・zarusuki
nora steriadi,ノラ・ステリアディ,nora・suteriadi
gabriel croitoru,ガブリエル・クロイトル,gaburieru・kuroitoru
marius leca,マリウス・レカ,mariusu・reka
sorin medeleni,ソリン・メデレニ,sorin・medereni
claudiu trandafir,クラウディウ・トランダフィール,kuraudiu・torandafīru
rareș lazăr,レアシュ・ラザール,reashu・razāru
sabrina ionescu,サブリナ・イオネスク,saburina・ionesuku
luminițateodora odobescu,ルミニタ・オドベスク,ruminita・odobesuku
ilie poenaru,イリエ・ポエナル,irie・poenaru
dragoș penescu,ドラゴシュ・ペネスク,doragoshu・penesuku
francisc cristea,フランシスク・クリステア,furanshisuku・kurisutea
constantin iancovescu,コンスタンティン・イアンコヴェスク,konsutantin・iankovuェsuku
andrei cordea,アンドレイ・コルデア,andorei・korudea
bogdan jica,ボグダン・ジカ,bogudan・jika
constantin radu,コンスタンティン・ラドゥ,konsutantin・radu
mihai udrea,ミハイ・ウドレア,mihai・udorea
marian adochiței,マリアン・アドチシェイ,marian・adochishei
attila deák,アティッラ・ディーク,atirra・dīku
alin fică,アリン・フィカ,arin・fika
răzvan matiș,ラズヴァン・マティシュ,razuvan・matishu
alin panc,アリン・パンチ,arin・panchi
sergiu costache,セルジュ・コスターケ,seruju・kosutāke
laurențiu ardelean,ラウレンツィウ・アルデレアン,raurentsiu・aruderean
florin birta,フロリン・ビルタ,furorin・biruta
adrian lustig,アドリアン・ラスティグ,adorian・rasutigu
emanuela ionica,エマヌエラ・イオニカ,emanuera・ionika
manuela ciucur,マヌエラ・シウクル,manuera・shiukuru
maria junghetu,マリア・ユングヘトゥ,maria・yunguhetu
theo rose,テオ・ローズ,teo・rōzu
george ulmeni,ジョージ・ウルメニ,jōji・urumeni
dorina done,ドリナ・ドーン,dorina・dōn
mihai mag,ミハイ・マグ,mihai・magu
alcina dimitrescu,オルチーナ・ドミトレスク,oruchīna・domitoresuku
filip ugran,フィリップ・ウグラン,firippu・uguran
olivia nita,オリビア・ニタ,oribia・nita
igor grosu,イゴル・グロス,igoru・gurosu
costin cambir,コスティン・キャンバー,kosutin・kyanbā
monica odagiu,モニカ・オダギウ,monika・odagiu
răzvan onea,ラズヴァン・オネア,razuvan・onea
ioana mihăilă,イワナ・ミハイラ,iwana・mihaira
mihaela nestorescu,ミハエラ・ネストレスク,mihaera・nesutoresuku
tzancă uraganu,ツァンカ・ウラガヌ,tsanka・uraganu
marcello cobzarju,マルセル・コブザリウ,maruseru・kobuzariu
olga verbitchi,オルガ・ヴェルビッチ,oruga・vuェrubitchi
aarne,アアルネ,aarune
lucian ghimiși,ルシアン・ギミシ,rushian・gimishi
petre cănciulescu,ペトレ・カンチュレスク,petore・kanchuresuku
karl heisenberg,カール・ハイゼンベルク,kāru・haizenberuku
cristian comeagă,クリスチャン・コマガ,kurisuchan・komaga
andia,アンディア,andia
patricia poienaru,パトリシア・ポイナール,patorishia・poināru
claudiu mitcu,クラウディウ・ミク,kuraudiu・miku
tudor smoleanu,チュードル・スモレヌ,chūdoru・sumorenu
nicu mihoc,ニク・ミホック,niku・mihokku
emil măndănac,エミル・マンダナック,emiru・mandanakku
adelina pestritu,アデリナ・ペストリトゥ,aderina・pesutoritu
alexandra poiana,アレクサンドラ・ポイアナ,arekusandora・poiana
cătălin preda,カタリン・プレダ,katarin・pureda
emaa,エマー,emā
mario fresh,マリオ・フレッシュ,mario・furesshu
maruca băiașu,マルカ・バイアシュ,maruka・baiashu
alecs năstoiu,アレックス・ナストイウ,arekkusu・nasutoiu
andreea grămoșteanu,アンドレア・グラモステアヌ,andorea・guramosuteanu
dragoș nicolae mădăraș,ドラゴシュ・ニコラエ・マダラシュ,doragoshu・nikorae・madarashu
ana baniciu,アナ・バニシウ,ana・banishiu
vescan,ベスカン,besukan
marian ciripan,マリアン・シリパン,marian・shiripan
ana odagiu,アナ・オダギウ,ana・odagiu
cătălin jugravu,カタリン・ジュグラブ,katarin・jugurabu
irina saulescu,イリーナ・サウレスク,irīna・sauresuku
ocna sibiului,オクナ・シビウルイ,okuna・shibiurui
vâlcea,ヴルチャケン,vuruchaken
eternul derbi,エテルヌル・デルビー,eterunuru・derubī
alba,アルバケン,arubaken
zalău,ザラウ,zarau
dâmbovița,ドゥンボヴィツァケン,dunbovitsaken
cugir,クジル,kujiru
jimbolia,ジンボリア,jinboria
piatra neamț,ピアトラ・ネアムツ,piatora・neamutsu
maramureș,マラムレシュケン,maramureshuken
covasna,コヴァスナケン,kovasunaken
prahova,プラホヴァケン,purahovaken
motru,モトル,motoru
putna,プトナ,putona
olt,オルトケン,orutoken
mureș,ムレシュケン,mureshuken
oțelu roșu,オチェル・ロシュ,ocheru・roshu
gorj,ゴルジュケン,gorujuken
harghita,ハルギタケン,harugitaken
neamț,ネアムツケン,neamutsuken
bocșa,ボクシャ,bokusha
sălaj,サラージュケン,sarājuken
dolj,ドルジュケン,dorujuken
ilfov,イルフォヴケン,irufovuken
mehedinți,メヘディンチケン,mehedinchiken
isaccea,イサクチャ,isakucha
rapid bucurești,ラピド・ブカレスト,rapido・bukaresuto
băneasa,バネアサ,baneasa
roman,ロマン,roman
teleorman,テレオルマンケン,tereorumanken
ialomița,ヤロミツァケン,yaromitsaken
salcea,サルチャ,sarucha
bechet,ベケト,beketo
găești,ガエシュティ,gaeshuti
bihor,ビホルケン,bihoruken
zimnicea,ジムニチャ,jimunicha
argeș,アルジェシュケン,arujeshuken
cluj,クルジュケン,kurujuken
orăștie,オラシュティエ,orashutie
slatina,スラティナ,suratina
alexandria,アレクサンドリア,arekusandoria
bușteni,ブシュテニ,bushuteni
timiș,ティミシュケン,timishuken
liga națională,リーガ・ナツィオナラ,rīga・natsionara
dara,ダラ,dara
râpa,ルパ,rupa
turceni,トゥルチェニ,turucheni
sovata,ソヴァタ,sovata
vrancea,ヴランチャケン,vuranchaken
cenei,チェネイ,chenei
gurba,グルバ,guruba
murfatlar,ムルファトラル,murufatoraru
crișana,クリシャナ,kurishana
ovidiu,オビディウ,obidiu
sântana,スンタナ,suntana
stepa ponticocaspică,ポントス・ステップ,pontosu・suteppu
amara,アマラ,amara
ardud,アルドゥド,arududo
șomcuta mare,ショムクタ・マーレ,shomukuta・māre
eurocorp,オウシュウゴウドウグン,oushuugoudougun
irina,イリナ,irina
livada,リヴァダ,rivada
vișeu de sus,ヴィショウ・デ・スース,vishou・de・sūsu
ponoarele,ポノアレレ,ponoarere
rona,ロナ,rona
ostra,オストラ,osutora
săliște,サリシュテ,sarishute
filpișu mare,フィルピシュ・マーレ,firupishu・māre
săcel,サチェル,sacheru
făget,ファジェット,fajetto
cristuru secuiesc,クリストゥル・セクイエスク,kurisuturu・sekuiesuku
măcin,マチン,machin
deta,デタ,deta
horea,ホリア,horia
ciolpani,チョルパニ,chorupani
valea vișeului,ヴァレア・ヴィシェウルイ,varea・visheurui
hârlău,フルラウ,fururau
otopeni,オトペニ,otopeni
bonțida,ボンツィダ,bontsida
mamaia,ママイア,mamaia
petroșnița,ペトロシュニツァ,petoroshunitsa
negru vodă,ネグル・ヴォダ,neguru・vuォda
dărmănești,ダルマネシュティ,darumaneshuti
bârlad,バルラード,barurādo
adjud,アドジュード,adojūdo
agnita,アグニタ,agunita
adamclisi,アダムクリシ,adamukurishi
ciacova,キアコヴァ,kiakova
iam,ヤム,yamu
târgu frumos,トゥルグ・フルモス,turugu・furumosu
câmpina,クンピナ,kunpina
orman,オルマン,oruman
mediaș,メディアシュ,mediashu
lipova,リポヴァ,ripova
rovinari,ロヴィナリ,rovinari
sarasău,サラサウ,sarasau
calafat,カラファート,karafāto
târgu neamț,トゥルグ・ネアムツ,turugu・neamutsu
beiuș,ベユシュ,beyushu
pata,パタ,pata
săcueni,サクエニ,sakueni
chiajna,キアジナ,kiajina
partium,パルティウム,parutiumu
aerostar,アエロスター,aerosutā
țara moților,ツァラ・モツィロール,tsara・motsirōru
buziaș,ブジアシュ,bujiashu
strehaia,ストレハイア,sutorehaia
năsăud,ナサウド,nasaudo
păltiniș,パルティニシュ,parutinishu
tismana,ティスマナ,tisumana
câmpulung,クンプルング,kunpurungu
borzești,ボルゼシュティ,boruzeshuti
iernut,イェルヌート,yerunūto
air bucharest,エア・ブカレスト,ea・bukaresuto
aiud,アユド,ayudo
petrila,ペトリラ,petorira
huși,フシ,fushi
baia,バイア,baia
berbești,ベルベシュティ,berubeshuti
săpânța,サプンツァ,sapuntsa
ianca,ヤンカ,yanka
mizil,ミジル,mijiru
oltena,クラヨーヴァジドウシャ,kurayōvajidousha
jibou,ジボウ,jibou
gurbediu,グルベディウ,gurubediu
charlottenburg,シャルロッテンブルク,sharurottenburuku
filpișu mic,フィルピシュ・ミク,firupishu・miku
panic,パニック,panikku
târgu cărbunești,トゥルグ・カルブネシュティ,turugu・karubuneshuti
cehu silvaniei,チェフ・シルヴァニェイ,chefu・shiruvaniェi
biertan,ビエルタン,bierutan
lisa,リサ,risa
bata,バタ,bata
toplița,トプリツァ,topuritsa
bara,バラ,bara
râșnov,ルシュノヴ,rushunovu
moldova veche,モルドバ・ヴェッキ,morudoba・vuェkki
dalnic,ダルニク,daruniku
vulcan,ヴルカン,vurukan
sânmiclăuș,スンミクラウシュ,sunmikuraushu
șieu,シェウ,sheu
turnișor,トゥルニショル,turunishoru
ghimbav,ギンバヴ,ginbavu
tapia,タピア,tapia
breaza,ブラーザ,burāza
tălmaciu,タルマチウ,tarumachiu
baia sprie,バヤ・スプリエ,baya・supurie
sândominic,チークセントドモコシュ,chīkusentodomokoshu
câlnic,クルニク,kuruniku
ieud,イェウド,yeudo
aninoasa,アニノアサ,aninoasa
cheresig,ケレシグ,kereshigu
viscri,ヴィスクリ,visukuri
bala,バラ,bara
beclean,ベクレアン,bekurean
predeal,プレデアル,puredearu
agigea,アジジャ,ajija
săvădisla,サバディスラ,sabadisura
augustin,アウグスティン,augusutin
oncești,オンチェシュティ,oncheshuti
rășinari,ラシナリ,rashinari
foresta fălticeni,フォレスタ・ファルティチェニ,foresuta・faruticheni
mândruloc,ムンドルロック,mundorurokku
orșova,オルショヴァ,orushova
girișu negru,ジリシュ・ネグル,jirishu・neguru
saschiz,サスキズ,sasukizu
transelectrica,トランスエレクトリカ,toransuerekutorika
cenad,ケナド,kenado
călugăreni,ミクハーザ,mikuhāza
azuga,アズガ,azuga
porolissum,ポロリッスム,pororissumu
mineu,ジメニェー,jimeniェー
horia,ホリア,horia
sărățel,サラツェル,saratseru
nojag,ノジャグ,nojagu
ocna șugatag,オクナ・シュガタグ,okuna・shugatagu
stadionul municipal,スタディオヌル・ムニシパル,sutadionuru・munishiparu
anina,アニーナ,anīna
moldova nouă,モルドバ・ノワ,morudoba・nowa
săcele,サチェレ,sachere
belfir,ベルフィル,berufiru
lindenfeld,リンデンフェルド,rindenferudo
ineu,イネウ,ineu
mărășești,マラシェシュティ,marasheshuti
dico și tigănaș,ディコ・シ・ツィガナシュ,diko・shi・tsiganashu
poiana brașov,ポイアナ・ブラショフ,poiana・burashofu
sânnicolau mare,スンニコラウ・マーレ,sunnikorau・māre
minimax,ミニマックス,minimakkusu
rozavlea,ロザヴリャ,rozavurya
cisnădie,チスナディエ,chisunadie
hațeg,ハツェグ,hatsegu
certeju de sus,セルテュジュ・デ・サス,serutyuju・de・sasu
simeria,シメリア,shimeria
reghin,レギン,regin
frumosu,フルモス,furumosu
năvodari,ナボダリ,nabodari
fcu craiova,ウニヴェルシタテア・クライオヴァ,univuェrushitatea・kuraiova
vladimirescu,ヴラディミレスク,vuradimiresuku
făurei,ファウレイ,faurei
ciceu,チチェウ,chicheu
vinga,ヴィンガ,vinga
eforie,エフォリエ,eforie
valea viilor,ヴァレア・ヴィイロル,varea・viiroru
dârjiu,ドゥルジウ,durujiu
mărțișor,マルテニツァ,marutenitsa
tisa,ティサ,tisa
sânpetru,スンペトル,sunpetoru
valea nadășului,ファレア・ナダシュルイ,farea・nadashurui
selecția națională,セレクツィア・ナツィオナーラ,serekutsia・natsionāra
cavnic,カヴニク,kavuniku
tilișca,ティリシュカ,tirishuka
stadionul dinamo,スタディオヌル・ディナモ,sutadionuru・dinamo
jamu mare,ジャム・マーレ,jamu・māre
prejmer,プレジュメル,purejumeru
câmpulung la tisa,クンプルング・ラ・ティサ,kunpurungu・ra・tisa
rotunda,ロトゥンダ,rotunda
gazeta sporturilor,ガゼタ・スポルトゥリロル,gazeta・suporuturiroru
balotești,バロテシュティ,baroteshuti
cotroceni,コトロチェニ,kotorocheni
strâmtura,ストルムトゥラ,sutorumutura
șirna,シルナ,shiruna
măgurele,マグレレ,magurere
troesmis,トロエミス,toroemisu
groupama,グルパマ,gurupama
stadionul gaz metan,スタディオヌル・ガズ・メタン,sutadionuru・gazu・metan
mediapro music,メディアプロ・ミュージック,mediapuro・myūjikku
stadionul tineretului,ティネレトゥルイ・スタジアム,tinereturui・sutajiamu
electroputere,エレクトロプテレ,erekutoroputere
bistreț,ビストレッツ,bisutorettsu
stadionul emil alexandrescu,スタディオヌル・エミル・アレクサンドレスク,sutadionuru・emiru・arekusandoresuku
stadionul ion oblemenco,スタディオヌル・ヨン・オブレメンコ,sutadionuru・yon・oburemenko
bod,ボド,bodo
biharia,ビハリア,biharia
colonești,コロネスティ,koronesuti
negri,ネグリ,neguri
șimian,エールシェムイェーン,ērushemuyēn
tinca,ティンカ,tinka
fratelia,フラテリア,furateria
uda,ウダ,uda
ilia,イリア,iria
bogdan vodă,ボグダン・ヴォダ,bogudan・vuォda
casa presei libere,カーサ・プレセイ・リベレ,kāsa・puresei・ribere
prislav,ペレヤスラヴェツ,pereyasuravuェtsu
romula,ロムラ,romura
stadionul arcul de triumf,スタディオヌル・アルクル・デ・トリウンフ,sutadionuru・arukuru・de・toriunfu
holt,ホルト,horuto
snagov,スナゴヴ,sunagovu
jilava,ジラヴァ,jirava
remetea chioarului,レメテア・キオアルルイ,remetea・kioarurui
tărtăria,タルタリア,tarutaria
rocar,ロカー,rokā
tâncăbești,トゥンカベシュティ,tunkabeshuti
petrom,ペトロム,petoromu
histria,ヒストリアイセキ,hisutoriaiseki
jurnalul național,ジュルナルル・ナツィオナル,jurunaruru・natsionaru
ungheni,ウンゲニ,ungeni
salina turda,サリーナ・トゥルダ,sarīna・turuda
stadionul dan păltinișanu,スタディオヌル・ダン・パルティヌシャヌ,sutadionuru・dan・parutinushanu
afumați,アフマツィ,afumatsi
râmnicelu,ルムニチェル,rumunicheru
clinceni,クリンチェニ,kurincheni
megamax,メガマックス,megamakkusu
borcea,ボルチャ,borucha
repedea,レペデア,repedea
mitoc,ミトク,mitoku
marca,マルカ,maruka
cochirleanca,コキルレアンカ,kokirureanka
padeș,パデシュ,padeshu
pănătău,パナタウ,panatau
găgești,ガジェシュチ,gajeshuchi
pop ivan,ピップ・イヴァン,pippu・ivan
grivița,グリヴィツァ,gurivitsa
semlac,セムラク,semuraku
problema basarabeană,ルーマニア・ソビエトレンポウカンケイニオケルベッサラビア,rūmania・sobietorenpoukankeiniokerubessarabia
tichilești,ティキレシュティ,tikireshuti
apold,アポルト,aporuto
halmeu,ハルメウ,harumeu
ciocârlia,チオカリア,chiokaria
fălciu,ファルチウケン,faruchiuken
tuzla,トゥズラ,tuzura
târgșoru vechi,トゥルグショル・ベキ,turugushoru・beki
șimand,シマンド,shimando
groșii țibleșului,グロシイ・ツィブレシュルイ,guroshii・tsibureshurui
vladimir,ヴラジミル,vurajimiru
lăpuș,ラプシュ,rapushu
cristian,シビウ,shibiu
atid,アティッド,atiddo
grup feroviar român,フェロビアル・ロマン・グループ,ferobiaru・roman・gurūpu
stadionul liberty,リバティ・スタジアム,ribati・sutajiamu
brateiu,シビウケン,shibiuken
băla,バラ,bara
bârnova,ブルノバ,burunoba
liga profesionistă de fotbal,リーガ・プロフェショニスタ・デ・フォトバル,rīga・purofeshonisuta・de・fotobaru
hodod,ホドド,hododo
prefect,ケンチジ,kenchiji
ciurea,チュレア,churea
storojineț,ストロイネツケン,sutoroinetsuken
stadionul nicolae dobrin,スタディオヌル・ニコラエ・ドブリン,sutadionuru・nikorae・doburin
comana,コマナ,komana
galița,ガリツァ,garitsa
timișoreana,ティミショアレアナ,timishoareana
golineasa,ゴーライネアサ,gōraineasa
goruna,ゴルーナ,gorūna
colibași,コリバシ,koribashi
costinești,コスティネシュティ,kosutineshuti
dobridor,ドブリドル,doburidoru
chilia,チリア,chiria
dudeștii vechi,ドゥデシュティイ・ヴェキ,dudeshutii・vuェki
obârșiacloșani,クロシャニ,kuroshani
maidan,マイダン,maidan
periprava,ペリプラヴァ,peripurava
șag,シャグ,shagu
canaralele de la hârșova,カナラレレ・デ・ラ・ハルショヴァ,kanararere・de・ra・harushova
șiria,シリア,shiria
plenița,ドルジュケン,dorujuken
cat music,キャット・ミュージック,kyatto・myūjikku
chichiș,キキシュ,kikishu
pișchia,ピシュキア,pishukia
dona,ドナ,dona
bradu,ブラドゥ,buradu
someș,ソメシュケン,someshuken
desa,デサ,desa
roșia montană,ロシア・モンタナ,roshia・montana
filioara,フィリップオアラ,firippuoara
deveselu,デベセル,debeseru
călinești,カリネネュティ,karineneュti
gilău,ジラウ,jirau
heci,ヘチ,hechi
ezeriș,エゼリシュ,ezerishu
grădinari,グレディナリ,guredinari
moisei,モイセイ,moisei
subcarpați,スブカルパツィ,subukarupatsi
scobâlțeni,スコブルツェニ,sukoburutseni
luna,ルナ,runa
nițchidorf,ニツキドルフ,nitsukidorufu
tăul lui dumitru,タウル・ルイ・ドゥミトルコ,tauru・rui・dumitoruko
podari,ポダリ,podari
puiești,プイェシュティ,puyeshuti
siminicea,シミニチャ,shiminicha
sânnicolau român,スンニコラウ・ロムン,sunnikorau・romun
hemeiuș,ヘメイウシュ,hemeiushu
vorona,ヴォロナ,vuォrona
bucharest open,ブカレスト・オープン,bukaresuto・ōpun
radisson blu bucurești,ラディソン・ブル・ブカレスト,radison・buru・bukaresuto
trântă,トレンタ,torenta
cricău,クリカウ,kurikau
jidvei,ジドヴェイ,jidovuェi
blandiana,ブランディアナ,burandiana
mănăstirea săpânțaperi,サプンツァ・ペリモクゾウキョウカイ,sapuntsa・perimokuzoukyoukai
noșlac,アルバケン,arubaken
vințu de jos,ヴィンツ・デ・ジョス,vintsu・de・josu
hopârta,ホプルタ,hopuruta
mehadia,メハディア,mehadia
ciurila,チュリラ,churira
apahida,アパヒダ,apahida
derbiul vestului,デルビウル・ヴェストゥルイ,derubiuru・vuェsuturui
orhideea towers,オルヒデーア・タワーズ,oruhidēa・tawāzu
alexeni,アレクセニ,arekuseni
stadionul clinceni,スタディオヌル・クリンチェニ,sutadionuru・kurincheni
stadionul anghel iordănescu,スタディオヌル・アンゲル・ヨルダネスク,sutadionuru・angeru・yorudanesuku
softrans,ソフトトランス,sofutotoransu
dorna candrenilor,ドルナ・カンドレニロル,doruna・kandoreniroru
crasna,クラスナ,kurasuna
suhaia,スハヤ,suhaya
poarta focșanilor,フォクシャニ・ゲート,fokushani・gēto
transylvania open,トランシルヴァニア・オープン,toranshiruvania・ōpun
primvs derby,プリムヴス・デルビ,purimuvusu・derubi
bucharest,ブカレスト,bukaresuto
constanţa,コンスタンツァ,konsutantsa
iaşi,ヤシ,yashi
timişoara,ティミショアラ,timishoara
galaţi,ガラツィ,garatsi
târgovişte,トゥルゴヴィシュテ,turugovishute
moldoveanu,モルドベアヌサン,morudobeanusan
braşov,ブラショフ,burashofu
bistriţa,ビストリツァ,bisutoritsa
maramureş,マラムレシュケン,maramureshuken
botoşani,ボトシャニケン,botoshaniken
argeş,アルジェシュケン,arujeshuken
timiş,ティミシュケン,timishuken
neamţ,ネアムツケン,neamutsuken
mureş,ムレシュケン,mureshuken
mehedinţi,メヘディンチケン,mehedinchiken
călăraşi,カララシケン,kararashiken
ialomiţa,ヤロミツァケン,yaromitsaken
dâmboviţa,ドゥンボヴィツァケン,dunbovitsaken
europe,ヨーロッパ,yōroppa
carpathians,カルパティアサンミャク,karupatiasanmyaku