vika,ヴィカ
jigulina,ジグリーナ
lidia,リディア
șimon,シモン
inna,インナ
alexandra,アレクサンドラ
stan,スタン
ikechi,イケチ
anya,アンヤ
george,ジョルジェ
emil,エミール
palade,パラーデ
itzik,イツィク
manger,マンゲル
ecaterina,エカテリーナ
szabó,サボー
elena,エレナ
gheorghe,ゲオルゲ
mircea,ミルチャ
lucescu,ルチェスク
viorel,ヴィオレル
moldovan,モルドヴァン
angela,アンジェラ
gheorghiu,ゲオルジウ
paul,パウル
celan,ツェラン
andreea,アンドレエア
grigore,グリゴーレ
viorica,ヴィオリカ
ursuleac,ウルスレアク
liviu,リヴィウ
librescu,リブレスク
răzvan,ラズヴァン
raț,ラツ
popescu,ポペスク
helmut,ヘルムート
duckadam,ドゥカダム
vali,バリ
ionescu,イオネスク
băsescu,バセスク
iulian,ユリアン
filipescu,フィリペスク
boc,ボック
cristian,クリスティアン
mungiu,ムンジウ
dan,ダン
balan,バラン
victor,ヴィクトル
hănescu,ハネスク
petre,ペトレ
roman,ロマン
edward,エドワード
maya,マヤ
angelica,アンジェリカ
adelsteinrozeanu,ロゼアヌ
anamaria,アナマリア
marinca,マリンカ
alma,アルマ
gluck,グルック
tristan,トリスタン
tzara,ツァラ
eugen,オイゲン
coșeriu,コセリウ
nicolae,ニコラエ
văcăroiu,ヴァカロイウ
bogdan,ボグダン
lobonț,ロボンツ
ceaușescu,チャウシェスク
simona,シモナ
halep,ハレプ
iolanda,ヨランダ
balaș,バラシュ
ion,イオン
antonescu,アントネスク
alina,アリーナ
plugaru,プルガル
herta,ヘルタ
müller,ミュラー
gabriela,ガブリエラ
drăgoi,ドラゴイ
daniel,ダニエル
prodan,プロダン
irina,イリナ
spîrlea,スピールリア
monica,モニカ
roșu,ロシュ
nadia,ナディア
comăneci,コマネチ
iasmin,ヤスミン
latovlevici,ラトヴリェヴィッチ
mihai,ミハイ
dinu,ディヌ
lipatti,リパッティ
florian,フロリアン
pop,ポップ
vlad,ヴラド
munteanu,ムンテアヌ
dudu,ドゥドゥ
georgescu,ジョルジェスク
györgy,クルターグ
kurtág,ジェルジュ
dima,ディマ
marțian,マルツィアン
negrea,ネグレア
traian,トライアン
timofti,ティモフティ
ungureanu,ウングレアーヌ
sorana,ソラナ
cîrstea,チルステア
niculescu,ニクレスク
constantinescu,コンスタンティネスク
ciprian,チプリアン
marica,マリカ
ana,アナ
pauker,パウケル
dulgheru,ドゥルゲル
aurelia,アウレリア
dobre,ドブレ
ruxandra,ルクサンドラ
dragomir,ドラゴミル
adrian,アドリアン
năstase,ナスターゼ
beatrice,ベアトリチェ
câșlaru,カスラル
constantin,コンスタンティン
brâncuși,ブランクーシ
cleopatra,クレオパトラ
stratan,ストラタン
henri,アンリ
coandă,コアンダ
zamfir,ザンフィル
gabriel,ガブリエル
tamaș,タマシュ
filat,フィラト
ponta,ポンタ
andrei,アンドレイ
pavel,パベル
florica,フロリカ
musicescu,ムジチェスク
maia,マヤ
morgenstern,モルゲンステルン
iliescu,イリエスク
maria,マリア
brânză,ポペスク
paula,パウラ
ivan,イヴァン
doina,ドイナ
melinte,メリンテ
blandiana,ブランディアナ
sorin,ソリン
ghionea,ギオネア
amânar,アマナール
seling,セリング
daniela,ダニエラ
silivaș,シリバシュ
linda,リンダ
baros,バロス
hagi,ハジ
sandra,サンドラ
romain,ロマン
larisa,ラリサ
iordache,ヨルダケ
virginia,バージニア
ruzici,ルジッチ
ștefan,シュテファン
radu,ラドゥ
sergiu,セルジュ
celibidache,チェリビダッケ
ladislau,ラースロー
bölöni,ベレニ
lászló,ラースロー
sepsi,セプシ
ovidiu,オヴィディウ
cernăuțeanu,チェルナウツェアヌ
harvey,ハーヴェイ
keitel,カイテル
cioncan,チオンカン
ileana,イレアナ
cotrubaș,コトルバシュ
jean,ジャン
negulesco,ネグレスコ
cioran,シオラン
badea,バデア
panait,パナイト
istrati,イストラティ
mutu,ムトゥ
zoia,ゾヤ
arthur,アーサー
segal,シーガル
chivu,キヴ
maricica,マリチカ
puică,プイカ
liane,リアーヌ
de,デ
pougy,プジー
anișoara,アニショアラ
cușmirstanciu,スタンチウ
mihaela,ミハエラ
peneș,ペネシュ
diana,ディアナ
mocanu,モカヌ
camelia,カメリア
potec,ポテク
alexandru,アレクサンドル
averescu,アヴェレスク
rose,ローゼ
ausländer,アウスレンダー
artur,アルトゥール
phleps,フレプス
astafei,アスタフェイ
ursuleasa,ウルスレアサ
emeric,エメリック
jenei,イェネイ
niculae,ニクラエ
walter,ワルテル
zenga,ゼンガ
cosmin,コスミン
contra,コントラ
ghimpu,ギンプ
petru,ペトル
lucinschi,ルチンスキー
florin,フロリン
răducioiu,ラドチョウ
ilie,イリエ
lara,ララ
diaconu,ディアコヌ
constantina,コンスタンティナ
dițătomescu,ディタ
dumitrescu,ドゥミトレスク
tănase,タナセ
viscopoleanu,ビスコポレアヌ
julia,ユリア
varady,ヴァラディ
ionela,イオネラ
târlea,ティルレア
lia,リア
manoliu,マノリウ
cristea,クリステア
crișan,クリシャン
robert,ロベルト
vancea,ヴァンチャ
stelea,ステレア
neșu,ネシュ
marius,マリウス
urzică,ウルジカ
joseph,ヨーゼフ
schmidt,シュミット
săpunaru,サプナル
dacian,ダチアン
cioloș,チョロシュ
colin,コリン
kolles,コレス
enescu,エネスク
stefan,シュテファン
hell,ヘル
adalbert,アダウベルト
deșu,デス
pulhac,プルハク
florescu,フロレスク
hermann,ヘルマン
oberth,オーベルト
cociș,コチシュ
klein,クライン
silviu,シルヴィウ
lung,ルング
dorin,ドリン
goian,ゴヤン
pițurcă,ピツルカ
gigel,ゲオルゲ
bucur,ブクル
deac,デアク
prunea,プルネア
luchian,ルキアン
raul,ラウル
rusescu,ルセスク
robot,ロボット
chipciu,キプチュ
saul,ソール
steinberg,スタインバーグ
dică,ディカ
lusztig,ルスティック
kovács,コヴァチ
dragoș,ドラゴシュ
laurențiu,ラウレンツィウ
rus,ルス
nicolao,ニコラオ
dumitru,ドゥミトル
valerică,ヴァレリカ
găman,ガマン
eric,エリク
bicfalvi,ビクファルヴィ
grozav,グロザフ
silvestri,シルヴェストリ
dorinel,ドリネル
zeani,ゼアーニ
tudor,トゥドル
arghezi,アルゲージ
costel,コステル
pantilimon,パンティリモン
anna,アンナ
lesko,レスコ
frăsinescu,フラシネスク
marin,マリン
karmitz,カルミッツ
cătălin,カタリン
fercu,フェルク
philip,フィリップ
herschkowitz,ヘルシュコヴィチ
ioan,イオン
culcer,クルチェル
drăghici,ドラギーチ
sandu,サンドゥ
lungu,ルング
țăruș,タルス
crețu,クレツ
armand,アルマンド
călinescu,カリネスク
romeo,ロメオ
surdu,スルドゥ
jr,ジュニア
antal,アンタル
bourceanu,ボウルチェアヌ
iancu,イアンク
alexe,アレクセ
ioniță,ヨニツァ
vasile,ヴァシレ
milea,ミリャ
codrea,コドレア
florența,フロレンツァ
mateuț,マテウツ
cărtărescu,カルタレスク
horia,ホリア
sima,シマ
elizabeta,エリザベタ
samara,サマラ
dennis,デニス
șerban,シェルバン
costi,コスティ
david,デイヴィッド
wechsler,ウェクスラー
hildegard,ヒルデガード
peplau,ペプロウ
cojocaru,コジョカル
prepeliță,プレペリツァ
gardoș,ガルドシュ
grigorescu,グリゴレスク
bănel,バネル
nicoliță,ニコリツァ
mirel,ミレル
rădoi,ラドイ
dodean,ドデアン
prunariu,プルナリウ
sebastian,セバスチャン
torje,トルジェ
miodrag,ミオドラグ
belodedici,ベロデディチ
tecău,テカウ
roxana,ログザナ
luca,ルカ
loredana,ロレダナ
groza,グローザ
vlaicu,ヴライク
mergea,メルジェ
cioabă,チョアバ
popa,ポパ
mureșan,ムレシャン
elina,エリナ
löwensohn,レーヴェンソン
corina,コリーナ
florentin,フローレンティン
francisc,フランチスク
tincu,ティンク
nicu,ニク
ghiță,ギタ
gavril,ガヴリル
balint,バリント
pacepa,パチェパ
nicușor,ニクショル
stanciu,スタンチュ
filimon,フィリモン
dumitrache,ドゥミトラチェ
korne,コルーネ
aurelian,アウレリアン
chițu,キツ
tătăranu,タタラヌ
toni,トニ
tecuceanu,テクチェアヌ
răducan,ラドゥカン
claudiu,クラウディウ
keșerü,ケセル
lupu,ルプ
lazăr,ラザール
stoica,ストイカ
olăroiu,オラロイ
vartolomei,ヴァルトロメイ
octavian,オクタヴィアン
abrudan,アブルダン
tonița,トニツァ
lipkovskaia,リプコフスカヤ
denis,デニス
alibec,アリベク
ivanovici,イヴァノヴィチ
oliveira,オリベイラ
pereira,ペレイラ
lucien,リュシアン
goldmann,ゴルドマン
cornel,コルネル
matei,マテイ
ionel,イオネル
perlea,ペルレア
moți,モツィ
rednic,レドニク
oroș,オロシュ
mitea,ミテア
copil,コピル
budescu,ブデスク
răduț,ラドゥツ
vladimir,ウラジミール
ghika,ギカ
cantacuzino,カンタクジノ
potorac,ポトラック
dănciulescu,ダンチウレスク
valentin,ヴァレンティン
calafeteanu,カラフェテアヌ
papp,パップ
hîldan,ヒルダン
serge,セルジュ
moscovici,モスコヴィッシ
ganea,ガネア
rotaru,ロタル
lăcătuș,ラカトゥシュ
klarsfeld,クラルスフェルト
lascăr,ラスカル
catargiu,カタルジュ
tőkés,ラースロー
anghel,アンゲル
iordănescu,ヨルダネスク
țucudean,ツクデアン
petrescu,ペトレスク
marian,マリアン
oprea,オプレア
isăilă,イザイラ
barbu,バルブ
costin,コスティン
lucian,ルチアン
sânmărtean,スンマルテアン
maxim,マキシム
chiricheș,キリケシュ
tătărescu,タタレスク
enache,エナケ
brauner,ブローネル
mățel,マツェル
otmar,オトマー
szafnauer,サフナウアー
nistor,ニストル
culianu,クリアーノ
alexander,アレクサンダー
bălănescu,バラネスク
hațegan,ハツェガン
richter,リクテル
marcel,マルセル
iureș,ユーレス
kehinde,ケヒンデ
fatai,ファタイ
burcă,ブルカ
parhon,パルホン
tătărușanu,タタルシャヌ
horațiu,ホラツィウ
rădulescu,ラドゥレスク
dorel,ドレル
stancu,スタンク
ludovic,ルドビク
orban,オルバン
béla,カーロイ
károlyi,ベーラ
călin,カリン
peter,ピーター
netzer,ネッツァー
comissiona,コミッショーナ
firțulescu,フィルツレスク
ruha,ルハ
pintilii,ピンティリイ
aldulescu,アルドゥレスク
mihail,ミハイル
dănuț,ダヌツ
coman,コマン
corneliu,コルネリウ
teodorini,テオドリニ
dondoe,ドンドー
sabin,サビン
țambrea,タンブレア
fritz,フリッツ
eusebie,オイゼビウス
mandicevschi,マンディチェフスキ
ciceu,キケロ
șumudică,シュムディカ
ogăraru,オガラル
preda,プレダ
mihăilescu,ミハイレスク
gâlcă,ガルカ
klaus,クラウス
iohannis,ヨハニス
isidore,イジドール
isou,イズー
craioveanu,クライオヴェアヌ
hoban,ホバン
theodor,テオドール
aman,アマン
niță,ニツァ
andone,アンドネ
leu,ロエベ
bute,ブーテ
bălan,バラン
voicu,ヴォイク
căprioriu,カプリオリウ
buzărnescu,ブザルネスク
grigoraș,グリゴラシュ
dinicu,ディニク
becali,ベカリ
romario,ロマーリオ
benzar,ベンザル
francis,フランシス
chagrin,シャグラン
lupescu,ルペスク
christescu,クリステスク
ciobanu,チオバヌ
șerbănescu,シェルバネスク
orlov,オルロフ
iosif,イオシフ
conta,コンタ
titulescu,ティトゥレスク
nneka,ネーカ
onyejekwe,オンイェジェクウェ
aurel,アウレル
șteflea,シュテフレア
brănescu,ブラネスク
luttwak,ルトワック
zoltán,ケレメン
kelemen,ゾルターン
cambrea,カンブレア
charles,シャルル
bruck,ブリュック
ionuț,ヨヌツ
iftimoaie,イフティモアイエ
bejan,ベジャン
ada,アダ
moroșanu,モロサヌ
geo,ジェオ
bogza,ボグザ
rona,ローナ
hartner,ハートナー
pantazi,パンタツ
prezan,プレザン
steliano,ステリアーノ
filip,フィリプ
benjamin,バンジャマン
fondane,フォンダーヌ
țăranu,カタリン
moruzov,モルゾフ
nica,ニカ
gușă,グシェ
cristescu,クリステスク
cioc,シオク
frățică,フラティカ
istván,イシュトヴァーン
macovei,マコベイ
dăncilă,ダンチラ
camil,カミル
marinescu,マリネスク
aura,アウラ
urziceanu,ウルジチェアヌ
donca,ドンカ
steriade,ステリアーデ
cucu,クク
basarab,バサラブ
raluca,ラルカ
turcan,トゥルカン
yusuf,ユスフ
isa,イサ
halim,ハリム
simon,シモン
aslan,アスラーン
manea,マネア
recean,レチャン
ianis,ヤニス
nedelcearu,ネデルチャル
otar,オタル
turașvili,トゥラシビリ
sauter,ザウター
erwin,アーウィン
stoff,ストフ
bumbea,ブンベア
nedelcu,ネデルク
natea,ナテア
huștiu,フスティウ
surugiu,スルジュ
ciolacu,チョラク
man,マン
bîrnoi,ブルノイ
albu,アルブ
horșia,ホルシア
cîțu,クツ
bianca,ビアンカ
andreescu,アンドレースク
băluță,バルツァ
cicâldău,チクルダウ
oaidă,オアイダ
trif,トリフ
drăguș,ドラグシュ
bernadette,ベルナデッテ
szőcs,スッチ
mitriță,ミトリツァ
florinel,フロリネル
petrila,ペトリラ
alex,アレックス
pașcanu,パシュカヌ
târnovanu,タルノヴァヌ
pușcaș,プスカシュ
olimpiu,オリンピウ
moruțan,モルタン
alec,アレック
secăreanu,セカレアヌ
rațiu,ラティウ
boboc,ボボク
comănescu,コマネスク
adina,アディナ
pintilie,ピンティリエ
karim,カリム
adeyemi,アデイェミ
itu,イトゥ
fotino,フォティノ
borța,ボルツァ
mihăilă,ミハイラ
ciucă,チウカ
drăgușin,ドラグシン
miculescu,ミクレスク
pantea,パンテア
popovici,ポポビッチ
octaviangeorge,オクタヴィアン
natalia,ナタリア
gavrilița,ガブリリツァ
enes,エネス
sali,サリ
mitran,ミトラン
istrate,イストラテ
târgoviște,トゥルゴヴィシュテ
brăila,ブライラ
cluj,クルジュ
arena,アレナ
românia,ルーマニア
iași,ヤシ
suceava,スチャヴァ
bistrița,ビストリツァ
pitești,ピテシュティ
reșița,レシツァ
constanța,コンスタンツァ
stepa,ポントス
euroasiatică,ステップ
brașov,ブラショヴ
craiova,クラヨーヴァ
sibiu,シビウ
timișoara,ティミショアラ
galați,ガラツィ
tarom,タロムコウクウ
banat,バナト
focșani,フォクシャニ
nogai,ノガイゾク
vaslui,ヴァスルイ
tulcea,トゥルチャ
botoșani,ボトシャニ
zărnești,ザルネシュティ
valahia,ワラキア
arad,アラド
oradea,オラデア
sighișoara,シギショアラ
râmnicu,ルムニク
vâlcea,ヴルチャ
alba,アルバ
iulia,ユリア
bucovina,ブコヴィナ
buzău,ブザウ
ploiești,プロイェシュティ
giurgiu,ジュルジュ
târgu,トゥルグ
jiu,ジウ
sfântu,スフントゥ
deva,デヴァ
bucurești,ブカレスト
românesc,レウ
dobrogea,ドブロジャ
muntenia,ムンテニア
lugoj,ルゴジ
balș,バルシュ
caransebeș,カランセベシュ
borșa,ボルシャ
turda,トゥルダ
transilvania,トランシルヴァニア
mureș,ムレシュ
delta,ドナウ
dunării,デルタ
hunedoara,フネドアラ
oltenia,オルテニア
baia,バヤ
mare,マーレ
satu,サトゥ
călărași,カララシ
sinaia,シナヤ
slobozia,スロボジア
buftea,ブフテア
holcim,ホルシムグループ
pontocaspică,カスピカイソウゲン
fetești,フェテシュティ
dej,デジ
caracal,カラカル
sărat,サラト
roșiorii,ロシオリイ
vede,ヴェデ
buhuși,ブフシ
odorheiu,オドルヘユ
secuiesc,セクイエスク
blaj,ブラジ
comănești,コマネシュティ
dorohoi,ドロホイ
băicoi,バイコイ
băilești,バイレシュティ
filiași,フィリアシ
supercupa,スーペルクパ
româniei,ロムニエイ
fălticeni,ファルティチェニ
sulina,スリナ
sighetu,シゲトゥ
marmației,マルマツィエイ
voluntari,ヴォルンタリ
bucharest,ブカレスト
ring,リンク
națională,ナツィオナーラ
horă,ホラ
călușarii,カルシャリ
luduș,ルドゥシュ
câmpulung,クンプルング
moldovenesc,モルドヴェネスク
curtea,クルテア
argeș,アルジェシュ
sebeș,セベシュ
mioveni,ミオヴェニ
cernavodă,チェルナヴォダ
pașcani,パシュカニ
oltenița,オルテニツァ
transfăgărășan,トランスファガラシャン
cupa,バルカン
balcanică,カップ
mangalia,マンガリア
câmpia,クンピア
turzii,トゥルジー
urziceni,ウルジチェニ
rădăuți,ラダウツィ
moinești,モイネシュティ
gherla,ゲルラ
moreni,モレニ
făgăraș,ファガラシュ
medgidia,メドジディア
petroșani,ペトロシャニ
vatra,ヴァトラ
dornei,ドルネイ
marghita,マルギタ
powerwolf,パワーウルフ
ligii,リギー
universitatea,バベシュ
babeșbolyai,ボーヤイダイガク
onești,オネシュティ
tecuci,テクチ
carpatair,カルパトエア
brad,ブラド
turnu,トゥルヌ
măgurele,マグレレ
corabia,コラビア
drăgășani,ドラガシャニ
gheorgheni,ゲオルゲニ
carei,カレイ
salonta,サロンタ
lupeni,ルペニ
târnăveni,トゥルナヴェニ
codlea,コドレア
electrecord,エレクトレコード
centura,アルプス
alpidă,ヒマラヤツクリヤマタイ
siret,シレト
stadionul,スタディオヌル
oană,オアナ
lupii,ルーマニアン
servtrans,セルブトランス
scînteia,スクンテイア
centrul,チェントルル
civic,チヴィク
liga,リーガ
rugby,ラグビー
fly,フライ
project,プロジェクト
canalul,ドナウ
dunărebucurești,ブカレストウンガ
roton,ロトン
transhumanță,ウツリマキ
anastasovici,アナスタソヴィチ
bacău,バカウ
moldova,モルドバ
steaua,ステアウア
zoltan,ゾルタン
lunka,ルンカ
mesko,メスコ
martha,マルト
bibescu,ビベスコ
raed,ラーイド
arafat,アラファト
lavinia,ラビニア
miloșovici,ミロソビッチ
otto,オットー
ackermann,アッカーマン
spoerri,スペーリ
goga,ゴガ
alexianu,アレクシアヌ
argentina,アルゲンティーナ
menis,メニシュ
scarlat,スカルラット
bărbulescu,バルブレスク
verdeț,ヴェルデット
izbașa,イズバサ
edina,エディナ
gallovitshall,ガロビッツ
cătălina,カタリナ
ponor,ポノル
costian,コスティアン
adriana,アドリアーナ
hölszky,ヘルツキー
cornelia,コルネリア
tăutu,タゥトゥ
ilena,エレナ
gheorghi,ゲオルゲ
raoul,ラウル
gunsbourg,ギュンブール
croitoru,クロイトル
titu,ティトゥ
maiorescu,マイオレスク
wilhelm,ゲオルク
georg,ヴィルヘルム
berger,ベルガー
neaga,ネアガ
violeta,ヴィオレタ
dinescu,ディネスク
lateiner,ラタイナー
jános,ケメーニ
kemény,ヤーノシュ
babeș,バベシュ
rădescu,ラデスク
aliuță,アリウツァ
linca,リンカ
becheru,ベケル
titus,ティトゥス
corlățean,コルラツェアン
dincă,ディンカ
iurie,ユリエ
leancă,レアンカ
adelina,アデリーナ
oprean,オプリーン
trăistariu,トライスタリウ
mugur,ムグル
isărescu,イサレスク
reghecampf,レゲカンプ
vrănceanu,ヴランチャーヌ
vintilă,ヴィンティラ
simion,シミオン
anca,アンカ
parghel,パーゲル
văcărescu,ヴァカレスク
strămăturaru,シュトラマトゥラル
porgras,ポルグラス
áron,マールトン
márton,アーロン
marga,マルガ
dinică,ディニカ
nicoleta,ニコレタ
grasu,グラス
hellman,ヘルマン
arnold,アルノルト
rosé,ロゼ
marghiloman,マルギロマン
éva,エヴァ
tófalvi,トファルヴィ
gray,グレイ
steriadi,ステリアディ
fiscuteanu,フィスクティーヌ
maurer,マウレル
michael,ミヒャエル
radulescu,ラドレスク
bumbescu,ブンベスク
diță,ディタ
pick,ピック
cîrțu,カルトゥ
olaru,オラル
dănălache,ダナラケ
costea,コステア
steve,スティーブ
holmes,ホルムズ
șăineanu,シャイネヤヌ
ungur,ウングル
dobrin,ドブリン
alexandrescu,アレキサンドレスク
carol,カロル
lambrino,ランブリノ
iorgulescu,イオルグレスク
stănuleț,スタヌレツ
adolf,アドリフ
albin,アルビン
rudolph,ルドルフ
carl,カール
von,フォン
ripper,リッパー
hans,ハンス
bergel,ベルゲル
take,タケ
cesereanu,チェセリアヌ
comes,コムス
géza,セーチ
sănmărtean,スンマルテアン
nicodim,ニコディム
tătărăscu,タタレスク
jude,ジュデ
elek,エレク
schwartz,シュヴァルツ
argeșanu,アルジェシャヌ
spiess,スピース
bobu,ボブ
iovan,ヨヴァン
mănescu,マネスク
blaga,バルガ
berceanu,ベルチェアヌ
ianu,イアヌ
spielmann,スピルマン
gigurtu,ギグルツ
mădălina,マダリーナ
manole,マノール
druc,ドルク
pușcașu,プシュカシュ
negoițescu,ネゴイツェスク
procopiu,プロコピウ
hunor,ケレメン
țiriac,ティリアック
domokos,ゲーザ
ciobotariu,チョボタリウ
vaștag,ヴァシュタグ
leonte,レオンテ
tismăneanu,ティスマネアヌ
yisroel,イスロエル
avrohom,アヴロホム
portugal,ポルトガル
pantelimon,パン
halippa,ハリッパ
gherman,ゲルマン
pântea,パンテア
korner,ケルナー
noni,ノニ
ene,エネ
chișinevschi,キシネフスキ
haiducii,ハイドゥチー
apostol,アポストル
miriță,ミリツァ
leonard,レナード
doroftei,ドリン
ancuța,アンクタ
bobocel,ボボセル
stere,ステール
tatiana,タチアナ
cezar,チェーザル
mădălin,マダリン
silvia,シルビア
stroescu,ストロエスク
pepene,ペペネ
teodora,テオドラ
crin,クリン
tattarescu,タッタレスク
chiper,チッパー
a,アレクサンドル
rosetti,ロゼッティ
justinian,ジュスティニアン
marina,マリーナ
geoană,ジョアナ
chițac,チツァック
păucă,ポーカ
julius,ジュリアス
popper,ポッパー
ghelber,ペリエ
fița,フィタ
lovin,ロビン
mime,マイム
misu,ミス
hurezeanu,フレザヌ
jula,ジュラ
constant,コンスタン
foiaș,フォイアス
racoviță,ラコヴィツァ
țuțea,ツツェア
alla,アッラー
baianova,バヤノワ
henry,アンリ
deutschmeister,デューチュメイステル
valerian,ヴァレリア
trifa,トリファ
gala,ガラ
galaction,ガラクチオン
gina,ジーナ
gogean,ゴージャン
burincă,ブルニカ
cristeana,クリスティアーナ
toma,トマ
caragiu,カラギウ
mărăcineanu,マラシネアヌ
zaharia,ハリア
spiru,スピル
haret,ハレット
macellariu,マチェリャリウ
erik,エリック
lincar,リンカル
golopența,ゴロペンタ
forescu,フォレスク
georgiana,ゲオルギアナ
birțoiu,ビルトー
lovinescu,ロヴィネスク
ramona,ラモーナ
balaci,バラチ
delia,デリア
matache,マタチェ
holender,ホレンダー
patilineț,パティリネス
loteanu,ロチャヌー
serafim,セラフィム
urechean,ウレケアン
arianna,アリアナ
sinn,シン
pola,ポーラ
illéry,イレリ
mariana,マリアナ
nicolesco,ニコレスコ
bădoi,バドイ
pompiliu,ポンピリウ
claudia,クラウディア
presăcan,プレサカン
fazekas,ヤノシュ
rotariu,ロタリウ
florea,フロレア
mendi,メンディ
rodan,ロダン
baba,ババ
bretan,ブレタン
guță,グッツァ
maier,マイヤー
liliana,リリアナ
covaci,コヴァチ
nae,ナエ
halagian,ハラジアン
păunescu,パウネスキュー
iuliu,ユリウ
maniu,マニウ
rebreanu,レブリヤヌ
anuța,アヌタ
cătună,カツナ
attila,フェリ
feri,アッティラ
moga,モガ
udrea,ウドリア
eremia,エレミア
harry,ハリー
oana,バン
ban,オアナ
gavrilă,ガブリラ
ogoranu,オゴラヌ
ella,エラ
kovacs,コバクス
otilia,オティリア
bădescu,バデスク
alfonso,アルフォンソ
castaldi,カスタルディ
ghica,ギカ
cristina,クリスティーナ
bontaș,ボンタシュ
mihalache,ミハラチェ
rodion,ロディオン
cămătaru,カマタル
boștină,ボシュティナ
bodnăraș,ボドナラス
romica,ロミカ
puceanu,プチャヌ
mirela,ミレラ
pașca,パシュカ
tataee,タテー
bellow,ベロー
porumboiu,ポルンボユ
moșuc,モシュク
veronica,ベロニカ
micle,ミクレ
herbolzheimer,ハーボルツハイマー
avram,アヴラム
georges,ゲオルゲス
manolescu,マノレスク
sitaru,シタル
beloiu,ベロウ
luminița,ルミニツァ
salam,サラーム
megelea,メゲレア
mărgineanu,マルジネアヌ
radici,ラディチ
ivanovitch,イヴァノヴィチ
mureșanu,ムレシャヌ
visarion,ヴィサリオン
puiu,プイウ
leo,レオ
butnaru,ブトナル
liliac,リリアク
zicu,ジク
oișteanu,オイシュテアヌ
gogu,ゴグ
dabija,ダビハ
badovici,バドヴィッチ
duca,ドゥカ
cosma,コスマ
donici,ドニチ
iacob,ヤコブ
sternberg,シュテルンベルグ
israil,イスライル
bercovici,ベルコヴィチ
erhan,エルハン
sarău,サラウ
anton,アントン
tararache,タララチェ
teohari,テオハリ
heimann,ハイマン
hariton,ハリトン
tiktin,ティトキン
codrescu,コドレスク
preoteasa,プレオターサ
mosko,モスコ
alkalai,アルカライ
imre,イムレ
edouard,エドゥアルト
lindenberg,リンデンベルク
pârvulescu,プルヴォレスク
dăscălescu,ダスカレスク
sadoveanu,サドヴャーヌ
xenopol,ゼノポール
mugurel,ムグレル
buga,ブーガ
dragalina,ドラガリナ
anastasia,アナスタシア
lazariuc,ラザリュク
chirtoacă,キルトアカ
lăzărescu,ラザレスク
christian,クリスティアン
beldi,ベルディ
solomon,ソロモン
marcus,マーコス
cosmina,コスミナ
dușa,ドゥシャ
plahotniuc,プラホトニク
raicea,ライチャ
leontina,レオンティーナ
văduva,ヴァドゥヴァ
pittiș,ピティス
ilarie,イラリエ
voronca,ヴォロンカ
sonnabend,ソナベンド
varujan,ヴァルジャン
vosganian,ヴォスゲイニアン
stănescu,スタネスク
sturza,ストゥルザ
augustin,オーガスティン
céline,セリーヌ
arnauld,アルノー
ropcea,ロプシー
isidor,ガンスル
gansl,イジドル
răutu,ロウト
dobrescu,ドブレスク
ermil,エルミル
majearu,マジェアル
mihăileanu,ミヘイレアニュ
băjenaru,ベジェナル
stoilov,ストイロフ
boris,ボリス
ștefanov,ステファンコフ
sârbu,サルブ
aldea,アルデア
teodorovici,テオドロヴィチ
c,コンスタンティン
cionca,シオンカ
vitali,ヴィタリ
holostenco,ホロステンコ
ciugureanu,チュグレアヌ
câlția,クルツィア
tapalagă,タパラガ
eva,エヴァ
mozes,モーゼス
kor,コー
iustin,ジャスティン
moisescu,モイセスク
elisabeta,エリザベータ
bostan,ボスタン
octav,オクタヴ
băncilă,バンキラ
egon,エゴン
balas,バラス
constantinovici,コンスタンティノヴィチ
mazilu,マジル
decebal,デチェバル
remeș,レメシュ
rebengiuc,レベンギュウク
argetoianu,アルジェトイアヌ
mitiță,ミティツァ
pița,ピッツァ
esthera,エステラ
ted,テッド
ilarion,フローリン
ionescugalați,ヨネスガラツィ
vadim,ヴァディム
negru,ネグル
bratu,ブラトゥ
brezoianu,ブレゾヤヌ
hariclea,エリクレア
darclée,ダルクレー
gabi,ガビ
luncă,ルンカ
alexa,アレクサ
celestina,セレスティナ
țurcanu,ツォルカーノ
mișu,ミシュ
popp,ポプ
dana,ダナ
nălbaru,ナバルバ
cutaș,クタシュ
cristi,クリスティ
mandeal,マンデアル
avrămia,アヴラミア
stângaciu,ストゥンガチウ
banu,バニュ
bellio,ベリオ
cocoș,ココス
antipa,アンティパ
sîncrăian,シンクレヤン
mărginean,マルジネアン
carpo,カルポ
dociu,ドシウ
manta,マンタ
predoiu,プレドユ
hugo,ウーゴ
luz,ルス
ursu,ウルス
dem,デメトル
i,イオン
tudorel,トゥドレル
trică,トリカ
muntean,ムンテアン
jacques,ジャック
hérold,エロルド
bellu,ベル
botezatu,ボテザトゥ
dimitrie,ディミトリ
bogos,ボゴス
dean,ディーン
beța,ベシャ
dimofte,ディモフテ
buzura,ブズラ
nicolaescu,ニコラエスク
john,ジョン
chastelain,シャステレン
jules,ジュール
perahim,ペラヒム
moses,モーゼス
gaster,ガスター
chipăruș,シパリュス
albert,アルバート
saritov,サリトフ
voiculescu,ヴォイコレスク
cătinaș,カティナス
doru,アイザック
isac,ドール
dida,ディダ
drăgan,ドラガン
fărcaș,ファルカシュ
bârlădeanu,ブーラダーノ
dov,ダヴ
seltzer,セルツァー
nemescu,ネメスク
simionescu,シミオネスク
tescanu,テスカヌ
densusianu,デンスシアヌ
lalescu,ラレスク
eliezer,エリーザー
berkovits,バーコヴィッツ
stoenescu,ストエネスク
coliu,コーリュウ
vlahuță,ヴラフタ
leșcenco,レスチェンコ
tinu,ティヌ
asachi,アサキ
baltagă,バルタガ
maurice,モーリス
solovine,ソロヴィン
norman,ノーマン
mihnea,ミフネア
csaba,チャバ
gal,ガル
timofte,ティモフテ
alexis,アレクシス
nour,ヌール
moșanu,モサヌ
tiberiu,ティベリウ
olah,オラフ
eduard,エドワード
austerlitz,アウステリッツ
alin,アリン
toșca,トシュカ
pancu,パンク
mitu,ミトゥ
postică,ポスティカ
paulică,イオン
brucan,ブルカン
kemal,ケマル
karpat,カルパト
guțu,グトゥ
hoștină,ホスティナ
andrea,アンドレア
faciu,ファシウ
aburel,アブレル
pascal,パスカル
bentoiu,ベントイウ
copilul,コピルル
aur,アウル
socol,ソコル
esca,エスカ
sînă,シーナ
drăgulescu,ドラグレスク
boncea,ボンカー
gorghiu,ゴルギウ
ernest,エルネスト
urdărianu,ウルダリアヌ
baniciu,バニシウ
daneliuc,ダネリウツ
olga,ナジ
nagy,オルガ
anatol,アナトール
șalaru,シャラル
stelian,ステリアン
burcea,ブルチェア
tonitza,トニツァ
teodor,テオドル
baconschi,バコンスキ
meleșcanu,メレシュカーヌ
șirato,シラト
minune,ミヌーネ
tămârjan,タマルジャン
amos,エイモス
guttman,グットマン
eliad,エリアド
miron,ミロン
théodore,テオドール
lupan,ルパン
virgil,ヴァージル
magherusan,マゲルサン
bănică,バニカ
nemțeanu,ネメツヌー
oblemenco,オブレメンコ
steliana,ステリアナ
köblös,ケブレス
doană,ペレイ
flueraș,フルワラーシュ
cotabiță,コタビータ
vernescu,ヴェルネスク
da,ダ
silva,シルバ
paleru,パレル
panet,パーネ
weissenbacher,ヴェイッセンバッケル
nikos,ニコス
barboudis,バルブディス
luciu,ルシウ
scripcaru,スクリプカル
burianu,ボウリアノ
sudan,スーダン
creangă,クレアンガ
martinescu,マルティネスク
oleg,オレグ
andronic,アンドロニク
miklos,ミクロース
băgulescu,バグレスコ
ciupercă,チュペルカ
raețchi,ライチ
minea,ミネア
bujor,ブジョル
hălmăgeanu,ハルマゲアヌ
valeriu,ヴァレリ
einzig,アインツィヒ
laura,ローラ
cosoi,コソイ
kinikinilau,キニキニラウ
bartoș,バルトシュ
barabási,ラースロー
copos,コポス
răceanu,ラチャーノ
borilă,ボリラ
bolliac,ボリアック
caius,カイウス
brediceanu,ブレディツェアヌ
mária,ベルデ
berde,マーリア
vasilichi,ヴァスィリキ
bernard,ベルナール
natan,ナタン
porumb,ポルンブ
borbély,ラースロー
adela,アデラ
bartolomeu,バルトロメウ
anania,アナニア
clement,クレメント
pălimaru,パリマル
pungea,プンジェア
gottlieb,ゴットリーブ
foriș,フォリシュ
lucrețiu,ルクレツィウ
pătrășcanu,パトラシュカヌ
antoniade,アントニアデ
iuliana,イウリアナ
măceșeanu,マチェシャヌ
moculescu,モクレスク
vișoianu,ヴィショイアヌ
brenciu,ブレンシウ
agarici,アガリチ
vinea,ヴィネア
schumacher,シューマッハ
druțu,デュルテュ
victoraș,ビクトラス
țurcașiu,トゥルカシウ
boamfă,ボアムファ
réka,レカ
raicu,ライク
bibiri,ビビリ
sabina,サビーナ
măriuță,マリウタ
theodorescu,テオドレスキュー
angel,エンジェル
tîlvăr,ティルヴァー
cazacu,カザク
anghelescu,アンヘレスク
pelivan,ペリバン
vințe,ヴィンスゼ
stana,スタナ
ioanel,イオアネル
sinescu,シネスク
ionut,マリウス
gulea,グレア
diaconescu,ディアコネスク
bulgariu,アウレル
cojan,コージャン
lichioiu,リキオイユ
mitulescu,ミツレスク
decei,デチェイ
broșteanu,ブロスティアヌ
teofil,テオフィル
ioncu,ヨンク
colesnic,コレスニク
tora,トーラ
vasilescu,ヴァシレスク
potocean,ポトチェアン
cihărean,チハリアン
istodor,イストドル
micescu,ミツェスク
andra,アンドラ
postelnicu,ポステルニク
arhire,アルヒレ
anitaș,アニタシュ
hulubei,フルベイ
caramitru,カラミトル
kőrösi,チャバ
ciugulitu,シウグリトゥ
gafencu,ガフェンス
coldea,コルディア
rusu,ヴィイェリエ
ivanov,イヴァノフ
nicolescu,ニコレスク
bagdasar,バグダサル
șoimaru,ソイマル
ouatu,オワトゥ
codruța,コドルツァ
kövesi,コヴェシ
hrebenciuc,フレベンチュク
zorlescu,ゾレスク
israel,イスラエル
zinger,ジネガル
lea,リー
lexis,レクシス
cella,チェラ
delavrancea,デラブランチャ
dragnea,ドラグネア
măgureanu,マグレアヌ
vitalia,ヴィタリア
pavlicenco,パブリセンコ
pécsi,ペクシ
ősz,エース
lorena,ロレナ
madgearu,マジェール
spahiu,スパイユ
cazimir,カズィミール
zigu,ジグ
ornea,オルネア
zsolt,コス
kosz,ジョルト
gelu,ジェル
voican,ヴォイカン
lothar,ロタル
rădăceanu,ラダチェアヌ
stănculescu,スタンクレスク
la,ラ
bărbulești,バルブレシュティ
albon,アルボン
voitec,ヴォイテク
carmen,カルメン
ivașcu,イヴァスク
loghin,ログン
márta,カーロイ
drumen,ドルメン
mișelăricu,ミシェリク
haiducu,ハイドゥク
dănilă,ダニラ
cimpoi,チンポイ
nemeș,ネメシュ
zimmermann,ツィンメルマン
max,マックス
auschnitt,アウシュニット
morar,モラール
pătrașcu,パトラシュク
starenki,スタレンキ
săsărman,ササルマン
corvin,コルヴィン
radovici,ラドヴィチ
condeescu,コンディースク
lora,ロラ
șora,ショラ
stelescu,ステレスク
serafina,セラフィナ
moritz,モーリツ
vasilicaviorica,ヴィオリカ
nandriș,ナンドリシュ
păduraru,パーダル
titieni,ティティエニ
gianu,ジャヌ
bucurescu,ブクレスク
cârneci,カルネッチ
manuela,マヌエラ
hărăbor,ハラバー
william,ウィリアム
amorim,アモリム
vlasie,ヴラシエ
ilinoiu,イリノイウ
codreanu,コドレアヌ
darie,ダリー
dale,デイル
mihuț,ミフット
țițeica,ティツェイカ
bodochi,ボドチ
smiley,スマイリー
repan,レパン
jasmine,ジャスミン
black,ブラック
delcea,ガブリエラ
bobocica,ボボチーカ
ilinca,イリンカ
goia,ゴヤ
marta,マルタ
trancurainer,レイナー
moța,モタ
tudose,トゥドセ
guccifer,グッチファー
papadopol,パパドポル
vieru,ヴィエル
tomescu,トメスコウ
minodora,ミノドーラ
mitzura,ミツラ
monoran,モノラン
savin,サヴィン
erlend,エルレンド
krauser,クラウザー
lassaria,ラッサリア
ștefănescu,ステファネスク
caranfil,カランフィル
amna,アムナ
natașa,ナターシャ
raab,ラーブ
aurora,オーロラ
cornu,コルニュ
nelu,ネル
ploieșteanu,プロイエスタエヌ
mincu,ミンク
valeria,ヴァレリア
seciu,セシウ
marchiș,マルキシュ
chebac,チェバック
buzdugan,ブズゥガン
malaxa,マラクサ
andrian,アンドリアン
candu,カンドゥ
carp,カルプ
olguța,オルグツァ
catangă,カタンガ
fodor,オクタヴィアン
popârlan,ポパルラン
socaciu,ソカシウ
damian,ダミアン
poliana,ポリアナ
pristăvița,プリスタヴィツァ
tudorița,ツドリタ
chidu,キドウ
fochi,フォキ
ilea,イレア
stanoevici,スタノエヴィッチ
pavlu,パブルー
mironovici,ミロノヴィッチ
tudorache,トゥドゥラチェ
aristide,アリスティド
teică,テイカ
hepites,ヘピテス
țurai,ジュライ
ungheanu,ウンゲアヌ
richard,リチャード
franasovici,フランソヴィチ
eduardmichael,エドワード
grosu,グロス
homoștean,ホモシュタン
remus,レムス
kofler,コフレー
vlăduțescu,ヴラドゥシェスク
galin,ガリン
oprișor,オプリショル
orlea,オルレア
olimpia,オリンピア
ploae,フロエ
iridon,イリドン
zeța,ゼッタ
firea,フィーラ
margareta,マルガレータ
kitzl,キツル
toader,トアデール
rogoz,ロゴズ
florentinacristina,フローレンティーナ
ispas,イスパス
grindeanu,グリンデアヌ
pamfile,パムフィレ
graur,グラウル
patricia,パトリチア
țig,ツィグ
nanau,ナナウ
dijmărescu,ディジュマレスコ
mătcaș,マトカシュ
levente,モルナール
molnár,レヴェンテ
anita,アニタ
svetozar,スヴェトザル
popović,ポポヴィッチ
cireașă,チレアシャ
bugnar,バニャー
ralea,ラレア
ularu,ウラル
dorian,ドリアン
aanei,アアネイ
zamfirescu,ザムフィレスク
bolea,ボレア
jurgiu,ジュルギウ
chifu,チフ
horodniceanu,ホロドニチアヌ
giulia,ジュリア
nahmany,ナハマニー
leșe,レシェ
ceasar,シーザー
doncea,ドンチャ
ghelmegeanu,ゲルメギェアヌ
bara,バラ
astrid,アストリド
cîmpeanu,クンペアーヌ
ursache,ウルサケ
lucaci,ルカチ
nick,ニック
stuart,スチュアート
nichiteanu,ニシテーネ
fota,フォタ
lica,リカ
didier,ディディ
nunes,ヌネス
ștefania,シュテファニア
strătilă,ストラティラ
voinea,ヴォイネア
purcărete,プルカレーテ
palmeș,パルメシュ
berbec,ベルベック
aurescu,アウレスク
magda,マグダ
puskas,プシュカシュ
dolință,ドリンツァ
furculiță,フォルクリツァ
lebedinschi,レベディンシュ
ghenadi,ゲナディ
mitriuc,ミトリウク
mudreac,マドラック
negrei,ネグレイ
ciorbă,チョルバ
marcela,マルセラ
topor,トポル
horj,ホルジ
coste,コステ
vâlcan,ヴァルカン
benonie,ベノニエ
denisa,デニサ
golgotă,ゴルゴタ
ignea,イグネア
fazekaș,ファゼカス
badiu,バディウ
dudea,ドゥデア
târșă,トゥルシャ
pigulea,ピグレア
tauf,タウフ
panța,パンツァ
jovan,ヨヴァン
marković,マルコヴィッチ
cavallioti,カヴァリオティ
fifor,フィフォル
stoenac,ストエナク
chira,キーラ
carabela,カラベラ
steliancristian,ステリアン
măcelaru,マチェラル
finți,フィンツィ
dobrai,ドブライ
aida,アイダ
feli,フェリ
donose,ドノセ
boldor,ボルドール
oltin,オルティン
barna,バルナ
rada,ラダ
mihalcea,ミハルセア
antoche,アントケ
pădureanu,パドゥレアヌ
berzunțeanu,ベルズンシェアヌ
hărnuț,ハーナット
ingrid,イングリット
bisu,ビス
eneli,エネリ
rimes,リメス
balgiu,バルジュ
neculai,ネキュライ
predica,プレディカ
băcilă,バチラ
bunescu,ブネスク
cîrneală,シルネアラ
fugașin,フガシン
nathan,ネイサン
ross,ロス
margold,マーゴールド
biceanu,ビチェアヌ
ester,エスター
peony,ピオニー
chipirliu,チピルリウ
panduru,パンドゥル
feruță,フェルータ
costache,コスタケ
luis,ルイス
nițu,ニツ
chicu,チク
tania,タニア
dumitra,ドゥミトラ
levent,レベント
ulici,ウリチ
brotnei,ブロトニー
niga,ニガ
velisar,ヴェリサル
pcay,ペーカイ
terheș,テルヘシュ
barta,バルター
zaluschi,ザルスキ
nora,ノラ
leca,レカ
medeleni,メデレニ
trandafir,トランダフィール
rareș,レアシュ
sabrina,サブリナ
luminițateodora,ルミニタ
odobescu,オドベスク
poenaru,ポエナル
penescu,ペネスク
iancovescu,イアンコヴェスク
cordea,コルデア
jica,ジカ
adochiței,アドチシェイ
deák,ディーク
fică,フィカ
matiș,マティシュ
panc,パンチ
ardelean,アルデレアン
birta,ビルタ
lustig,ラスティグ
emanuela,エマヌエラ
ionica,イオニカ
ciucur,シウクル
junghetu,ユングヘトゥ
theo,テオ
ulmeni,ウルメニ
dorina,ドリナ
done,ドーン
mag,マグ
alcina,オルチーナ
dimitrescu,ドミトレスク
ugran,ウグラン
olivia,オリビア
nita,ニタ
igor,イゴル
cambir,キャンバー
odagiu,オダギウ
onea,オネア
ioana,イワナ
nestorescu,ネストレスク
tzancă,ツァンカ
uraganu,ウラガヌ
marcello,マルセル
cobzarju,コブザリウ
verbitchi,ヴェルビッチ
aarne,アアルネ
ghimiși,ギミシ
cănciulescu,カンチュレスク
karl,カール
heisenberg,ハイゼンベルク
comeagă,コマガ
andia,アンディア
poienaru,ポイナール
mitcu,ミク
smoleanu,スモレヌ
mihoc,ミホック
măndănac,マンダナック
pestritu,ペストリトゥ
poiana,ポイアナ
emaa,エマー
mario,マリオ
fresh,フレッシュ
maruca,マルカ
băiașu,バイアシュ
alecs,アレックス
năstoiu,ナストイウ
grămoșteanu,グラモステアヌ
mădăraș,マダラシュ
vescan,ベスカン
ciripan,シリパン
jugravu,ジュグラブ
saulescu,サウレスク
ocna,オクナ
sibiului,シビウルイ
eternul,エテルヌル
derbi,デルビー
zalău,ザラウ
dâmbovița,ドゥンボヴィツァケン
cugir,クジル
jimbolia,ジンボリア
piatra,ピアトラ
neamț,ネアムツ
maramureș,マラムレシュケン
covasna,コヴァスナケン
prahova,プラホヴァケン
motru,モトル
putna,プトナ
olt,オルトケン
oțelu,オチェル
gorj,ゴルジュケン
harghita,ハルギタケン
bocșa,ボクシャ
sălaj,サラージュケン
dolj,ドルジュケン
ilfov,イルフォヴケン
mehedinți,メヘディンチケン
isaccea,イサクチャ
rapid,ラピド
băneasa,バネアサ
teleorman,テレオルマンケン
ialomița,ヤロミツァケン
salcea,サルチャ
bechet,ベケト
găești,ガエシュティ
bihor,ビホルケン
zimnicea,ジムニチャ
orăștie,オラシュティエ
slatina,スラティナ
alexandria,アレクサンドリア
bușteni,ブシュテニ
timiș,ティミシュケン
dara,ダラ
râpa,ルパ
turceni,トゥルチェニ
sovata,ソヴァタ
vrancea,ヴランチャケン
cenei,チェネイ
gurba,グルバ
murfatlar,ムルファトラル
crișana,クリシャナ
sântana,スンタナ
ponticocaspică,ステップ
amara,アマラ
ardud,アルドゥド
șomcuta,ショムクタ
eurocorp,オウシュウゴウドウグン
livada,リヴァダ
vișeu,ヴィショウ
sus,スース
ponoarele,ポノアレレ
ostra,オストラ
săliște,サリシュテ
filpișu,フィルピシュ
săcel,サチェル
făget,ファジェット
cristuru,クリストゥル
măcin,マチン
deta,デタ
horea,ホリア
ciolpani,チョルパニ
valea,ヴァレア
vișeului,ヴィシェウルイ
hârlău,フルラウ
otopeni,オトペニ
bonțida,ボンツィダ
mamaia,ママイア
petroșnița,ペトロシュニツァ
vodă,ヴォダ
dărmănești,ダルマネシュティ
bârlad,バルラード
adjud,アドジュード
agnita,アグニタ
adamclisi,アダムクリシ
ciacova,キアコヴァ
iam,ヤム
frumos,フルモス
câmpina,クンピナ
orman,オルマン
mediaș,メディアシュ
lipova,リポヴァ
rovinari,ロヴィナリ
sarasău,サラサウ
calafat,カラファート
beiuș,ベユシュ
pata,パタ
săcueni,サクエニ
chiajna,キアジナ
partium,パルティウム
aerostar,アエロスター
țara,ツァラ
moților,モツィロール
buziaș,ブジアシュ
strehaia,ストレハイア
năsăud,ナサウド
păltiniș,パルティニシュ
tismana,ティスマナ
borzești,ボルゼシュティ
iernut,イェルヌート
air,エア
aiud,アユド
huși,フシ
berbești,ベルベシュティ
săpânța,サプンツァ
ianca,ヤンカ
mizil,ミジル
oltena,クラヨーヴァジドウシャ
jibou,ジボウ
gurbediu,グルベディウ
charlottenburg,シャルロッテンブルク
mic,ミク
panic,パニック
cărbunești,カルブネシュティ
cehu,チェフ
silvaniei,シルヴァニェイ
biertan,ビエルタン
lisa,リサ
bata,バタ
toplița,トプリツァ
râșnov,ルシュノヴ
veche,ヴェッキ
dalnic,ダルニク
vulcan,ヴルカン
sânmiclăuș,スンミクラウシュ
șieu,シェウ
turnișor,トゥルニショル
ghimbav,ギンバヴ
tapia,タピア
breaza,ブラーザ
tălmaciu,タルマチウ
sprie,スプリエ
sândominic,チークセントドモコシュ
câlnic,クルニク
ieud,イェウド
aninoasa,アニノアサ
cheresig,ケレシグ
viscri,ヴィスクリ
bala,バラ
beclean,ベクレアン
predeal,プレデアル
agigea,アジジャ
săvădisla,サバディスラ
oncești,オンチェシュティ
rășinari,ラシナリ
foresta,フォレスタ
mândruloc,ムンドルロック
orșova,オルショヴァ
girișu,ジリシュ
saschiz,サスキズ
transelectrica,トランスエレクトリカ
cenad,ケナド
călugăreni,ミクハーザ
azuga,アズガ
porolissum,ポロリッスム
mineu,ジメニェー
sărățel,サラツェル
nojag,ノジャグ
șugatag,シュガタグ
municipal,ムニシパル
anina,アニーナ
nouă,ノワ
săcele,サチェレ
belfir,ベルフィル
lindenfeld,リンデンフェルド
ineu,イネウ
mărășești,マラシェシュティ
dico,ディコ
și,シ
tigănaș,ツィガナシュ
sânnicolau,スンニコラウ
minimax,ミニマックス
rozavlea,ロザヴリャ
cisnădie,チスナディエ
hațeg,ハツェグ
certeju,セルテュジュ
simeria,シメリア
reghin,レギン
frumosu,フルモス
năvodari,ナボダリ
fcu,ウニヴェルシタテア
vladimirescu,ヴラディミレスク
făurei,ファウレイ
vinga,ヴィンガ
eforie,エフォリエ
viilor,ヴィイロル
dârjiu,ドゥルジウ
mărțișor,マルテニツァ
tisa,ティサ
sânpetru,スンペトル
nadășului,ナダシュルイ
selecția,セレクツィア
cavnic,カヴニク
tilișca,ティリシュカ
dinamo,ディナモ
jamu,ジャム
prejmer,プレジュメル
rotunda,ロトゥンダ
gazeta,ガゼタ
sporturilor,スポルトゥリロル
balotești,バロテシュティ
cotroceni,コトロチェニ
strâmtura,ストルムトゥラ
șirna,シルナ
troesmis,トロエミス
groupama,グルパマ
gaz,ガズ
metan,メタン
mediapro,メディアプロ
music,ミュージック
tineretului,スタジアム
electroputere,エレクトロプテレ
bistreț,ビストレッツ
bod,ボド
biharia,ビハリア
colonești,コロネスティ
negri,ネグリ
șimian,エールシェムイェーン
tinca,ティンカ
fratelia,フラテリア
uda,ウダ
ilia,イリア
casa,カーサ
presei,プレセイ
libere,リベレ
prislav,ペレヤスラヴェツ
romula,ロムラ
arcul,アルクル
triumf,トリウンフ
holt,ホルト
snagov,スナゴヴ
jilava,ジラヴァ
remetea,レメテア
chioarului,キオアルルイ
tărtăria,タルタリア
rocar,ロカー
tâncăbești,トゥンカベシュティ
petrom,ペトロム
histria,ヒストリアイセキ
jurnalul,ジュルナルル
național,ナツィオナル
ungheni,ウンゲニ
salina,サリーナ
păltinișanu,パルティヌシャヌ
afumați,アフマツィ
râmnicelu,ルムニチェル
clinceni,クリンチェニ
megamax,メガマックス
borcea,ボルチャ
repedea,レペデア
mitoc,ミトク
marca,マルカ
cochirleanca,コキルレアンカ
padeș,パデシュ
pănătău,パナタウ
găgești,ガジェシュチ
grivița,グリヴィツァ
semlac,セムラク
problema,ルーマニア
basarabeană,ソビエトレンポウカンケイニオケルベッサラビア
tichilești,ティキレシュティ
apold,アポルト
halmeu,ハルメウ
ciocârlia,チオカリア
fălciu,ファルチウケン
tuzla,トゥズラ
târgșoru,トゥルグショル
vechi,ベキ
șimand,シマンド
groșii,グロシイ
țibleșului,ツィブレシュルイ
lăpuș,ラプシュ
atid,アティッド
grup,フェロビアル
feroviar,ロマン
român,グループ
liberty,スタジアム
brateiu,シビウケン
băla,バラ
bârnova,ブルノバ
profesionistă,プロフェショニスタ
fotbal,フォトバル
hodod,ホドド
prefect,ケンチジ
ciurea,チュレア
storojineț,ストロイネツケン
comana,コマナ
galița,ガリツァ
timișoreana,ティミショアレアナ
golineasa,ゴーライネアサ
goruna,ゴルーナ
colibași,コリバシ
costinești,コスティネシュティ
dobridor,ドブリドル
chilia,チリア
dudeștii,ドゥデシュティイ
obârșiacloșani,クロシャニ
maidan,マイダン
periprava,ペリプラヴァ
șag,シャグ
canaralele,カナラレレ
hârșova,ハルショヴァ
șiria,シリア
plenița,ドルジュケン
cat,キャット
chichiș,キキシュ
pișchia,ピシュキア
dona,ドナ
bradu,ブラドゥ
someș,ソメシュケン
desa,デサ
roșia,ロシア
montană,モンタナ
filioara,フィリップオアラ
deveselu,デベセル
călinești,カリネネュティ
gilău,ジラウ
heci,ヘチ
ezeriș,エゼリシュ
grădinari,グレディナリ
moisei,モイセイ
subcarpați,スブカルパツィ
scobâlțeni,スコブルツェニ
luna,ルナ
nițchidorf,ニツキドルフ
tăul,タウル
lui,ルイ
podari,ポダリ
puiești,プイェシュティ
siminicea,シミニチャ
hemeiuș,ヘメイウシュ
vorona,ヴォロナ
open,オープン
radisson,ラディソン
blu,ブル
trântă,トレンタ
cricău,クリカウ
jidvei,ジドヴェイ
mănăstirea,サプンツァ
săpânțaperi,ペリモクゾウキョウカイ
noșlac,アルバケン
vințu,ヴィンツ
jos,ジョス
hopârta,ホプルタ
mehadia,メハディア
ciurila,チュリラ
apahida,アパヒダ
derbiul,デルビウル
vestului,ヴェストゥルイ
orhideea,オルヒデーア
towers,タワーズ
alexeni,アレクセニ
softrans,ソフトトランス
dorna,ドルナ
candrenilor,カンドレニロル
crasna,クラスナ
suhaia,スハヤ
poarta,フォクシャニ
focșanilor,ゲート
transylvania,トランシルヴァニア
primvs,プリムヴス
derby,デルビ
constanţa,コンスタンツァ
iaşi,ヤシ
timişoara,ティミショアラ
galaţi,ガラツィ
târgovişte,トゥルゴヴィシュテ
moldoveanu,モルドベアヌサン
braşov,ブラショフ
bistriţa,ビストリツァ
maramureş,マラムレシュケン
botoşani,ボトシャニケン
argeş,アルジェシュケン
timiş,ティミシュケン
neamţ,ネアムツケン
mureş,ムレシュケン
mehedinţi,メヘディンチケン
călăraşi,カララシケン
ialomiţa,ヤロミツァケン
dâmboviţa,ドゥンボヴィツァケン
europe,ヨーロッパ
carpathians,カルパティアサンミャク