gerónimo,제로니모,jeronimo
andrépierre,앙드레피에르,angdeurepiereu
gignac,지냐크,jinyakeu
stephen,스티븐,seutibeun
austin,오스틴,oseutin
porfirio,포르피리오,poreupirio
díaz,디아스,diaseu
frida,프리다,peurida
kahlo,칼로,kalro
alfonso,알폰소,alponso
cuarón,쿠아론,kuaron
león,레온,reon
trotski,트로츠키,teuroceuki
lucero,루세로,rusero
gustavo,구스타보,guseutabo
ordaz,오르다스,oreudaseu
inés,이네스,ineseu
efron,에프론,epeuron
carlos,카를로스,kareulroseu
salinas,살리나스,salrinaseu
de,데,de
gortari,고르타리,goreutari
lorena,로레나,rorena
ochoa,오초아,ocoa
thalía,탈리아,talria
diego,디에고,diego
rivera,리베라,ribera
lupe,루프,rupeu
vélez,벨레스,belreseu
josé,호세,hose
lópez,로페스,ropeseu
portillo,포르티요,poreutiyo
manuel,마누엘,manuel
ávila,아빌라,abilra
camacho,카마초,kamaco
nicolás,니콜라스,nikolraseu
bravo,브라보,beurabo
miguel,미겔,migel
alemán,알레만,alreman
valdés,발데스,baldeseu
vicente,비센테,bisente
guerrero,게레로,gerero
jonathan,호나탄,honatan
dos,도스,doseu
santos,산토스,santoseu
lucas,루카스,rukaseu
barrios,바리오스,barioseu
fuentes,푸엔테스,puenteseu
andrés,안드레스,andeureseu
guardado,과르다도,gwareudado
anahí,아나이,anai
pablo,파블로,pabeulro
barrera,바레라,barera
omar,오마르,omareu
guadalupe,과달루페,gwadalrupe
victoria,빅토리아,bigtoria
gerardo,헤라르도,herareudo
torrado,토라도,torado
javier,하비에르,habiereu
hernández,에르난데스,ereunandeseu
balcázar,발카사르,balkasareu
héctor,엑토르,egtoreu
moreno,모레노,moreno
venustiano,베누스티아노,benuseutiano
carranza,카란사,karansa
lila,릴라,rilra
downs,다운스,daunseu
zuria,수리아,suria
vega,베가,bega
katy,카티,kati
jurado,후라도,hurado
kuno,쿠노,kuno
becker,베커,bekeo
joaquín,호아킨,hoakin
herrera,에레라,erera
pedro,페드로,pedeuro
armendáriz,아르멘다리스,areumendariseu
jared,하레드,haredeu
borgetti,보르헤티,boreuheti
slim,슬림,seulrim
plutarco,플루타르코,peulrutareuko
elías,엘리아스,elriaseu
calles,카예스,kayeseu
jorge,호르헤,horeuhe
campos,캄포스,kamposeu
ramón,라몬,ramon
vargas,바르가스,bareugaseu
francisco,프란시스코,peuransiseuko
la,라,ra
barra,바라,bara
guillermo,기예르모,giyereumo
franco,프랑코,peurangko
daniel,다니엘,daniel
bautista,바우티스타,bautiseuta
edith,에디트,editeu
gonzález,곤살레스,gonsalreseu
luna,루나,runa
antonio,안토니오,antonio
carbajal,카르바할,kareubahal
sara,사라,sara
ramírez,라미레스,ramireseu
emiliano,에밀리아노,emilriano
zapata,사파타,sapata
emilio,에밀리오,emilrio
portes,포르테스,poreuteseu
gil,힐,hil
paul,파울,paul
aguilar,아길라르,agilrareu
efraín,에프라인,epeurain
juárez,후아레스,huareseu
sebastián,세바스티안,sebaseutian
lerdo,레르도,rereudo
tejada,테하다,tehada
agustín,아구스틴,aguseutin
lara,라라,rara
gloria,글로리아,geulroria
trevi,트레비,teurebi
ricardo,리카르도,rikareudo
osorio,오소리오,osorio
gael,가엘,gael
garcía,가르시아,gareusia
bernal,베르날,bereunal
jessica,제시카,jesika
alba,알바,alba
dolores,돌로레스,dolroreseu
heredia,에레디아,eredia
ximena,히메나,himena
navarrete,나바레테,nabarete
octavio,옥타비오,ogtabio
paz,파스,paseu
benito,베니토,benito
bora,보라,bora
milutinović,밀루티노비치,milrutinobici
místico,미스티코,miseutiko
alessandra,알레산드라,alresandeura
rosaldo,로살도,rosaldo
cara,카라,kara
buono,부오노,buono
giselle,지젤,jijel
itié,이티에,itie
pável,파벨,pabel
pardo,파르도,pareudo
vela,벨라,belra
luis,루이스,ruiseu
buñuel,부뉴엘,bunyuel
rafael,라파엘,rapael
márquez,마르케스,mareukeseu
fox,폭스,pogseu
santa,산타,santa
anna,아나,ana
marga,마르가,mareuga
adolfo,아돌포,adolpo
ruiz,루이스,ruiseu
cortines,코르티네스,koreutineseu
alberto,알베르토,albereuto
del,델,del
río,리오,rio
olga,올가,olga
costa,코스타,koseuta
obrador,오브라도르,obeuradoreu
óscar,오스카르,oseukareu
hoya,호야,hoya
sergio,세르히오,sereuhio
pérez,페레스,pereseu
juan,후안,huan
rulfo,룰포,rulpo
ernesto,에르네스토,ereuneseuto
zedillo,세디요,sediyo
robles,로블레스,robeulreseu
paulina,파울리나,paulrina
rubio,루비오,rubio
vikki,비키,biki
carr,카,ka
victoriano,빅토리아노,bigtoriano
huerta,우에르타,uereuta
israel,이스라엘,iseurael
castro,카스트로,kaseuteuro
mariano,마리아노,mariano
arista,아리스타,ariseuta
icaza,이카사,ikasa
alejandro,알레한드로,alrehandeuro
iñárritu,이냐리투,inyaritu
pancho,판초,panco
villa,비야,biya
aguirre,아기레,agire
felipe,펠리페,pelripe
calderón,칼데론,kalderon
cantinflas,칸틴플라스,kantinpeulraseu
solís,솔리스,solriseu
madrid,마드리드,madeurideu
lázaro,라사로,rasaro
cárdenas,카르데나스,kareudenaseu
mateos,마테오스,mateoseu
guido,기도,gido
pizarro,피사로,pisaro
olivia,올리비아,olribia
harrison,해리슨,haeriseun
carlton,칼턴,kalteon
cuse,큐스,kyuseu
maribel,마리벨,maribel
domínguez,도밍게스,dominggeseu
montalbán,몬탈반,montalban
mónica,모니카,monika
ocampo,오캄포,okampo
enrique,엔리케,enrike
peña,페냐,penya
nieto,니에토,nieto
silvia,실비아,silbia
pinal,피날,pinal
clemente,클레멘테,keulremente
orozco,오로스코,oroseuko
anthony,앤서니,aenseoni
quinn,퀸,kwin
cuauhtémoc,콰우테모크,kwautemokeu
blanco,블랑코,beulrangko
salcido,살시도,salsido
ignacio,이그나시오,igeunasio
edward,에드워드,edeuweodeu
james,제임스,jeimseu
olmos,올모스,olmoseu
adam,아담,adam
mckay,매케이,maekei
claudio,클라우디오,keulraudio
suárez,수아레스,suareseu
demián,데미안,demian
bichir,비치르,bicireu
kitten,키튼,kiteun
natividad,나티비더드,natibideodeu
gallardo,가야르도,gayareudo
álvaro,알바로,albaro
obregón,오브레곤,obeuregon
john,존,jon
sutter,서터,seoteo
toro,토로,toro
sandra,산드라,sandeura
echeverría,에체베리아,eceberia
anastasio,아나스타시오,anaseutasio
bustamante,부스타만테,buseutamante
oswaldo,오스왈도,oseuwaldo
sánchez,산체스,sanceseu
chávez,차베스,cabeseu
aceves,아세베스,asebeseu
bocanegra,보카네그라,bokanegeura
edgar,에드거,edeugeo
castillo,카스티요,kaseutiyo
cecilia,세실리아,sesilria
elpidia,엘피디아,elpidia
carrillo,카릴로,karilro
pascual,파스쿠알,paseukual
ortiz,오르티스,oreutiseu
osuna,오수나,osuna
millán,밀란,milran
leticia,레티시아,retisia
bárbara,바르바라,bareubara
mori,모리,mori
jacqueline,하켈리네,hakelrine
bracamontes,브라카몬테스,beurakamonteseu
marco,마르코,mareuko
rodríguez,로드리게스,rodeurigeseu
julia,훌리아,hulria
pastrana,파스트라나,paseuteurana
salma,살마,salma
hayek,아예크,ayekeu
danna,다나,dana
paola,파올라,paolra
mario,마리오,mario
van,밴,baen
peebles,피블스,pibeulseu
consuelo,콘수엘로,konsuelro
velázquez,벨라스케스,belraseukeseu
linda,린다,rinda
christian,크리스티안,keuriseutian
libertad,리베르타드,ribereutadeu
lamarque,라마르케,ramareuke
gaitán,가이탄,gaitan
soraya,소라야,soraya
jiménez,히메네스,himeneseu
ulises,울리세스,ulriseseu
dávila,다빌라,dabilra
urrea,우레아,urea
fernando,페르난도,pereunando
valenzuela,발렌수엘라,balrensuelra
tlacotzin,틀라코친,teulrakocin
lupita,루피타,rupita
tovar,토바르,tobareu
brook,브룩,beurug
dulce,둘체,dulce
maría,마리아,maria
canto,칸토,kanto
ailton,아이우통,aiutong
da,다,da
silva,실바,silba
césar,세사르,sesareu
verónica,베로니카,beronika
nailea,나일레아,nailrea
norvind,노르빈드,noreubindeu
oribe,오리베,oribe
peralta,페랄타,peralta
ninel,니넬,ninel
conde,콘데,konde
gómez,고메스,gomeseu
pedraza,페드라사,pedeurasa
mauricio,마우리시오,maurisio
islas,이슬라스,iseulraseu
susana,수사나,susana
félix,펠릭스,pelrigseu
adrián,아드리안,adeurian
ana,아나,ana
claudia,클라우디아,keulraudia
talancón,탈랑콘,talrangkon
fabián,파비안,pabian
iturbide,이투르비데,itureubide
armando,아르만도,areumando
archundia,아르춘디아,areucundia
laura,라우라,raura
harring,해링,haering
torres,토레스,toreseu
nilo,닐로,nilro
maite,마이테,maite
perroni,페로니,peroni
julieta,훌리에타,hulrieta
venegas,베네가스,benegaseu
belinda,벨린다,belrinda
adriana,아드리아나,adeuriana
barraza,바라자,baraja
chavela,차벨라,cabelra
raúl,라울,raul
bach,바흐,baheu
isela,이셀라,iselra
alejandra,알레한드라,alrehandeura
guzmán,구스만,guseuman
zamora,사모라,samora
aarón,아론,aron
hugo,우고,ugo
morales,모랄레스,moralreseu
julio,훌리오,hulrio
depaula,데폴라,depolra
víctor,빅토르,bigtoreu
fonseca,폰세카,ponseka
louvier,루비에르,rubiereu
villagrán,비야그란,biyageuran
osvaldo,오스발도,oseubaldo
benavides,베나비데스,benabideseu
ofelia,오펠리아,opelria
medina,메디나,medina
osorno,오소르노,osoreuno
oneli,오넬리,onelri
subcomandante,부사령관,busaryeonggwan
marcos,마르코스,mareukoseu
manny,매니,maeni
martínez,마르티네스,mareutineseu
gabriel,가브리엘,gabeuriel
valencia,발렌시아,balrensia
justo,후스토,huseuto
corro,코로,koro
barragán,바라간,baragan
alaska,알라스카,alraseuka
iglesias,이글레시아스,igeulresiaseu
martín,마르틴,mareutin
perfecto,페르펙토,pereupegto
cos,코스,koseu
teresa,테레사,teresa
flor,플로르,peulroreu
silvestre,실베스트레,silbeseuteure
esmeralda,에스메랄다,eseumeralda
pimentel,피멘텔,pimentel
sariñana,사리냐나,sarinyana
ángel,앙헬,anghel
ponce,폰세,ponse
nigris,니그리스,nigeuriseu
amaya,아마야,amaya
jaime,하이메,haime
camil,카밀,kamil
alcubierre,알쿠비에레,alkubiere
patricia,파트리시아,pateurisia
rojo,로호,roho
manterola,만테롤라,manterolra
margo,마고,mago
espinoza,에스피노사,eseupinosa
alfredo,알프레도,alpeuredo
jesús,헤수스,hesuseu
corona,코로나,korona
martha,마르타,mareuta
higareda,이가레다,igareda
yovani,요바니,yobani
paty,파티,pati
cantú,칸투,kantu
jay,제이,jei
boneta,보네타,boneta
borja,보르하,boreuha
rodrigo,로드리고,rodeurigo
prieto,프리에토,peurieto
talavera,탈라베라,talrabera
amaury,아모리,amori
aída,아이다,aida
román,로만,roman
érick,에리크,erikeu
padilla,파디야,padiya
laisha,라이샤,raisya
wilkins,윌킨스,wilkinseu
delanda,데란다,deranda
ce,세,se
ácatl,아카틀,akateul
topiltzin,토필친,topilcin
quetzalcóatl,케찰코아틀,kecalkoateul
arcelia,아르셀리아,areuselria
super,슈퍼,syupeo
crazy,크레이지,keureiji
geo,헤오,heo
meneses,메네세스,meneseseu
zaragoza,사라고사,saragosa
y,이,i
ayako,아야코,ayako
hamada,아마다,amada
giovani,조바니,jobani
alcoriza,알코리자,alkorija
eiza,에이사,eisa
néstor,네스토르,neseutoreu
araujo,아라우호,arauho
arturo,아르투로,areuturo
irán,이란,iran
blanca,블랑카,beulrangka
estela,에스텔라,eseutelra
pavón,파본,pabon
rogelio,로헬리오,rohelrio
funes,푸네스,puneseu
barros,바로스,baroseu
natalia,나탈리아,natalria
lafourcade,라푸르카데,rapureukade
clavijero,클라비헤로,keulrabihero
carla,카를라,kareulra
morrison,모리손,morison
vanessa,바네사,banesa
bauche,바우체,bauce
eugenio,에우헤니오,euhenio
derbez,데르베스,dereubeseu
michelle,미첼,micel
renaud,르노,reuno
grettell,그레텔,geuretel
valdez,발데스,baldeseu
ruffo,루포,rupo
manzanero,만사네로,mansanero
yuridia,유리디아,yuridia
ayala,아얄라,ayalra
layún,라윤,rayun
renata,레나타,renata
notni,노트니,noteuni
reyes,레예스,reyeseu
spíndola,스핀돌라,seupindolra
guty,구티,guti
chucho,추초,cuco
navarro,나바로,nabaro
karim,카림,karim
brenda,브렌다,beurenda
contreras,콘트레라스,konteureraseu
altaír,알타이르,altaireu
jarabo,하라보,harabo
aquino,아키노,akino
roberto,로베르토,robereuto
cobo,코보,kobo
núñez,누녜스,nunyeseu
regueiro,레게이로,regeiro
urquiola,우르키올라,ureukiolra
corrales,코랄레스,koralreseu
armén,아르멘,areumen
ohanián,오하냔,ohanyan
stephany,스테파니,seutepani
mayor,마요르,mayoreu
ludwika,루드비카,rudeubika
paleta,팔레타,palreta
valentín,발렌틴,balrentin
canalizo,카날리소,kanalriso
melchor,멜초르,melcoreu
múzquiz,무스키스,museukiseu
rosales,레예스,reyeseu
itatí,이타티,itati
cantoral,칸토랄,kantoral
rivero,리베로,ribero
natasha,나타샤,natasya
dupeyrón,뒤페롱,dwiperong
allende,알렌드,alrendeu
pitol,피톨,pitol
rufino,루피노,rupino
tamayo,타마요,tamayo
emmanuel,에마누엘,emanuel
lubezki,루베스키,rubeseuki
candela,칸델라,kandelra
diana,다이아나,daiana
bracho,브라초,beuraco
novarro,노바로,nobaro
galilea,갈릴레아,galrilrea
montijo,몬티호,montiho
guerra,게라,gera
jenni,제니,jeni
garibay,가리베이,garibei
vergara,베르가라,bereugara
alan,알란,alran
pulido,풀리도,pulrido
camila,카밀라,kamilra
sodi,소디,sodi
negrete,네그레테,negeurete
flores,플로레스,peulroreseu
lombardo,롬바르도,rombareudo
toledano,톨레다노,tolredano
elizabeth,엘리사베트,elrisabeteu
cervantes,세르반테스,sereubanteseu
ely,엘리,elri
carrasco,카라스코,karaseuko
mejía,메히아,mehia
alma,엘머,elmeo
beltran,벨트란,belteuran
nyong'o,뇽오,nyongo
lumi,루미,rumi
cavazos,카바소스,kabasoseu
angélica,앙헬리카,anghelrika
soto,소토,soto
aracely,아라셀리,araselri
arámbula,아람불라,arambulra
dosamantes,도사만테스,dosamanteseu
serradilla,세르라딜라,sereuradilra
mayra,마이라,maira
sérbulo,세르불로,sereubulro
steve,스티브,seutibeu
alanís,로드리게스,rodeurigeseu
marlene,마를렌,mareulren
favela,파벨라,pabelra
cuevas,쿠에바스,kuebaseu
isaac,이사크,isakeu
acuña,아쿠냐,akunya
chaparro,차파로,caparo
mon,몬,mon
laferte,라페르테,rapereute
murguía,무르기아,mureugia
carmen,카르멘,kareumen
aub,아우브,aubeu
daniela,다니엘라,danielra
luján,루한,ruhan
úrsula,우르술라,ureusulra
santana,산타나,santana
colunga,코룬가,korunga
bernardo,베르나르도,bereunareudo
sepúlveda,세풀베다,sepulbeda
amor,아모르,amoreu
pico,피코,piko
fernanda,페르난다,pereunanda
gilbert,길버트,gilbeoteu
roland,롤랜드,rolraendeu
briseño,브리세뇨,beurisenyo
david,다비드,dabideu
zepeda,세페다,sepeda
joakim,호아킴,hoakim
soria,소리아,soria
arau,아라우,arau
garza,가르자,gareuja
gutiérrez,구티에레스,gutiereseu
jacob,하코브,hakobeu
karyme,카리메,karime
lozano,로사노,rosano
eréndira,에렌디라,erendira
ibarra,이바라,ibara
ojeda,오제다,ojeda
taracena,타라세나,tarasena
zambrano,잠브라노,jambeurano
grijalva,그리할바,geurihalba
súper,수페르,supereu
nova,노바,noba
el,엘,el
santo,산토,santo
estrada,에스트라다,eseuteurada
stiglitz,스티글리츠,seutigeulriceu
humberto,움베르토,umbereuto
elizondo,엘리존도,elrijondo
gabriela,가브리엘라,gabeurielra
calva,칼바,kalba
vázquez,바스케스,baseukeseu
méndez,멘데스,mendeseu
jürgen,위르겐,wireugen
damm,담,dam
irene,이레네,irene
azuela,아수엘라,asuelra
máscara,그랜,geuraen
dorada,메탈릭,metalrig
goldani,골다니,goldani
telles,텔레스,telreseu
maya,마야,maya
tito,티토,tito
junco,준코,junko
andrade,안드라데,andeurade
ídolo,알마스,almaseu
sofía,소피아,sopia
cepeda,세페다,sepeda
bucio,부시오,busio
sophie,소피,sopi
alexander,알레한데르,alrehandereu
ténoch,테노치,tenoci
arrieta,아리에타,arieta
carriles,카릴즈,kariljeu
isaác,이사크,isakeu
brizuela,브리수엘라,beurisuelra
nayeli,나옐리,nayelri
rangel,랑헬,ranghel
sauto,사우토,sauto
kristyan,크리스티안,keuriseutian
ferrer,페레르,perereu
mascarita,마스카리타,maseukarita
sagrada,사그라다,sageurada
marina,마리나,marina
tavira,타비라,tabira
salcedo,살세도,salsedo
alcántara,알칸타라,alkantara
goto,고토,goto
rosa,로사,rosa
bianchi,비안치,bianci
karla,카를라,kareulra
souza,소우사,sousa
raquel,라퀠,rakwel
ela,엘라,elra
velden,벨덴,belden
hirving,이르빙,ireubing
orbelín,오르벨린,oreubelrin
pineda,피네다,pineda
rodolfo,로돌포,rodolpo
cota,코타,kota
peter,피터,piteo
gadiot,개디오,gaedio
henry,엔리,enri
michel,미셸,misyel
zachary,재커리,jaekeori
laoutides,래오타이즈,raeotaijeu
adan,아단,adan
cordovabuckley,코르도바버클리,koreudobabeokeulri
yanet,야네트,yaneteu
álex,알렉스,alregseu
verdugo,베르두고,bereudugo
karol,카롤,karol
sevilla,세비야,sebiya
stephanie,스테파니,seutepani
sigman,시그만,sigeuman
roberta,로베르타,robereuta
colindrez,콜린드레스,kolrindeureseu
schloesser,슬루서르,seulruseoreu
melissa,멜리사,melrisa
ilse,일세,ilse
salas,살라스,salraseu
alvarado,알바라도,albarado
montes,몬테스,monteseu
kristal,크리스탈,keuriseutal
uriel,우리엘,uriel
antuna,안투나,antuna
nodal,노달,nodal
córdova,코르도바,koreudoba
dharius,다리우스,dariuseu
arteaga,아르테아가,areuteaga
yago,야구,yagu
alexis,알렉시스,alregsiseu
samuel,사무엘,samuel
burgos,부르고스,bureugoseu
romo,로모,romo
kimberly,킴벌리,kimbeolri
loaiza,로아이사,roaisa
edson,에드손,edeuson
álvarez,알바레스,albareseu
santiago,산티아고,santiago
giménez,히메네스,himeneseu
julián,훌리안,hulrian
lajud,라후드,rahudeu
yalitza,얄리차,yalrica
aparicio,아파리시오,aparisio
kevin,케빈,kebin
andrea,안드레아,andeurea
meza,메사,mesa
johan,요한,yohan
vásquez,바스케스,baseukeseu
luka,루카,ruka
romero,로메로,romero
cabrera,카브레라,kabeurera
avilés,아빌레스,abilreseu
kenia,케니아,kenia
os,오스,oseu
iñaki,이냐키,inyaki
godoy,고도이,godoi
hidalgo,이달고,idalgo
costilla,코스티야,koseutiya
aznar,아스나르,aseunareu
dani,다니,dani
carvajal,카르바할,kareubahal
rubén,루벤,ruben
picasso,피카소,pikaso
paco,파코,pako
lucía,루시아,rusia
guillén,기옌,giyen
echegaray,에체가라이,ecegarai
barenboim,바렌보임,barenboim
ortega,오르테가,oreutega
gasset,가세트,gaseteu
albiol,알비올,albiol
primo,프리모,peurimo
brühl,브륄,beurwil
gris,그리스,geuriseu
alberti,알베르티,albereuti
salvador,살바도르,salbadoreu
dalí,달리,dalri
panizo,파니소,paniso
alkorta,알코르타,alkoreuta
leal,레알,real
joan,주안,juan
miró,미로,miro
cuéllar,케야르,keyareu
montserrat,몽세라,mongsera
caballé,카바예,kabaye
garbiñe,가르비녜,gareubinye
muguruza,무구루사,mugurusa
hernán,에르난,ereunan
cortés,코르테스,koreuteseu
shakira,샤키라,syakira
solana,솔라나,solrana
maceda,마세다,maseda
simón,시몬,simon
bolívar,볼리바르,bolribareu
artur,아르투르,areutureu
mas,마스,maseu
lluís,유이스,yuiseu
llach,야흐,yaheu
abril,아브릴,abeuril
ronaldinho,호나우지뉴,honaujinyu
isco,이스코,iseuko
semprún,셈프룬,sempeurun
camilo,카밀로,kamilro
cela,셀라,selra
plácido,플라시도,peulrasido
domingo,도밍고,dominggo
asier,아시에르,asiereu
illarramendi,이야라멘디,iyaramendi
itziar,이치아르,iciareu
ituño,이투뇨,itunyo
nadal,나달,nadal
marcelo,마르셀루,mareuselru
vieira,비에이라,bieira
wolfgang,볼프강,bolpeugang
ratz,라츠,raceu
epifanio,에피파니오,epipanio
fernández,페르난데스,pereunandeseu
jacinto,하신토,hasinto
benavente,베나벤테,benabente
ricky,리키,riki
martin,마틴,matin
grecia,소피아,sopia
eugenia,외제니,oejeni
almunia,알무니아,almunia
bayo,바요,bayo
patricio,파트리시오,pateurisio
escobal,에스코발,eseukobal
sancho,산초,sanco
gracia,그라시아,geurasia
rajoy,라호이,rahoi
aleixandre,알레익산드레,alreigsandeure
contador,콘타도르,kontadoreu
bardem,바르뎀,bareudem
ángela,앙헬라,anghelra
molina,몰리나,molrina
barranco,바랑코,barangko
martí,마르티,mareuti
sol,솔,sol
catalina,카탈리나,katalrina
aragón,아라곤,aragon
capablanca,카파블랑카,kapabeulrangka
iker,이케르,ikereu
casillas,카시야스,kasiyaseu
alonso,알론소,alronso
zapatero,사파테로,sapatero
marc,마르크,mareukeu
butragueño,부트라게뇨,buteuragenyo
pánfilo,판필로,panpilro
narváez,나르바에스,nareubaeseu
penélope,페넬로페,penelrope
cruz,크루스,keuruseu
llosa,요사,yosa
rafa,라파엘,rapael
benítez,베니테스,beniteseu
erauso,에라우소,erauso
rey,레이,rei
javi,하비,habi
simonet,시모네,simone
julen,훌렌,hulren
lopetegui,로페테기,ropetegi
carme,카르메,kareume
chacón,차콘,cakon
pepe,페페,pepe
reina,레이나,reina
pep,펩,peb
guardiola,과르디올라,gwareudiolra
carles,카를레스,kareulreseu
puyol,푸욜,puyol
onetti,오네티,oneti
thiago,티아고,tiago
federico,페데리코,pederiko
lorca,로르카,roreuka
banderas,반데라스,banderaseu
remón,레몬,remon
lope,로페,rope
soriano,소리아노,soriano
di,디,di
stéfano,스테파노,seutepano
cesc,세스크,seseukeu
fàbregas,파브레가스,pabeuregaseu
xavi,차비,cabi
gerard,제라르드,jerareudeu
piqué,피케,pike
jean,장,jang
reno,르노,reuno
gea,헤아,hea
pinto,핀토,pinto
calatrava,칼라트라바,kalrateuraba
isabel,이사벨,isabel
borbónparma,이사벨라,isabelra
bojan,보얀,boyan
krkić,크르키치,keureukici
mata,마타,mata
iniesta,이니에스타,inieseuta
cajal,카할,kahal
loyola,로욜라,royolra
güiza,귀사,gwisa
curro,쿠로,kuro
matilde,마틸데,matilde
camus,카무스,kamuseu
barca,바르카,bareuka
vasco,바스코,baseuko
balboa,발보아,balboa
rouco,로우코,rouko
varela,발레라,balrera
pierreemerick,피에르에므리크,piereuemeurikeu
aubameyang,오바메양,obameyang
unamuno,우나무노,unamuno
xisco,시스코,siseuko
guaita,과이타,gwaita
bernat,베르나트,bereunateu
morientes,모리엔테스,morienteseu
parejo,파레호,pareho
canales,카날레스,kanalreseu
samaranch,사마란치,samaranci
emma,에마,ema
penella,페넬라,penelra
navas,나바스,nabaseu
markel,마르켈,mareukel
susaeta,수사에타,susaeta
mikel,미켈,mikel
arteta,아르테타,areuteta
santi,산티,santi
cazorla,카소를라,kasoreulra
fiz,피스,piseu
iago,이아고,iago
aspas,아스파스,aseupaseu
busquets,부스케츠,buseukeceu
morata,모라타,morata
amarilla,아마리야,amariya
cuenca,쿠엥카,kuengka
callejón,카예혼,kayehon
caicedo,카이세도,kaisedo
manolo,마누엘,manuel
preciado,프레시아도,peuresiado
cristian,크리스티안,keuriseutian
tello,테요,teyo
antoni,안토니,antoni
gaudí,가우디,gaudi
insúa,인수아,insua
quique,키케,kike
marchena,마르체나,mareucena
floro,플로로,peulroro
ferrero,페레로,perero
albéniz,알베니스,albeniseu
servet,세르베투스,sereubetuseu
alves,아우베스,aubeseu
saviola,사비올라,sabiolra
cienfuegos,시엔푸에고스,sienpuegoseu
aritz,아리츠,ariceu
aduriz,아두리스,aduriseu
almodóvar,알모도바르,almodobareu
jordi,조르디,joreudi
rojas,로자스,rojaseu
adelardo,아델라르도,adelrareudo
segura,세구라,segura
bueno,부에노,bueno
arantxa,아란차,aranca
vicario,비카리오,bikario
llorente,요렌테,yorente
cierva,휘에르바,hwiereuba
soler,솔레르,solrereu
deulofeu,데울로페우,deulropeu
milla,미야,miya
sarabia,사라비아,sarabia
balenziaga,발렌시아가,balrensiaga
amancio,아만시오,amansio
galdós,갈도스,galdoseu
gonzalo,곤살로,gonsalro
alarcón,알라르콘,alrareukon
jaume,자우메,jaume
colletserra,코예트세라,koyeteusera
crespo,크레스포,keureseupo
jesé,헤세,hese
urdangarin,우르단가린,ureudangarin
bartolomé,바르톨로메,bareutolrome
esteban,에스테반,eseuteban
murillo,무리요,muriyo
segovia,세고비아,segobia
raymond,레몽,remong
domenech,도메네크,domenekeu
aguilera,아길레라,agilrera
gaspar,가스파르,gaseupareu
casemiro,카제미루,kajemiru
domènec,도메네크,domenekeu
balmanya,발마냐,balmanya
cea,세아,sea
verdasco,베르다스코,bereudaseuko
bosé,보세,bose
gabri,가브리,gabeuri
jon,혼,hon
andoni,안도니,andoni
goikoetxea,고이코에체아,goikoecea
aleix,알레시,alresi
vidal,비달,bidal
quevedo,케베도,kebedo
moyá,모야,moya
pau,파우,pau
gasol,가솔,gasol
gregorio,그레고리오,geuregorio
manzano,만사노,mansano
abalo,아발로,abalro
vizcaíno,비스카이노,biseukaino
otero,오테로,otero
josep,주제프,jujepeu
escolà,에스콜라,eseukolra
falla,파야,paya
fernándezcavada,페르난데스카바다,pereunandeseukabada
grimaldo,그리말도,geurimaldo
benicio,베니시오,benisio
senna,세나,sena
rexach,렉사치,regsaci
xabi,샤비,syabi
farías,파리아스,pariaseu
gurpegi,구르페기,gureupegi
ferrán,페란,peran
corominas,코로미나스,korominaseu
postigo,포스티고,poseutigo
eva,에바,eba
elcano,엘카노,elkano
ismael,이스마엘,iseumael
urzaiz,우르사이스,ureusaiseu
baltasar,발타사르,baltasareu
gracián,그라시안,geurasian
ibai,이바이,ibai
guti,구티,guti
muñoz,무뇨스,munyoseu
valverde,발베르데,balbereude
amorós,아모로스,amoroseu
valdo,발도,baldo
huélamo,우엘라모,uelramo
caparrós,카파로스,kaparoseu
lopo,로포,ropo
tomás,토마스,tomaseu
heriberto,에리베르토,eribereuto
calatayud,칼라타유드,kalratayudeu
riesgo,리에스고,rieseugo
azaña,아사냐,asanya
riego,리에고,riego
bécquer,베케르,bekereu
molowny,몰로니,molroni
albert,알베르트,albereuteu
rocas,로카스,rokaseu
manu,마누엘,manuel
artigas,아르티가스,areutigaseu
tosar,토사르,tosareu
hierro,이에로,iero
farnesio,파르네세,pareunese
nando,난도,nando
mayorga,마요르가,mayoreuga
eduardo,에두아르도,eduareudo
noriega,노리에가,noriega
habas,아바스,abaseu
manolete,마놀레테,manolrete
eguiazábal,에기아사발,egiasabal
puerta,푸에르타,puereuta
las,라스,raseu
casas,카사스,kasaseu
hombrados,옴브라도스,ombeuradoseu
pahiño,파이뇨,painyo
entrerríos,엔트레리오스,enteurerioseu
gonzalvo,곤살보,gonsalbo
baena,바에나,baena
bayona,바요나,bayona
porta,포르타,poreuta
casals,카살스,kasalseu
buenaventura,부에나벤투라,buenabentura
durruti,두루티,duruti
chao,차오,cao
orellana,오레야나,oreyana
juanmi,후안미,huanmi
espronceda,에스프론세다,eseupeuronseda
zurbarán,수르바란,sureubaran
mercedes,메르세데스,mereusedeseu
sampietro,삼피에트로,sampieteuro
poli,이폴리토,ipolrito
rincón,링콘,ringkon
quincoces,킹코세스,kingkoseseu
iribar,이리바르,iribareu
galarreta,갈라레타,galrareta
torre,토레,tore
eusebio,에우세비오,eusebio
sacristán,사크리스탄,sakeuriseutan
negredo,네그레도,negeuredo
sainz,사인스,sainseu
lennie,레니에,renie
palop,팔로프,palropeu
oier,오이에르,oiereu
olazábal,올라사발,olrasabal
romà,로마,roma
forns,폰스,ponseu
bosque,보스케,boseuke
estanislao,에스타니슬라오,eseutaniseulrao
argote,아르고테,areugote
lasa,라사,rasa
muguerza,무게르사,mugereusa
herrerín,에레린,ererin
red,레드,redeu
leonor,레오노르,reonoreu
borbón,보르본,boreubon
tommy,토미,tomi
robredo,로브레도,robeuredo
ander,안데르,andereu
iturraspe,이투라스페,ituraseupe
bruno,브루노,beuruno
mora,모라,mora
azahara,아사아라,asaara
willy,윌리,wilri
toledo,톨레도,tolredo
mollà,모야,moya
corino,코리노,korino
zubizarreta,수비사레타,subisareta
barrufet,바루페트,barupeteu
munitis,무니티스,munitiseu
xavier,사비에르,sabiereu
montsalvatge,몬살바헤,monsalbahe
rufete,루페테,rupete
alfaro,알파로,alparo
ginés,히네스,hineseu
ion,이온,ion
gálvez,갈베스,galbeseu
artola,아르톨라,areutolra
míchel,미첼,micel
salgado,살가도,salgado
soldado,솔다도,soldado
andreu,안드레우,andeureu
fontàs,폰타스,pontaseu
aitor,아이토르,aitoreu
karanka,카랑카,karangka
buero,부에로,buero
vallejo,바예호,bayeho
blasco,블라스코,beulraseuko
ibáñez,이바녜스,ibanyeseu
sáez,사에스,saeseu
ramallets,라마예츠,ramayeceu
caro,카로,karo
solozábal,솔로사발,solrosabal
góngora,공고라,gonggora
pío,피오,pio
baroja,바로하,baroha
koldo,콜도,koldo
ozores,오소레스,osoreseu
velasco,벨라스코,belraseuko
damas,다마스,damaseu
imanol,이마놀,imanol
agirretxe,아기레체,agirece
jarque,하르케,hareuke
vilanova,빌라노바,bilranoba
roxas,로하스,rohaseu
ugarte,우가르테,ugareute
ikechukwu,이케추쿠,ikecuku
uche,우체,uce
victorio,빅토리오,bigtorio
machado,마차도,macado
vladímirovna,블라디미로브나,beulradimirobeuna
románova,여대공,yeodaegong
ignasi,이그나시,igeunasi
miquel,미켈,mikel
marisol,마리솔,marisol
ribeiro,리베이로,ribeiro
roger,로헤르,rohereu
junyent,후니엔트,hunienteu
polo,폴로,polro
paulino,파울리노,paulrino
escudero,에스쿠데로,eseukudero
westendorp,웨스텐도르프,weseutendoreupeu
pesudo,페수도,pesudo
marquina,마르퀴나,mareukwina
amaia,아마이아,amaia
montero,몬테이로,monteiro
pompeu,폼페우,pompeu
fabra,파브라,pabeura
bernardino,베르나디노,bereunadino
sahagún,사아군,saagun
sergi,세르지,sereuji
claramunt,클라라문트,keulraramunteu
salva,살바,salba
iriarte,이리아르테,iriareute
luisa,루이사,ruisa
saboya,왕녀,wangnyeo
fortuny,포르투니,poreutuni
laboa,라보아,raboa
goya,고야,goya
elsa,엘사,elsa
pataky,파타키,pataki
demetrio,데메트리오,demeteurio
massiel,마시엘,masiel
arnelas,아르넬라스,areunelraseu
ballesta,바예스타,bayeseuta
armas,아르마스,areumaseu
nebrija,네브리하,nebeuriha
geraldine,제럴딘,jereoldin
chaplin,채플린,caepeulrin
cristina,크리스티나,keuriseutina
cristóbal,크리스토발,keuriseutobal
balenciaga,발렌시아가,balrensiaga
madariaga,마다리아가,madariaga
amo,아모,amo
joel,호엘,hoel
badenes,바데네스,badeneseu
ziganda,시간다,siganda
fele,펠레,pelre
marculeta,마르쿨레타,mareukulreta
alicia,알리시아,alrisia
larrocha,라로차,raroca
coixet,코셰트,kosyeteu
oreiro,오레이로,oreiro
antonia,안토니아,antonia
olmo,올모,olmo
sadurní,사두르니,sadureuni
arsenio,아르세니오,areusenio
marrero,일라리오,ilrario
ochotorena,오초토레나,ocotorena
marta,마르타,mareuta
baldó,발도,baldo
yubero,유베로,yubero
sanmao,싼마오,ssanmao
sanz,산스,sanseu
ormaetxea,오르마에체아,oreumaecea
àstrid,아스트리드,aseuteurideu
bergèsfrisbey,베르제프리스베,bereujepeuriseube
severo,세베로,sebero
watling,와틀링,wateulring
verdú,베르두,bereudu
adelina,아델리나,adelrina
patti,파티,pati
nathalia,나탈리아,natalria
ramos,라모스,ramoseu
darío,다리오,dario
oubiña,오우비냐,oubinya
ventolrà,벤톨라,bentolra
figueras,피게라스,pigeraseu
piera,피에라,piera
puga,푸가,puga
eulogio,에울로히오,eulrohio
gárate,가라테,garate
ferran,페란,peran
olivella,올리베야,olribeya
pastora,파스토라,paseutora
carbonero,카르보네로,kareubonero
piru,아구스틴,aguseutin
gainza,가인사,gainsa
maura,마우라,maura
sabino,사비노,sabino
barinaga,바리나가,barinaga
delgado,델가도,delgado
gervasio,헤르바시오,hereubasio
deferr,데페르,depereu
lindo,린도,rindo
cisma,시스마,siseuma
tendillo,텐디요,tendiyo
landa,란다,randa
george,조지,joji
santayana,산타야나,santayana
trueba,트루에바,teurueba
echanove,에차노브,ecanobeu
belén,벨렌,belren
rueda,루에다,rueda
marisa,마리사,marisa
paredes,파레데스,paredeseu
chris,크리스,keuriseu
marquette,마켓,makes
ivana,이바나,ibana
baquero,바케로,bakero
maria,마리아,maria
fusté,푸스테,puseute
ocio,오시오,osio
segarra,세가라,segara
viñes,비네스,bineseu
iraragorri,이라라고리,iraragori
bru,브루,beuru
palomo,팔로모,palromo
lorenzo,로렌소,rorenso
serra,세라,sera
kortajarena,코르타하레나,koreutaharena
gorostiza,고로스티사,goroseutisa
iñigo,이니고,inigo
cerio,세리오,serio
ipiña,이피냐,ipinya
manel,마누엘,manuel
estiarte,에스티아르테,eseutiareute
iriondo,이리온도,iriondo
marianín,마리아닌,marianin
elvira,엘비라,elbira
cassadó,카사도,kasado
nogués,노게스,nogeseu
zambudio,삼부디오,sambudio
ibárruri,이바루리,ibaruri
fran,프란,peuran
yeste,예스테,yeseute
igor,이고르,igoreu
gabilondo,가빌론도,gabilrondo
koikili,코이킬리,koikilri
lertxundi,레르춘디,rereucundi
erice,에리세,erise
ovando,오반도,obando
elena,엘레나,elrena
anaya,아나야,anaya
cassou,카수,kasu
plaza,플라사,peulrasa
niurka,니우르카,niureuka
montalvo,몬탈보,montalbo
kiko,키코,kiko
casilla,카시야,kasiya
lola,롤라,rolra
fuster,푸스터,puseuteo
gorka,고르카,goreuka
elustondo,엘루스톤도,elruseutondo
ascanio,아스카니오,aseukanio
sforza,스포르차,seuporeuca
malena,말레나,malrena
alterio,알테리오,alterio
ciriaco,시리아코,siriako
errasti,에라스티,eraseuti
kike,키케,kike
sola,솔라,solra
olivares,올리바레스,olribareseu
pako,파코,pako
ayestarán,아예스테란,ayeseuteran
donoso,도노소,donoso
juanele,후아넬레,huanelre
florentino,플로렌티노,peulrorentino
assumpta,아숨프타,asumpeuta
serna,세르나,sereuna
preysler,프레이슬레르,peureiseulrereu
colomer,콜로메르,kolromereu
keylor,케일로르,keilroreu
etura,에투라,etura
serrano,세라노,serano
narciso,나르시소,nareusiso
yepes,예페스,yepeseu
satrústegui,사트루스테기,sateuruseutegi
ruth,루트,ruteu
denís,데니스,deniseu
chéryshev,체리셰프,cerisyepeu
suso,수소,suso
buyo,부요,buyo
amaro,아마로,amaro
pargo,파고,pago
osmar,오스마르,oseumareu
rosendo,로센도,rosendo
marichalar,마리차라르,maricarareu
iglesia,이글레시아,igeulresia
gaizka,가이스카,gaiseuka
toquero,토케로,tokero
aurtenetxe,아우르테네체,aureutenece
falque,팔케,palke
patxi,파치,paci
puñal,푸냘,punyal
veiga,베이가,beiga
abelardo,아벨라르도,abelrareudo
tabales,타발레스,tabalreseu
aranburu,아란부루,aranburu
aragonés,아라고네스,aragoneseu
etxebarria,에체바리아,ecebaria
roque,로케,roke
olsen,올센,olsen
arbeloa,아르벨로아,areubelroa
conchita,콘치타,koncita
supervía,스페르비아,seupereubia
garay,가라이,garai
urruticoechea,우루티코에체아,urutikoecea
rosario,로사리오,rosario
montoya,몬토야,montoya
arza,아르사,areusa
arocha,아로차,aroca
caballero,카바예로,kabayero
castaño,카스타뇨,kaseutanyo
ustaritz,우스타리츠,useutariceu
aldekoaotalora,알데코아오탈로라,aldekoaotalrora
alexanco,알렉상코,alregsangko
escolar,에스콜라르,eseukolrareu
mendoza,멘도사,mendosa
xabier,샤비에르,syabiereu
etxeita,에체이타,eceita
nsue,은수에,eunsue
lafita,라피타,rapita
azorín,아소린,asorin
chica,치카,cika
gavilán,가빌란,gabilran
tejero,테제로,tejero
celestino,셀레스티노,selreseutino
mutis,무티스,mutiseu
zubieta,수비에타,subieta
sor,소르,soreu
yon,욘,yon
edurne,에두르네,edureune
pasaban,파사반,pasaban
peiró,페이로,peiro
larroca,라로카,raroka
juncosa,훙코사,hungkosa
alexandre,알렉산드레,alregsandeure
juanma,후안마,huanma
lillo,리요,riyo
chikilicuatre,치킬리쿠아트레,cikilrikuateure
lotina,로티나,rotina
silke,실케,silke
rial,리알,rial
naranjo,나랑호,narangho
forlán,포를란,poreulran
salamanca,살라망카,salramangka
garitano,가리타노,garitano
perea,페레아,perea
juanín,후아닌,huanin
najwa,나와,nawa
nimri,님리,nimri
loles,롤레스,rolreseu
vavá,루시아노,rusiano
ii,산체스,sanceseu
ariadna,아리아드나,ariadeuna
iraizoz,이라이소스,iraisoseu
soledad,솔레다드,solredadeu
miranda,미란다,miranda
zoco,소코,soko
kiti,키티,kiti
mánver,만베르,manbereu
chus,추스,cuseu
lampreave,람프레아베,rampeureabe
pi,피,pi
margall,마르갈,mareugal
laforet,라포레,rapore
esther,에스테르,eseutereu
cañadas,카냐다스,kanyadaseu
pilar,필라르,pilrareu
brigitte,브리히테,beurihite
yagüe,야궤,yagwe
eloy,엘로이,elroi
olaya,올라야,olraya
angy,앙히,anghi
san,산,san
parages,파라헤스,paraheseu
miriam,미리암,miriam
torroja,토로하,toroha
pujalte,푸할테,puhalte
casares,카자레스,kajareseu
cañizares,카니사레스,kanisareseu
paloma,팔로마,palroma
miramontes,미라몬테스,miramonteseu
concha,콘차,konca
daisy,데이지,deiji
rosana,로사나,rosana
yolanthe,욜란테,yolrante
sneijdercabau,스네이더르카바우,seuneideoreukabau
dafne,다프네,dapeune
dolera,돌레라,dolrera
pere,페레,pere
solé,솔레,solre
sanchís,산치스,sanciseu
herrero,에레로,erero
igoa,이고아,igoa
resines,레시네스,resineseu
homar,호마르,homareu
carmelo,카르멜로,kareumelro
cedrún,세드룬,sedeurun
laia,라이아,raia
marull,마룰,marul
celso,셀소,selso
bugallo,부갈로,bugalro
infante,인판테,inpante
velencoso,벨렝코소,belrengkoso
coronado,코로나도,koronado
beñat,베냐트,benyateu
rafinha,하파에우,hapaeu
amr,암르,amreu
waked,와케드,wakedeu
zárraga,사라가,saraga
capillas,카필라,kapilra
borrachero,보라체로,boracero
bodo,보도,bodo
illgner,일그너,ilgeuneo
severiano,세베,sebe
ballesteros,바예스테로스,bayeseuteroseu
sardà,사르다,sareuda
basora,바소라,basora
leopoldo,레오폴도,reopoldo
calvosotelo,칼보소텔로,kalbosotelro
amenábar,아메나바르,amenabareu
calderé,칼데레,kaldere
nariño,나리뇨,narinyo
jeffrén,헤프렌,hepeuren
juande,후안데,huande
jennifer,헤니페르,henipereu
poncela,폰셀라,ponselra
echegui,에체기,ecegi
verbeke,베르베케,bereubeke
mompou,몸포우,mompou
torrent,토렌트,torenteu
carolina,카롤리나,karolrina
marín,마린,marin
gago,가고,gago
tapia,타피아,tapia
karra,카라,kara
elejalde,엘레할데,elrehalde
granero,그라네로,geuranero
giráldez,히랄데스,hiraldeseu
toño,안토니오,antonio
josu,호수,hosu
urrutia,우루티아,urutia
nerea,네레아,nerea
eladio,엘라디오,elradio
ontoria,온토리아,ontoria
llama,야마,yama
botto,보토,boto
clotet,클로테트,keulroteteu
rico,리코,riko
dueñas,두에냐스,duenyaseu
forqué,포르케,poreuke
óliver,올리베르,olribereu
valero,발레로,balrero
arly,알리,alri
jover,조버,jobeo
eve,이브,ibeu
gordon,고든,godeun
oona,우나,una
celades,셀라데스,selradeseu
guasch,과스크,gwaseukeu
nora,노라,nora
jenner,제너,jeneo
pondal,폰달,pondal
àngel,앙헬,anghel
voro,보로,boro
marsé,마르세,mareuse
severino,세베리노,seberino
reija,레이하,reiha
furiase,푸리아세,puriase
cadalso,카달소,kadalso
russell,러셀,reosel
leire,레이레,reire
bassols,바솔스,basolseu
berceo,베르세오,bereuseo
saura,사우라,saura
plisétskaya,플리세츠카야,peulriseceukaya
líster,리스테르,riseutereu
mendilibar,멘딜리바르,mendilribareu
abajo,아바호,abaho
mestre,메스트레,meseuteure
herzog,헤르소흐,hereusoheu
orlandi,오를란디,oreulrandi
pasieguito,파시에기토,pasiegito
casona,카소나,kasona
aitana,아이타나,aitana
sánchezgijón,산체스히혼,sanceseuhihon
fresnadillo,프레스나디요,peureseunadiyo
pardeza,파르데사,pareudesa
yarovenko,야로벤코,yarobenko
gordillo,고르디요,goreudiyo
gallego,가예고,gayego
chendo,첸도,cendo
haritz,하리츠,hariceu
garde,가르테,gareute
benegas,베네기스,benegiseu
saúl,사울,saul
ñíguez,니게스,nigeseu
sesúmaga,세수마가,sesumaga
fernán,페르난,pereunan
amparo,암파로,amparo
rivelles,리베예스,ribeyeseu
mariño,마리뇨,marinyo
vero,베로니카,beronika
boquete,보케테,bokete
manuela,마누엘라,manuelra
sastre,사스트레,saseuteure
fresnedoso,프레스네도소,peureseunedoso
darín,다린,darin
delfí,델피,delpi
geli,젤리,jelri
azpilicueta,아스필리쿠에타,aseupilrikueta
granados,그라나도스,geuranadoseu
albelda,알벨다,albelda
mendieta,멘디에타,mendieta
alós,알로스,alroseu
denis,데니스,deniseu
o'callaghan,오칼랴간,okalryagan
ladislao,쿠벌러,kubeolreo
kubala,라슬로,raseulro
unai,우나이,unai
emery,에메리,emeri
tirso,티르소,tireuso
lina,리나,rina
romay,로메이,romei
eduard,에두아르드,eduareudeu
lombán,롬반,romban
denia,데니아,denia
iván,이반,iban
helguera,엘게라,elgera
lasso,라소,raso
meade,미드,mideu
polvorosa,폴보로사,polborosa
grigori,그리고리,geurigori
sokolov,소콜로프,sokolropeu
rabanne,라반,raban
sert,세르트,sereuteu
marías,마리아스,mariaseu
yohana,요아나,yoana
isidro,이시드로,isideuro
lángara,랑가라,ranggara
botía,보티아,botia
nacho,나초,naco
streignard,스트레이그나드,seuteureigeunadeu
eto'o,에토,eto
valdano,발다노,baldano
ruy,루이,rui
beatriz,베아트리스,beateuriseu
luengo,루엥고,ruenggo
bisbal,비스발,biseubal
mabel,마벨,mabel
bigas,비가스,bigaseu
maxi,막시,magsi
urquiaga,우르키아가,ureukiaga
blas,블라스,beulraseu
nieves,니브즈,nibeujeu
baraja,바라하,baraha
torroba,토로바,toroba
alejo,알레조,alrejo
sauras,사우라스,sauraseu
marian,마리안,marian
ferenc,푸슈카시,pusyukasi
puskás,페렌츠,perenceu
mariscal,마리스칼,mariseukal
wagener,와헤네르,wahenereu
rivaldo,히바우두,hibaudu
santaló,산탈로,santalro
arrabal,아라발,arabal
antón,안톤,anton
lamazares,라마자레스,ramajareseu
castells,카스텔,kaseutel
adán,아단,adan
carreras,카레라스,kareraseu
joseba,호세바,hoseba
etxeberria,에체베리아,eceberia
robledo,로블레도,robeulredo
valeri,발레리,balreri
karpin,카르핀,kareupin
mulvoy,멀보이,meolboi
ten,텐,ten
túñez,투녜스,tunyeseu
gento,헨토,hento
losada,로사다,rosada
bartra,바르트라,bareuteura
valerón,발레론,balreron
bruguera,브루게라,beurugera
santamaría,산타마리아,santamaria
andréi,안드레이,andeurei
xepkin,셉킨,sebkin
garcilaso,가르실라소,gareusilraso
luque,루케,ruke
laporta,라포르타,raporeuta
olivier,올리비에,olribie
martinez,마르티네즈,mareutinejeu
thomas,토마스,tomaseu
christiansen,크리스티안센,keuriseutiansen
irureta,이루레타,irureta
moneo,모네오,moneo
philippe,필리피,pilripi
coutinho,코치뉴,kocinyu
coates,코아테스,koateseu
aranzubia,아란수비아,aransubia
alcácer,알카세르,alkasereu
unax,유나,yuna
ugalde,유가데,yugade
deusto,데우스토,deuseuto
abascal,아바스칼,abaseukal
pacheco,파체코,paceko
sandro,산드로,sandeuro
rosell,로셀,rosel
largo,라르고,rareugo
camarón,카마롱,kamarong
isla,이슬라,iseulra
miñambres,미냠브레스,minyambeureseu
marcelino,마르셀리노,mareuselrino
toral,토랄,toral
pastor,파스토르,paseutoreu
melitón,멜리톤,melriton
manzanas,만사나스,mansanaseu
kortabarria,코르타바리아,koreutabaria
zubillaga,수비야가,subiyaga
telmo,텔모,telmo
zarra,사라,sara
horno,오르노,oreuno
rudy,루디,rudi
serrat,세라,sera
negrín,네그린,negeurin
tamudo,타무도,tamudo
baños,바뇨스,banyoseu
borrell,보렐,borel
pochettino,포체티노,pocetino
carrero,카레로,karero
muniesa,무니에사,muniesa
arango,아랑고,aranggo
collar,코야르,koyareu
moncho,몬초,monco
larrañaga,라라냐가,raranyaga
raimundo,라이문도,raimundo
lezama,레사마,resama
tárrega,타레가,tarega
serge,세르주,sereuju
ibaka,이바카,ibaka
angulo,앙굴로,anggulro
leonardo,레오나르도,reonareudo
cilaurren,실라우렌,silrauren
eizaguirre,에이사기레,eisagire
niceto,니세토,niseto
alcalázamora,알칼라사모라,alkalrasamora
zúñiga,수니가,suniga
mérida,메리다,merida
viera,비에라,biera
genar,헤나르,henareu
andrinua,안드리누아,andeurinua
carballo,카르바요,kareubayo
galiardo,게리아도,geriado
asenjo,아셍호,asengho
amorebieta,아모레비에타,amorebieta
comamala,코마말라,komamalra
capel,카펠,kapel
feliciano,펠리시아노,pelrisiano
rivilla,리비야,ribiya
yū,시로타,sirota
shirota,유,yu
mary,메리,meri
riverola,리베롤라,riberolra
torralba,토랄바,toralba
zurutuza,수루투사,surutusa
mayo,마요,mayo
parra,파라,para
pichi,피치,pici
pierre,피에르,piereu
webó,웨보,webo
aguirresarobe,아기레사로베,agiresarobe
reñones,레뇨네스,renyoneseu
paqui,파키,paki
veza,베사,besa
gimeno,히메노,himeno
vives,비베스,bibeseu
urkiaga,우르키아가,ureukiaga
bienzobas,비엔소바스,biensobaseu
manjarín,망하린,mangharin
fede,페데,pede
saiz,사이스,saiseu
elduayen,엘두아옌,elduayen
corberó,코르베로,koreubero
bofill,보필,bopil
garbajosa,가르바호사,gareubahosa
lazcano,라스카노,raseukano
galán,갈란,galran
caycedo,카이세도,kaisedo
aroa,아로아,aroa
ufarte,우파르테,upareute
belsué,벨수에,belsue
campo,캄포,kampo
nenê,네네,nene
pernía,페르니아,pereunia
zabalo,사발로,sabalro
corredera,코레데라,koredera
vergés,베르헤스,bereuheseu
savall,사발,sabal
miera,미에라,miera
vadillo,바디요,badiyo
mirtha,미르타,mireuta
legrand,르그랑,reugeurang
abel,아벨,abel
resino,레시노,resino
córdoba,코르도바,koreudoba
hontiyuelo,온티유엘로,ontiyuelro
garzón,가르손,gareuson
iraola,이라올라,iraolra
turina,투리나,turina
quim,킴,kim
torra,투라,tura
mariola,마리올라,mariolra
pedroche,페드로체,pedeuroce
india,인디아,india
querejeta,퀘레헤타,kwereheta
grosso,그로소,geuroso
codina,코디나,kodina
cardeñosa,카르데뇨사,kareudenyosa
uría,우리아,uria
belbel,벨벨,belbel
dauder,도더,dodeo
léo,레오,reo
baptistão,밥티스탕,babtiseutang
garaizabal,가라이사발,garaisabal
mari,마리,mari
bakero,바케로,bakero
orbaiz,오르바이스,oreubaiseu
íngrid,잉그리드,inggeurideu
lapetra,라페트라,rapeteura
sáenz,사엔스,saenseu
urtubi,우르투비,ureutubi
kira,키라,kira
portugal,포르투갈,poreutugal
belauste,벨라우스테,belrauseute
bastón,바스톤,baseuton
zorrilla,소리야,soriya
esnaola,에스나올라,eseunaolra
naschy,나쉬,naswi
abraham,아브라함,abeuraham
mateo,마테오,mateo
marsal,마르살,mareusal
mel,멜,mel
campanal,캄파날,kampanal
isidoro,이시도로,isidoro
biosca,비오스카,bioseuka
antúnez,안투네스,antuneseu
valiño,발리뇨,balrinyo
glaría,글라리아,geulraria
lecue,레쿠에,rekue
campaña,캄파냐,kampanya
liaño,리아뇨,rianyo
tejera,테헤라,tehera
rabal,라발,rabal
cantalejo,칸탈레호,kantalreho
fidel,피델,pidel
uriarte,우리아르테,uriareute
santisteban,산티스테반,santiseuteban
almudena,알무데나,almudena
cugat,쿠가트,kugateu
gai,가이,gai
assulin,아술린,asulrin
luciano,루시아노,rusiano
vietto,비에토,bieto
fuente,푸엔테,puente
puchades,푸차데스,pucadeseu
penedo,페네도,penedo
lacalle,라카예,rakaye
aranzabal,아란사발,aransabal
cánovas,카노바스,kanobaseu
fermín,페르민,pereumin
cacho,카초,kaco
barjuan,바르후안,bareuhuan
monreal,몬레알,monreal
miki,미키,miki
roqué,로케,roke
samitier,사미티에르,samitiereu
setién,세티엔,setien
engonga,엥공가,enggongga
lesmes,레스메스,reseumeseu
belisario,벨리사리오,belrisario
betancur,베탕쿠르,betangkureu
lecuona,레쿠오나,rekuona
txetxu,체추,cecu
ablanedo,아블라네도,abeulranedo
duro,두로,duro
anatol,아나톨,anatol
berraondo,베라온도,beraondo
jaenada,하에나다,haenada
berges,베르헤스,bereuheseu
ferrandis,페르안디스,pereuandiseu
fortunio,포르투니오,poreutunio
bonanova,보나노바,bonanoba
parralo,파랄로,paralro
carulla,카루야,karuya
cerezo,세레소,sereso
feijóo,페이호,peiho
obiang,오비앙,obiang
enrich,엔리히,enrihi
mengotti,멩고티,menggoti
perla,펄라,peolra
cristal,크리스탈,keuriseutal
goyo,그레고리오,geuregorio
tintín,틴틴,tintin
richard,리차르드,ricareudeu
urko,우르코,ureuko
vera,베라,bera
arias,아리아스,ariaseu
aizkorreta,아이스코레타,aiseukoreta
sagarzazu,사가르사수,sagareusasu
achero,아체로,acero
mañas,마냐스,manyaseu
landáburu,란다부루,randaburu
urbano,우르바노,ureubano
macarena,마카레나,makarena
nausicaa,나우시카,nausika
bonnín,보닌,bonin
escribá,에스크리바,eseukeuriba
hernangómez,에르난고메스,ereunangomeseu
arteche,아르테체,areutece
arconada,아르코나다,areukonada
sígfrid,시그프리드,sigeupeurideu
crisanto,크리산트,keurisanteu
bosch,보스치,boseuci
bañón,바뇬,banyon
alberni,알베르니,albereuni
betancort,베탕코르트,betangkoreuteu
ekiza,에키사,ekisa
alexandra,알렉산드라,alregsandeura
vitoria,비토리아,bitoria
peio,페드로,pedeuro
uralde,우랄데,uralde
adánez,아다네스,adaneseu
oceja,오세하,oseha
santolaria,산톨라리아,santolraria
billabona,비야보나,biyabona
isacio,이사시오,isasio
calleja,카예하,kayeha
cervera,세르베라,sereubera
fanny,파니,pani
gautier,고티에,gotie
juli,훌리,hulri
vallana,바야나,bayana
juanjo,후안호,huanho
cañas,카냐스,kanyaseu
nancho,난코,nanko
novo,노보,nobo
lacunza,라쿤자,rakunja
freire,프레이레,peureire
esteve,에스테베,eseutebe
baró,바로,baro
caba,카바,kaba
goenaga,고에나가,goenaga
vigo,비고,bigo
hazas,아사스,asaseu
abellán,아벨란,abelran
anne,안,an
junquera,훙케라,hungkera
alegre,알레그레,alregeure
sílvia,실비아,silbia
munt,문트,munteu
cayetana,카예타나,kayetana
cuervo,쿠에르보,kuereubo
charo,차로,caro
chábeli,차벨리,cabelri
bilbao,빌바오,bilbao
norma,노르마,noreuma
lydia,리디아,ridia
arrate,아라테,arate
martiño,마르티뇨,mareutinyo
rivas,리바스,ribaseu
pagaza,파가사우르툰두아,pagasaureutundua
gómezacedo,고메스아세도,gomeseuasedo
silverio,실베리오,silberio
izaguirre,이사기레,isagire
montxo,몽소,mongso
vergel,베르헬,bereuhel
brondo,브론도,beurondo
yolanda,욜란다,yolranda
constantino,콘스탄티노,konseutantino
merino,메리노,merino
bordalás,보르달라스,boreudalraseu
vico,비코,biko
manquillo,망키요,mangkiyo
botet,보테트,boteteu
irulegui,이룰레기,irulregi
sabido,사비도,sabido
quirante,키란테,kirante
larraza,라라사,rarasa
mateu,마테우,mateu
lahoz,라오스,raoseu
clara,클라라,keulrara
ponte,폰테,ponte
igartua,이가르투아,igareutua
urrezola,우레솔라,uresolra
vellés,베예스,beyeseu
amorrortu,아모로르투,amororeutu
urquizu,우르키수,ureukisu
yuri,유리,yuri
berchiche,베르치체,bereucice
ortuño,오르투뇨,oreutunyo
aura,아우라,aura
garrido,가리도,garido
endika,엔디카,endika
guarrotxena,과로체나,gwarocena
serena,세레나,serena
arabolaza,아라볼라사,arabolrasa
nieve,니에베,niebe
eneko,에네코,eneko
bóveda,보베다,bobeda
masip,마시프,masipeu
juana,후아나,huana
acosta,아코스타,akoseuta
kepa,케파,kepa
arrizabalaga,아리사발라가,arisabalraga
gamborena,감보레나,gamborena
casamajor,카사마조,kasamajo
sotero,소테로,sotero
aranguren,아랑구렌,arangguren
gabino,가비노,gabino
gajate,가하테,gahate
elorriaga,엘로리아가,elroriaga
amat,아마트,amateu
escalante,에스칼란테,eseukalrante
aida,아이다,aida
folch,폴크,polkeu
pitarch,피타르치,pitareuci
olegar,올리거,olrigeo
fedoro,페도로,pedoro
mejías,메히아스,mehiaseu
bang,방,bang
christina,크리스티나,keuriseutina
machimbarrena,마침바레나,macimbarena
lago,라고,rago
alexia,알렉시아,alregsia
putellas,푸테야스,puteyaseu
trujillo,트루히요,teuruhiyo
toni,토니,toni
sampedro,삼페드로,sampedeuro
puigdemont,푸지데몬,pujidemon
amanda,아만다,amanda
zarraonandia,사라오난디아,saraonandia
comas,코마스,komaseu
aja,아하,aha
tous,토우스,touseu
selvas,셀바스,selbaseu
sabater,사바테르,sabatereu
negro,네그로,negeuro
bizcocho,비스코초,biseukoco
bonet,보네트,boneteu
messa,메사,mesa
jones,존스,jonseu
gavira,가비라,gabira
grau,그라우,geurau
aymeric,에므리크,emeurikeu
laporte,라포르트,raporeuteu
reiguera,레이게라,reigera
masó,마소,maso
moisés,모이세스,moiseseu
giovanelli,조바넬리,jobanelri
agirrezabala,아기레사발라,agiresabalra
cantarero,칸타레로,kantarero
olaizola,올라이솔라,olraisolra
moi,모이,moi
bea,베아,bea
juanpi,후안피,huanpi
castillejo,카스티예호,kaseutiyeho
bertol,베르톨,bereutol
ferreira,페레이라,pereira
febles,페블레스,pebeulreseu
carlota,카를로타,kareulrota
olcina,올시나,olsina
quesada,케사다,kesada
taymi,타이미,taimi
chappé,차페,cape
ribas,리바스,ribaseu
gallastegui,갈라스테기,galraseutegi
vilela,빌렐라,bilrelra
poveda,포베다,pobeda
torrebejano,토레베하노,torebehano
wilma,윌마,wilma
venancio,베낭시오,benangsio
los,로스,roseu
atienza,아티엔사,atiensa
cremonte,크레몬테,keuremonte
rafaela,라파엘라,rapaelra
trino,트리노,teurino
arizcorreta,아리스코레타,ariseukoreta
ros,로스,roseu
valle,밸,bael
fernandez,페르난데스,pereunandeseu
paula,파울라,paulra
echevarría,에체바리아,ecebaria
campra,캄프라,kampeura
risueño,리수에뇨,risuenyo
rujas,루하스,ruhaseu
llorach,요라치,yoraci
celia,셀리아,selria
freijeiro,프레이헤이로,peureiheiro
gascón,가스콘,gaseukon
aguiar,아기아르,agiareu
carola,카롤라,karolra
baleztena,발레스테나,balreseutena
lapausa,라파우사,rapausa
carmina,카르미나,kareumina
cuesta,쿠에스타,kueseuta
villaverde,비야베르데,biyabereude
sierra,시에라,siera
arredondo,아레돈도,aredondo
hiba,히바,hiba
abouk,아부크,abukeu
mínguez,밍게스,minggeseu
cornellà,쿠르넬랴,kureunelrya
rando,란도,rando
inma,인마,inma
marceli,마르첼리,mareucelri
espinosa,에스피노사,eseupinosa
mar,마르,mareu
yurrita,유리타,yurita
mir,미르,mireu
monchín,몬친,moncin
triana,트리아나,teuriana
nadia,나디아,nadia
milans,밀란스,milranseu
mazza,마사,masa
eizmendi,에이스멘디,eiseumendi
nathalie,나탈리에,natalrie
poza,포사,posa
mariam,마리암,mariam
belmonte,벨몬테,belmonte
prendes,프렌데스,peurendeseu
patrick,패트릭,paeteurig
criado,크리아도,keuriado
casado,카사도,kasado
susi,수시,susi
alcaide,알카이데,alkaide
crespín,크레스핀,keureseupin
pedrola,페드룰라,pedeurulra
olaso,올라소,olraso
pasarín,파사린,pasarin
carcelén,카르셀렌,kareuselren
hermoso,에르모소,ereumoso
trigueros,트리게로스,teurigeroseu
vicky,비키,biki
bartual,바르투알,bareutual
godino,고디노,godino
sosa,소사,sosa
patiño,파티뇨,patinyo
yanko,얀코,yanko
daucik,다우치크,daucikeu
armet,아르메트,areumeteu
torrejón,토레혼,torehon
monjardín,몬하르딘,monhareudin
vellido,벨리도,belrido
aina,아이나,aina
cárcer,카르세르,kareusereu
amadeo,아마데오,amadeo
labarta,라바르타,rabareuta
pedrero,페드레로,pedeurero
mascarell,마스카렐,maseukarel
juantegui,후안테기,huantegi
cayo,카요,kayo
kubrat,쿠브라트,kubeurateu
bulgaria,사호니아코부르고고타이고메즈아세보,sahoniakobureugogotaigomejeuasebo
giovanni,히오바니,hiobani
simeone,시메오네,simeone
céspedes,세스페데스,seseupedeseu
genaro,헤나로,henaro
celayeta,셀라예타,selrayeta
mina,미나,mina
alguacil,알과실,algwasil
goyenechea,고예네체아,goyenecea
guillem,길롐,gilryem
march,마르크,mareukeu
cotiello,코티에요,kotieyo
encinas,엔시나스,ensinaseu
belló,베요,beyo
miryam,미리암,miriam
idígoras,이디고라스,idigoraseu
paños,파뇨스,panyoseu
visedo,비세도,bisedo
ferrando,페란도,perando
larralde,라랄데,raralde
cubells,쿠벨스,kubelseu
ríos,리오스,rioseu
nuria,누리아,nuria
alfonseda,알폰세다,alponseda
moya,모야,moya
llum,윰,yum
bartomeu,바르토메우,bareutomeu
marí,마리,mari
pepa,페파,pepa
rus,루스,ruseu
grande,그란데,geurande
agüera,아궤라,agwera
machín,마친,macin
terele,테렐레,terelre
pávez,파베스,pabeseu
xenia,세니아,senia
tostado,토스타도,toseutado
xan,샌,saen
das,다스,daseu
bolas,볼라스,bolraseu
sanjurjo,상후르호,sanghureuho
legarreta,레가레타,regareta
zaldúa,살두아,saldua
tristán,트리스탄,teuriseutan
jagoba,하고바,hagoba
arrasate,아라사테,arasate
akapo,아카포,akapo
turrión,투리온,turion
espíldora,에스필라도라,eseupilradora
bellerín,베예린,beyerin
keita,케이타,keita
balde,발데,balde
medrán,메드란,medeuran
aragonès,아라구네스,araguneseu
szpakowski,슈파코프스키,syupakopeuseuki
asensio,아센시오,asensio
heliodoro,엘리오도로,elriodoro
pedrosa,페드로사,pedeurosa
bermejo,베르메호,bereumeho
sálamo,살라모,salramo
ayoze,아요세,ayose
güerri,구에리,gueri
zaldua,살두아,saldua
gayà,가야,gaya
adama,아다마,adama
traoré,트라오레,teuraore
diarra,디아라,diara
santacruz,산타크루스,santakeuruseu
ginestà,기네스타,gineseuta
capa,카파,kapa
lloria,요리아,yoria
villena,비예나,biyena
sobrino,소브리노,sobeurino
clément,클레망,keulremang
lenglet,랑글레,ranggeulre
ceballos,세바요스,sebayoseu
sanjosé,산호세,sanhose
adelfa,아델파,adelpa
calvo,칼보,kalbo
berenguer,베렝게르,berenggereu
ager,아헤르,ahereu
aketxe,아케체,akece
yáñez,야녜스,yanyeseu
eraso,에라소,eraso
íñigo,이니고,inigo
errejón,에레혼,erehon
kanté,캉테,kangte
doménech,도메네크,domenekeu
yatra,야트라,yateura
mariona,마리오나,mariona
tena,테나,tena
bustinza,부스틴사,buseutinsa
gumbau,굼바우,gumbau
mayoral,마요랄,mayoral
luca,루카,ruka
zidane,지단,jidan
williams,윌리암스,wilriamseu
jack,잭,jaeg
harper,하퍼,hapeo
samu,사무,samu
jordán,호르단,horeudan
mira,미라,mira
lekue,레쿠에,rekue
raya,라야,raya
yeray,예라이,yerai
vesga,베스가,beseuga
villalibre,비얄리브레,biyalribeure
meré,메레,mere
remiro,레미로,remiro
berta,베르타,bereuta
merquelanz,메르켈란스,mereukelranseu
odriozola,오드리오솔라,odeuriosolra
sangalli,상가이,sanggai
fornals,포르날스,poreunalseu
prast,프라스트,peuraseuteu
sabin,사빈,sabin
angeliño,앙헬리뇨,anghelrinyo
traisac,트라이사크,teuraisakeu
pape,파페,pape
cheikh,셰이크,syeikeu
diop,디오프,diopeu
barei,바레이,barei
guruzeta,구루세타,guruseta
chirivella,치리베야,ciribeya
rodri,로드리,rodeuri
aleñá,알레냐,alrenya
oyarzabal,오야르사발,oyareusabal
gavasa,가바사,gabasa
cucurella,쿠쿠레야,kukureya
jokin,호킨,hokin
ezkieta,에스키에타,eseukieta
maffeo,마페오,mapeo
bad,배드,baedeu
gyal,걸,geol
zubeldia,수벨디아,subeldia
penas,페나스,penaseu
fátima,파티마,patima
diame,디아메,diame
reguilón,레길론,regilron
millie,밀리,milri
bobby,보비,bobi
brown,브라운,beuraun
rahm,람,ram
keen,킨,kin
abaitua,아바이투아,abaitua
mathías,마티아스,matiaseu
olivera,올리베라,olribera
youssef,유세프,yusepeu
ennesyri,엔네시리,ennesiri
pol,폴,pol
lirola,리롤라,rirolra
garrigós,가리고스,garigoseu
roca,로카,roka
teodoro,테오도로,teodoro
egea,에헤아,ehea
mamen,마멘,mamen
pozo,포소,poso
achraf,아슈라프,asyurapeu
hakimi,하키미,hakimi
rosalía,로살리아,rosalria
oriol,오리올,oriol
paulo,파울로,paulro
castaños,카스타뇨스,kaseutanyoseu
brahim,브라힘,beurahim
robin,로뱅,robaeng
le,르,reu
normand,노르망,noreumang
mena,메나,mena
vinícius,비니시우스,binisiuseu
júnior,주니오르,junioreu
guridi,구리디,guridi
éder,에데르,edereu
militão,밀리탕,milritang
rodrygo,호드리구,hodeurigu
goes,고이스,goiseu
gorosabel,고로사벨,gorosabel
brais,브라이스,beuraiseu
guillamón,기야몬,giyamon
aia,아이아,aia
kruse,크루세,keuruse
ainhoa,아이노아,ainoa
eloísa,엘로이사,elroisa
porro,포로,poro
escacena,에스카세나,eseukasena
guevara,게바라,gebara
yara,야라,yara
puebla,푸에블라,puebeulra
alfred,알프레드,alpeuredeu
nuñez,누녜스,nunyeseu
junior,주니오르,junioreu
firpo,피르포,pireupo
bas,바스,baseu
riqui,리키,riki
puig,푸치,puci
acebo,아세보,asebo
manzanares,만사나레스,mansanareseu
susy,수시,susi
gala,갈라,galra
arnaiz,아르나이스,areunaiseu
índigo,인디고,indigo
robert,로베르트,robereuteu
albiñana,알비냐나,albinyana
eric,에릭,erig
guimarães,기마랑이스,gimarangiseu
ester,에스테르,eseutereu
expósito,엑스포시토,egseuposito
aihen,아이엔,aien
juani,후아니,huani
bryan,브리안,beurian
nathy,나티,nati
peluso,펠루소,pelruso
yuste,유스테,yuseute
zubimendi,수비멘디,subimendi
vivian,비비안,bibian
greta,그레타,geureta
cardona,카르도나,kareudona
ilaix,일라시,ilrasi
moriba,모리바,moriba
oihan,오이안,oian
sancet,산세트,sanseteu
begoña,베고냐,begonya
pedri,페드리,pedeuri
georgina,헤오르히나,heoreuhina
corral,코랄,koral
usero,우세로,usero
valles,바예스,bayeseu
ansu,안수,ansu
fati,파티,pati
delcán,델칸,delkan
arnau,아르나우,areunau
tenas,테나스,tenaseu
chanel,차넬,canel
terrero,테레로,terero
vencedor,벤세도르,bensedoreu
branyas,브라냐스,beuranyaseu
morera,모레라,morera
morcillo,모르시요,moreusiyo
marvin,마빈,mabin
park,박,bag
nico,니코,niko
mingueza,밍게사,minggesa
yéremi,예레미,yeremi
pino,피노,pino
armisén,알머슨,almeoseun
ez,압데,abde
abde,에잘줄리,ejaljulri
gavi,가비,gabi
moleiro,모레이로,moreiro
fresneda,프레스네다,peureseuneda
taz,태즈,taejeu
skylar,스카일러,seukailreo
dean,딘,din
huijsen,하위선,hawiseon
garnacho,가르나초,gareunaco
estibaliz,에스티발리스,eseutibalriseu
urresola,우레솔라,uresolra
solaguren,솔라구렌,solraguren
lamine,라민,ramin
yamal,야말,yamal
stefan,스테판,seutepan
bajčetić,바이체티치,baicetici
palacio,팔라시오,palrasio
deportes,데스포르테스,deseuporeuteseu
televisa,텔레비사,telrebisa
cuernavaca,쿠에르나바카,kuereunabaka
estadio,에스타디오,eseutadio
azteca,아스테카,aseuteka
méxico,멕시코,megsiko
saltillo,살티요,saltiyo
aeromar,아에로마르,aeromareu
hermosillo,에르모시요,ereumosiyo
morelia,모렐리아,morelria
mexicali,메히칼리,mehikalri
aguascalientes,아과스칼리엔테스,agwaseukalrienteseu
tepic,테픽,tepig
villahermosa,비야에르모사,biyaereumosa
culiacán,쿨리아칸,kulriakan
revolución,멕시코,megsiko
mexicana,혁명,hyeogmyeong
xalapaenríquez,할라파,halrapa
chihuahua,치와와,ciwawa
zacatecas,사카테카스,sakatekaseu
guanajuato,과나후아토,gwanahuato
béisbol,베이스볼,beiseubol
monterrey,몬테레이,monterei
colima,콜리마,kolrima
zapopan,사포판,sapopan
tampico,탐피코,tampiko
calakmul,칼라크물,kalrakeumul
carretera,팬아메리칸,paenamerikan
panamericana,하이웨이,haiwei
peso,멕시코,megsiko
mexicano,페소,peso
chinantequilla,산호세치난테키야,sanhosecinantekiya
mayos,마요스,mayoseu
navojoa,나베호아,nabehoa
aeroméxico,아에로멕시코,aeromegsiko
álamos,알라모스,alramoseu
connect,커넥트,keonegteu
torreón,토레온,toreon
cancún,캉쿤,kangkun
guadalajara,과달라하라,gwadalrahara
fonovisa,포노비사,ponobisa
records,레코드,rekodeu
chetumal,체투말,cetumal
club,클루브,keulrubeu
américa,아메리카,amerika
diablos,디아블로스,diabeulroseu
rojos,로호스,rohoseu
hospicio,오스피치오,oseupicio
cabañas,카바냐스,kabanyaseu
chicha,치차,cica
grupo,그루포,geurupo
modelo,모델로,modelro
mesoamérica,메소아메리카,mesoamerika
veracruz,베라크루스,berakeuruseu
pulque,풀케,pulke
happy,행복의,haengbogyi
science,과학,gwahag
legionarios,그리스도의,geuriseudoyi
cristo,수도회,sudohoe
estrellas,에스트레야스,eseuteureyaseu
pericos,페리코스,perikoseu
coatzacoalcos,코아트사코알코스,koateusakoalkoseu
teotihuacán,테오티우아칸,teotiuakan
móvil,모빌,mobil
algodoneros,알고도네로스,algodoneroseu
guasave,과사베,gwasabe
cemex,세멕스,semegseu
tijuana,티후아나,tihuana
interjet,인터제트,inteojeteu
comic,코믹,komig
relief,릴리프,rilripeu
kahlúa,칼루아,kalrua
uno,우노,uno
mayapán,마야판,mayapan
tollanxicocotitlan,툴라,tulra
tequila,테킬라,tekilra
universidad,우니베르시다드,unibereusidadeu
nacional,나시오날,nasional
consejo,콘세호,konseho
mundial,문디알,mundial
lucha,루차,ruca
libre,리브레,ribeure
decena,비극의,bigeugyi
trágica,열흘,yeolheul
mazatlán,마사틀란,masateulran
adidas,아디다스,adidaseu
telstar,텔스타,telseuta
xochimilco,소치밀코,socimilko
dorados,도라도,dorado
sinaloa,시날로아,sinalroa
ensenada,엔세나다,ensenada
cinco,싱코,singko
margarita,마르가리타,mareugarita
guerreros,게레로스,gereroseu
coyoacán,코요아칸,koyoakan
necaxa,네칵사,nekagsa
mezcal,메즈칼,mejeukal
univision,유니비전,yunibijeon
foro,포로,poro
cine,멕시코,megsiko
jarritos,하리토스,haritoseu
manzanillo,만사니요,mansaniyo
reynosa,레이노사,reinosa
ishopmixup,아이숍믹스업,aisyobmigseueob
tollan,톨란,tolran
méxicotlatelolco,틀라텔롤코,teulratelrolko
viva,비바,biba
aerobus,아에로버스,aerobeoseu
click,멕시카나,megsikana
irapuato,이라푸아토,irapuato
olímpico,올림피코,olrimpiko
universitario,우니베르시타리오,unibereusitario
antojito,안토히토,antohito
templo,템플로,tempeulro
bimbo,빔보,bimbo
lala,랄라,ralra
michelada,미첼라다,micelrada
horchata,오르차타,oreucata
paseo,파세오,paseo
reforma,레포르마,reporeuma
atlético,아틀레티코,ateulretiko
telcel,텔셀,telsel
gimnasio,힘나시오,himnasio
saraperos,사라페로스,saraperoseu
petroleros,페트롤레로스,peteurolreroseu
minatitlán,미나티틀란,minatiteulran
piratas,피라타스,pirataseu
campeche,캄페체,kampece
oaxaca,오아하카,oahaka
unión,우니온,union
laguna,라구나,raguna
olmecas,올메카스,olmekaseu
tabasco,타바스코,tabaseuko
leones,레오네스,reoneseu
yucatán,유카탄,yukatan
broncos,브론코스,beuronkoseu
acereros,아세레로스,asereroseu
monclova,몬클로바,monkeulroba
naranjeros,나란헤로스,naranheroseu
águilas,아길라스,agilraseu
venados,베나도스,benadoseu
tomateros,토마테로스,tomateroseu
comité,멕시코,megsiko
enchilada,엔칠라다,encilrada
tzintzuntzan,친춘찬,cincuncan
charro,차로,caro
tlacotalpan,틀라코탈판,teulrakotalpan
ejecutiva,본사,bonsa
pemex,빌딩,bilding
calvillo,칼비요,kalbiyo
sultanes,술탄네스,sultanneseu
izamal,이사말,isamal
loreto,로레토,roreto
tecate,테카테,tekate
metepec,메테펙,metepeg
valladolid,바야돌리드,bayadolrideu
pátzcuaro,파트스쿠아로,pateuseukuaro
tepoztlán,테포스틀란,teposeuteulran
tepotzotlán,테포트소틀란,tepoteusoteulran
neozapatismo,신사파타주의,sinsapatajuyi
tlacochcalcatl,틀라코치칼카틀,teulrakocikalkateul
batopilas,바토필라스,batopilraseu
relaciones,기니비사우스페인,ginibisauseupein
méxicorusia,관계,gwangye
alemaniaméxico,관계,gwangye
argentina,아르헨티나,areuhentina
vs,대,dae
inglaterra,잉글랜드,inggeulraendeu
imagen,이마헨,imahen
travel,트래블,teuraebeul
aerotrén,아에로트렌,aeroteuren
pujol,푸홀,puhol
arte,멕시코의,megsikoyi
tracfone,트랙폰,teuraegpon
wireless,와이어리스,waieoriseu
zapatismo,사파타주의,sapatajuyi
morena,국가재생운동,guggajaesaengundong
televisión,텔레비시온,telrebision
huracán,허리케인,heorikein
a,아,a
más,마스,maseu
femenil,페메닐,pemenil
capitanes,카피타네스,kapitaneseu
ciudad,시우다드,siudadeu
grace,그레이스,geureiseu
nerja,네르하,nereuha
calella,칼렐랴,kalrelrya
barcelona,바르셀로나,bareuselrona
gerona,지로나,jirona
pirineos,피레네산맥,pirenesanmaeg
pontevedra,폰테베드라,pontebedeura
mataró,마타로,mataro
palencia,팔렌시아,palrensia
ronda,론다,ronda
montilla,몬티야,montiya
athletic,아틀레틱,ateulretig
alicante,알리칸테,alrikante
huesca,우에스카,ueseuka
dosríus,도스리우스,doseuriuseu
palamós,팔라모스,palramoseu
palafrugell,팔라프루제이,palrapeurujei
euro,유로,yuro
málaga,말라가,malraga
badajoz,바다호스,badahoseu
murcia,무르시아,mureusia
mallorca,마요르카섬,mayoreukaseom
cáceres,카세레스,kasereseu
viladecans,빌라데칸스,bilradekanseu
international,국제,gugje
airlines,항공,hanggong
group,그룹,geurub
getafe,헤타페,hetape
granada,그라나다,geuranada
santander,은행,eunhaeng
jaén,하엔,haen
cádiz,카디스,kadiseu
cataluña,카탈루냐,katalrunya
pamplona,팜플로나,pampeulrona
sabadell,사바델,sabadel
monzón,몬손,monson
ponferrada,폰페라다,ponperada
tortosa,토르토자,toreutoja
gijón,히혼,hihon
villarreal,비야레알,biyareal
lanzarote,란사로테섬,ransaroteseom
huelva,우엘바,uelba
llivia,리비아,ribia
rota,로타,rota
real,레알,real
móstoles,모스톨레스,moseutolreseu
hispania,히스파니아,hiseupania
baleares,제도,jedo
seat,세아트,seateu
alcorcón,알코르콘,alkoreukon
jerez,셰리,syeri
ayerbe,아예르베,ayereube
almería,알메리아,almeria
plazas,플라사스,peulrasaseu
soberanía,소베라니아,soberania
elche,엘체,elce
vic,비크,bikeu
ceuta,세우타,seuta
razón,라손,rason
melilla,멜리야,melriya
almuñécar,알무녜카르,almunyekareu
tarrasa,테라사,terasa
manresa,만레사,manresa
sport,스포르트,seuporeuteu
sardinero,사르디네로,sareudinero
fuerteventura,푸에르테벤투라섬,puereutebenturaseom
lugo,루고,rugo
irún,이룬,irun
casa,카사,kasa
batlló,바트요,bateuyo
romareda,로마레다,romareda
astorga,아스토르가,aseutoreuga
mestalla,메스타야,meseutaya
logroño,로그로뇨,rogeuronyo
teruel,테루엘,teruel
oviedo,오비에도,obiedo
gambas,감바스,gambaseu
al,알,al
ajillo,아히요,ahiyo
ibiza,이비사,ibisa
algete,알헤테,alhete
naturgy,네이처지,neiceoji
milà,밀라,milra
alegranza,알레그란사섬,alregeuransaseom
tarragona,타라고나,taragona
batasuna,바타수나,batasuna
baraona,바라오나,baraona
copa,코파,kopa
morisco,모리스코,moriseuko
aliud,알리우드,alriudeu
albacete,알바세테,albasete
marbella,마르베야,mareubeya
clásico,클라시코,keulrasiko
ferrol,페롤,perol
lérida,례이다,ryeida
riazor,리아소르,riasoreu
motril,모트릴,moteuril
cetrería,매사냥,maesanyang
medinaceli,메디나셀리,medinaselri
algeciras,알헤시라스,alhesiraseu
paterna,파테르나,patereuna
parque,구엘,guel
güell,공원,gongweon
cultural,쿨투랄,kultural
deportiva,데포르티바,deporeutiba
leonesa,레오네사,reonesa
puertollano,푸에르토야노,puereutoyano
brava,해안,haean
reus,레우스,reuseu
aranjuez,아랑후에스,aranghueseu
cortes,스페인,seupein
generales,의회,yihoe
alcobendas,알코벤다스,alkobendaseu
candelaria,칸델라리아,kandelraria
granollers,그라눌례스,geuranulryeseu
baracaldo,바라칼도,barakaldo
benidorm,베니도름,benidoreum
baeza,바에사,baesa
olivenza,올리벤사,olribensa
montmeló,문멜로,munmelro
alburquerque,알부르케르케,albureukereuke
torremolinos,토레몰리노스,toremolrinoseu
mijas,미하스,mihaseu
estepona,에스테포나,eseutepona
andorra,안도라,andora
romesco,로메스코,romeseuko
entrena,엔트레나,enteurena
benalmádena,베날마데나,benalmadena
guecho,게초,geco
mondragón,아라사테,arasate
fuenterrabía,온다리비아,ondaribia
tarifa,타리파,taripa
torrevieja,토레비에하,torebieha
besós,베소스,besoseu
badalona,바달로나,badalrona
deportivo,데포르티보,deporeutibo
alavés,알라베스,alrabeseu
vicálvaro,비칼바로,bikalbaro
bandera,카나리아,kanaria
canarias,기,gi
oñate,오냐티,onyati
éibar,에이바르,eibareu
fartón,파르톤,pareuton
tolosa,톨로사,tolrosa
legión,스페인,seupein
española,외인부대,oeinbudae
lepe,레페,repe
sitges,시제스,sijeseu
ikurriña,이쿠리냐,ikurinya
lucena,루세나,rusena
trienio,스페인,seupein
liberal,반란,banran
panoramio,파노라미오,panoramio
plasencia,플라센시아,peulrasensia
vilaseca,빌라세카,bilraseka
batalla,메디나,medina
rioseco,전투,jeontu
castelldefels,카스텔데펠스,kaseuteldepelseu
álora,알로라,alrora
gavá,가바,gaba
gandía,간디아,gandia
vanguardia,반구아르디아,banguareudia
metrovalencia,메트로발렌시아,meteurobalrensia
nombre,스페인의,seupeinyi
español,작명,jagmyeong
vuelta,부엘타,buelta
españa,에스파냐,eseupanya
benicasim,베니카심,benikasim
arancón,아랑콘,arangkon
teide,테이데봉,teidebong
ágreda,아그레다,ageureda
companys,쿰파니스,kumpaniseu
écija,에시하,esiha
balompié,발롬피에,balrompie
tenerife,테네리페섬,teneripeseom
telemadrid,텔레마드리드,telremadeurideu
montehermoso,몬테헤르모소,montehereumoso
bardenas,바르데나스,bareudenaseu
reales,레알레스,realreseu
cepsa,세프사,sepeusa
euskadi,바스크,baseukeu
ta,조국과,joguggwa
askatasuna,자유,jayu
linares,리나레스,rinareseu
arnedo,아르네도,areunedo
olympic,올림픽,olrimpig
broadcasting,방송,bangsong
services,서비스,seobiseu
sagunto,사군토,sagunto
alhambra,알람브라,alrambeura
generalife,헤네랄리페,heneralripe
vueling,부엘링,buelring
tordesillas,토르데시야스,toreudesiyaseu
elda,엘다,elda
adra,아드라,adeura
mahón,마온,maon
jaca,하카,haka
arrecife,아레시페,aresipe
país,파이스,paiseu
baloncesto,발론세스토,balronseseuto
fuenlabrada,푸엔라브라다,puenrabeurada
telecinco,텔레싱코,telresingko
mancomunidad,만코무니다드,mankomunidadeu
menorca,메노르카섬,menoreukaseom
formentera,포르멘테라섬,poreumenteraseom
garachico,가라치코,garaciko
aeropuerto,주제프,jujepeu
tarradellas,바르셀로나,bareuselrona
barcelonael,엘프라트,elpeurateu
prat,공항,gonghang
telde,텔데,telde
alcázar,알카사르,alkasareu
gran,그랑,geurang
telescopio,텔레스코피오,telreseukopio
cabrales,카브랄레스,kabeuralreseu
comunidad,코무니다드,komunidadeu
william,허셜,heosyeol
herschel,망원경,mangweongyeong
chamartín,차마르틴,camareutin
grado,그라도,geurado
tibidabo,티비다보,tibidabo
itálica,이탈리카,italrika
úbeda,우베다,ubeda
loja,로하,roha
air,에어,eeo
europa,유로파,yuropa
acciona,악시오나,agsiona
glòries,글로리에스,geulrorieseu
leganés,레가네스,reganeseu
adeje,아데헤,adehe
llanito,야니토,yanito
imperio,스페인,seupein
álava,아라바도,arabado
o'donnell,오도넬,odonel
premio,미겔,migel
cartuja,카르투하,kareutuha
salou,살로우,salrou
numancia,누만티아,numantia
corte,코르테,koreute
inglés,잉글레스,inggeulreseu
almaluez,알말루에스,almalrueseu
panda,판다,panda
security,시큐리티,sikyuriti
villarrobledo,비야로블레도,biyarobeulredo
mirinda,미린다,mirinda
basauri,바사우리,basauri
vizcaya,비스카이아도,biseukaiado
espejo,에스페호,eseupeho
guipúzcoa,기푸스코아도,gipuseukoado
antequera,안테케라,antekera
alcañiz,알카니스,alkaniseu
armada,스페인,seupein
carlismo,카를로스파,kareulroseupa
occitania,옥시타니아,ogsitania
macaronesia,마카로네시아,makaronesia
orense,오우렌세,ourense
botafumeiro,보타푸메이로,botapumeiro
carreteras,유럽,yureob
europeas,고속도로,gosogdoro
nuevo,누에보,nuebo
cármenes,카르메네스,kareumeneseu
derechos,디지털,dijiteol
digitales,권리,gweonri
arcángel,아르캉헬,areukanghel
alándalus,알안달루스,alandalruseu
rentería,에렌테리아,erenteria
haro,아로,aro
nostrum,노스트룸,noseuteurum
villamarín,비야마린,biyamarin
pax,팍스,pagseu
hispanica,히스파니카,hiseupanika
sahara,스페인령,seupeinryeong
marcha,스페인의,seupeinyi
albaicín,알바이신,albaisin
mango,망고,manggo
renacimiento,스페인,seupein
bailén,바일렌,bailren
ajalvir,아할비르,ahalbireu
rosaleda,로살레다,rosalreda
altea,알테아,altea
derbi,마드리드,madeurideu
madrileño,더비,deobi
topas,토파스,topaseu
caminito,카미니토,kaminito
himno,카나리아,kanaria
moros,모로스,moroseu
cristianos,크리스티아노스,keuriseutianoseu
ambite,암비테,ambite
rosalejo,로살레호,rosalreho
túnel,지브롤터,jibeurolteo
gibraltar,횡단,hoengdan
massimo,마시모,masimo
dutti,두티,duti
transición,스페인의,seupeinyi
fundación,호안,hoan
silla,바르셀로나,bareuselrona
zarauz,사라우츠,sarauceu
latina,라티나,ratina
biescas,비에스카스,bieseukaseu
invencible,드레이크노리스,deureikeunoriseu
inglesa,원정,weonjeong
zara,자라,jara
ciudadela,시우타데야데메노르카,siutadeyademenoreuka
sadar,사다르,sadareu
monarquía,스페인,seupein
estelada,에스텔라다,eseutelrada
mobile,모바일,mobail
world,월드,weoldeu
congress,콩그레스,konggeureseu
fraga,프라가,peuraga
cerámica,세라미카,seramika
telefónica,텔레포니카,telreponika
camp,캄,kam
nou,노우,nou
pabellón,바르셀로나,bareuselrona
torrente,토렌트,torenteu
cartagena,카르타헤나,kareutahena
bankia,방키아,bangkia
barajas,바라하스,barahaseu
chipiona,치피오나,cipiona
corporación,몬드라곤,mondeuragon
mondragon,협동조합,hyeobdongjohab
bernabéu,베르나베우,bereunabeu
beach,비치,bici
soccer,사커,sakeo
worldwide,월드와이드,weoldeuwaideu
coslada,코슬라다,koseulrada
instituto,세르반테스,sereubanteseu
circuito,바르셀로나,bareuselrona
barcelonacataluña,서킷,seokis
parla,파를라,pareulra
algodonales,알고도날레스,algodonalreseu
algar,알가르,algareu
loewe,로에베,roebe
pozoblanco,포소블랑코,posobeulrangko
tercio,테르시오,tereusio
bershka,버쉬카,beoswika
tomatina,토마티나,tomatina
caltojar,칼토하르,kaltohareu
repsol,렙솔,rebsol
museo,티센보르네미사,tisenboreunemisa
thyssenbornemisza,미술관,misulgwan
castilla,카스티야,kaseutiya
anoeta,아노에타,anoeta
oliva,올리바,olriba
corts,코르츠,koreuceu
trofeo,트로페오,teuropeo
vinaroz,비나로스,binaroseu
marca,마르카,mareuka
guggenheim,구겐하임,gugenhaim
liga,리가,riga
asobal,아소발,asobal
cambrils,캄브릴스,kambeurilseu
almarza,알마르사,almareusa
mamá,마망,mamang
laredo,라레도,raredo
aldealices,알데알리세스,aldealriseseu
aldealafuente,알데알라푸엔테,aldealrapuente
alentisque,알렌티스케,alrentiseuke
alconaba,알코나바,alkonaba
adradas,아드라다스,adeuradaseu
abejar,아베하르,abehareu
almajano,알마하노,almahano
aldealpozo,알데알포소,aldealposo
aldealseñor,알데알세뇨르,aldealsenyoreu
ventas,벤타스,bentaseu
arenillas,아레니야스,areniyaseu
almazul,알마술,almasul
covaleda,코발레다,kobalreda
casarejos,카사레호스,kasarehoseu
cerbón,세르본,sereubon
mundo,문도,mundo
beratón,베라톤,beraton
cercanías,세르카니아스,sereukaniaseu
joma,호마,homa
nepas,네파스,nepaseu
borobia,보로비아,borobia
miss,미스,miseu
coliseum,콜리세움,kolriseum
blacos,블라코스,beulrakoseu
talgo,탈고,talgo
sarriá,사리아,saria
cobi,코비,kobi
balaídos,발라이도스,balraidoseu
tango,탱고,taenggo
boquería,보케리아,bokeria
cálida,해안,haean
municipal,무니시팔,munisipal
anduva,안두바,anduba
guardia,과르디아,gwareudia
civil,시빌,sibil
arqueológico,고고학,gogohag
plan,플랜,peulraen
culleredo,쿠제레도,kujeredo
fabada,파바다,pabada
montjuic,몬주이크,monjuikeu
orbea,오베아,obea
kelme,켈미,kelmi
carabanchel,카라반첼,karabancel
villajoyosa,비야호요사,biyahoyosa
cola,콜라,kolra
cao,카오,kao
observatorio,파브라,pabeura
mendizorroza,멘디소로차,mendisoroca
butarque,부타르케,butareuke
tartiere,타르티에레,tareutiere
judeoconverso,콘베르소,konbereuso
metropolitano,메트로폴리타노,meteuropolritano
duarte,두아르테,duareute
estrella,에스트렐라,eseuteurelra
coronación,코로나시온,koronasion
juegos,후에고스,huegoseu
mediterráneos,메디테라네오스,mediteraneoseu
cornisa,에스파냐,eseupanya
cantábrica,베르데,bereude
teneguía,테네기아,tenegia
iberismo,이베리스모,iberiseumo
mazamorra,마사모라,masamora
alcalá,알칼라,alkalra
vía,도미티아,domitia
domitia,가도,gado
hegoalde,에고알데,egoalde
camper,캠퍼,kaempeo
ciudadanos,시민시민권당,siminsimingweondang
cheles,첼레스,celreseu
zumárraga,수마라가,sumaraga
guerras,카를로스파,kareulroseupa
carlistas,전쟁,jeonjaeng
pasajes,파사이아,pasaia
caixabank,카이샤은행,kaisyaeunhaeng
alhucemas,제도,jedo
cinturón,알프스히말라야,alpeuseuhimalraya
alpino,조산대,josandae
arena,아레나,arena
rambla,거리,geori
guetaria,게타리아,getaria
santiagorosalía,데,de
castellana,카스테야나,kaseuteyana
iberdrola,이베르드롤라,ibereudeurolra
buñol,부뇰,bunyol
wamos,와모스,wamoseu
rodelero,로델레로,rodelrero
rois,로이스,roiseu
valga,발가,balga
alpedrete,알페드레테,alpedeurete
pegaso,페가소,pegaso
siemens,지멘스,jimenseu
gamesa,가메사,gamesa
echévarri,에체바리,ecebari
usera,우세라,usera
don,발론,balron
balón,상,sang
compostela,그룹,geurub
rioja,리오하,rioha
aya,아이아,aia
tetuán,테투안,tetuan
anchuelo,안추엘로,ancuelro
arroyomolinos,아로요몰리노스,aroyomolrinoseu
leiro,레이로,reiro
nacionalismo,카탈루냐,katalrunya
catalán,내셔널리즘,naesyeoneolrijeum
montiel,몬티엘,montiel
vistalegre,비스탈레그레,biseutalregeure
softonic,소프트오닉,sopeuteuonig
jalón,할론,halron
nogales,노갈레스,nogalreseu
chamberí,참베리,camberi
centro,센트로,senteuro
hortaleza,오르탈레사,oreutalresa
iberia,이베리아,iberia
express,익스프레스,igseupeureseu
pestiño,페스티뇨,peseutinyo
alginet,알히네트,alhineteu
barcelonés,더비,deobi
botín,보틴,botin
volotea,볼로테아,bolrotea
mirandilla,미란디야,mirandiya
estradiote,스트라디오트,seuteuradioteu
arganzuela,아르간수엘라,areugansuelra
retiro,레티로,retiro
puente,누에보,nuebo
viejo,다리,dari
domain,도메인,domein
hack,핵,haeg
moncloaaravaca,몽클로아아라바카,mongkeulroaarabaka
irizar,이리사르,irisareu
tata,타타,tata
hispano,이스파노,iseupano
federación,페데라시온,pederasion
primavera,프리마베라,peurimabera
sound,사운드,saundeu
prado,프라도,peurado
moratalaz,모라탈라스,moratalraseu
renfe,렌페,renpe
mercurysteam,머큐리스팀,meokyuriseutim
nacionalcatolicismo,국민가톨릭,gugmingatolrig
montilivi,몬틸리비,montilribi
radio,라디오,radio
exterior,엑스테리오르,egseuterioreu
calçot,칼소트,kalsoteu
botillo,보텔루,botelru
ñora,뇨라고추,nyoragocu
atocha,아토차,atoca
meridiano,본초,bonco
cero,자오선,jaoseon
telediario,텔레디아리오,telrediario
pichela,탱커드,taengkeodeu
ipurúa,이푸루아,ipurua
stradivarius,스트라디바리우스,seuteuradibariuseu
zarangollo,사랑고요,saranggoyo
avril,아브릴,abeuril
casino,카지노,kajino
internacional,인터내셔널,inteonaesyeoneol
trashumancia,이목,imog
nervión,네르비온,nereubion
cumbre,이베리아,iberia
ibérica,정상회담,jeongsanghoedam
almagra,문화,munhwa
guiri,기리,giri
campeones,캄페오네스,kampeoneseu
hipódromo,이포드로모,ipodeuromo
igalia,이갈리아,igalria
betis,베티스,betiseu
banco,산탄데르,santandereu
pringá,프링가,peuringga
primera,프리메라,peurimera
femenina,페메니나,pemenina
españauruguay,관계,gwangye
caracoles,카라콜레스,karakolreseu
academia,왕립,wangrib
astore,아스토레,aseutore
museum,호르헤,horeuhe
podemos,포데모스,podemoseu
rosellón,루시용,rusiyong
intempo,인템포,intempo
mormedi,모르메디,moreumedi
airbus,에어버스,eeobeoseu
defence,디펜스,dipenseu
and,앤드,aendeu
space,스페이스,seupeiseu
españaguineabisáu,관계,gwangye
unidas,연합,yeonhab
torrero,토레로,torero
level,레벨,rebel
cruyff,크라위프,keurawipeu
operación,아누비스,anubiseu
anubis,작전,jagjeon
extinction,멸종에의,myeoljongeyi
rebellion,반란,banran
segunda,세군다,segunda
tercera,테르세라,tereusera
team,팀,tim
heretics,헤레틱스,heretigseu
koi,코이,koi
dominika,도미니카,dominika
zarazúa,사라수아,sarasua
capetillo,카페티요,kapetiyo
tania,타니아,tania
sage,세이지,seiji
tirado,티아도,tiado
samadhi,사마디,samadi
zendejas,센데하스,sendehaseu
navidad,나비다드,nabidadeu
colombia,콜롬보,kolrombo
erubey,에루베이,erubei
cabuto,카부토,kabuto
rio,리오,rio
boullosa,부로사,burosa
leonora,리어노라,rieonora
carrington,캐링턴,kaeringteon
mariana,마리아나,mariana
levy,레비,rebi
hayden,아이덴,aiden
wright,리그트,rigeuteu
yadhira,야드히라,yadeuhira
amado,아마도,amado
nervo,네르보,nereubo
anda,안다,anda
ilan,일란,ilran
stavans,스타반스,seutabanseu
ramiro,라미로,ramiro
lhasa,라싸,rassa
sela,셀라,selra
lobos,로보스,roboseu
loera,로에라,roera
graciela,그레이시엘라,geureisielra
ledo,레도,redo
adela,애들,aedeul
jaydy,하이디,haidi
alamán,알라만,alraman
brontis,브론티스,beurontiseu
jodorowsky,조도로브스키,jodorobeuseuki
weber,웨버,webeo
mollie,몰리,molri
steimer,스타이머,seutaimeo
robinson,로빈손,robinson
tejeda,테헤다,teheda
bolado,볼라도,bolrado
eraclio,에라클리오,erakeulrio
monsiváis,몬시바스,monsibaseu
adrian,아드리안,adeurian
hong,홍,hong
becerra,베체라,becera
christopher,크리스토페르,keuriseutopereu
von,본,bon
uckermann,우케르만,ukereuman
khotan,코탄,kotan
agustin,아구스틴,aguseutin
édgar,에드가,edeuga
zurita,취리타,cwirita
aristegui,아리스테기,ariseutegi
nájera,나헤라,nahera
angelina,앙헬리나,anghelrina
beloff,벨로프,belropeu
durazo,두라소,duraso
adame,아다메,adame
gilberto,힐베르토,hilbereuto
owen,오웬,owen
fábregas,파브레가스,pabeuregaseu
rené,레네,rene
rebetez,레베테스,rebeteseu
erick,에리크,erikeu
pradere,프라데레,peuradere
érik,에리크,erikeu
dante,단테,dante
rannauro,라나우로,ranauro
chespirito,체스피리토,ceseupirito
bodet,보데트,bodeteu
nettel,네텔,netel
huijara,후자라,hujara
lama,라마,rama
abed,아베드,abedeu
superbarrio,수페르바리오,supereubario
lisset,리셋,rises
moctezuma,목테수마,mogtesuma
ada,멕시코,megsiko
carrera,카레라,karera
charreton,차레톤,careton
torrea,토레아,torea
margolles,마르고예스,mareugoyeseu
lisette,리세테,risete
morelos,모렐로스,morelroseu
moraga,모라가,moraga
almada,알마다,almada
villela,빌라,bilra
otto,오토,oto
sirgo,시르고,sireugo
i,이베리오,iberio
mayagoitia,마야고이티아,mayagoitia
altair,알타이르,altaireu
victor,빅토르,bigtoreu
rabanales,라바날레스,rabanalreseu
tablada,타블라다,tabeulrada
gattorno,개토르노,gaetoreuno
eimbcke,에임케,eimke
refino,루피노,rupino
tamal,타마요,tamayo
lubezkii,루베스키,rubeseuki
palazuelos,팔라수엘로스,palrasuelroseu
rob,롭,rob
moran,모란,moran
cedillo,세디요,sediyo
gavaldón,가발돈,gabaldon
bender,벤더,bendeo
bending,벤딩,bending
karen,카렌,karen
sentíes,센티에스,sentieseu
josefina,조세피나,josepina
echánove,에카노브,ekanobeu
siller,시예르,siyereu
columba,콜럼바,kolreomba
homero,오메로,omero
aridjis,아리지스,arijiseu
iliana,일리아나,ilriana
damián,다미안,damian
kobeh,코베,kobe
gónzalez,곤살레스,gonsalreseu
celaya,셀라야,selraya
sasha,사샤,sasya
montenegro,몬테네그로,montenegeuro
sharis,샤리스,syariseu
cid,시드,sideu
sylvia,실비아,silbia
pasquel,파스켈,paseukel
cosío,코시오,kosio
yhency,옌시,yensi
brazobán,브라소반,beurasoban
reséndez,센데스,sendeseu
cerón,셀롱,selrong
vale,발레,balre
enrigue,엔리게,enrige
kalimba,칼림바,kalrimba
marichal,마리찰,marical
tarso,타르소,tareuso
olmedo,올메도,olmedo
abundis,아분디스,abundiseu
cardoso,카르도소,kareudoso
donald,도널드,doneoldeu
reed,리드,rideu
diez,디에즈,diejeu
barroso,바로소,baroso
mijares,미하레스,mihareseu
arath,아라스,araseu
plá,플라,peulra
vibe,바이브,baibeu
espectrito,에스펙트리토,eseupegteurito
jáquez,하케스,hakeseu
aníbal,아니발,anibal
zurdo,수르도,sureudo
montez,몬테스,monteseu
ocaranza,오카란사,okaransa
lauro,라우로,rauro
pamela,파멜라,pamelra
tajonar,타호나르,tahonareu
sobero,소베로,sobero
porras,포라스,poraseu
embil,엠빌,embil
benjamín,벤야민,benyamin
cann,칸,kan
germán,헤르만,hereuman
durán,두란,duran
lilia,릴리아,rilria
chavez,차베스,cabeseu
casal,카잘,kajal
ildefonso,일데폰소,ildeponso
guajardo,과하르도,gwahareudo
roel,로엘,roel
guízar,기사르,gisareu
sheinbaum,쉰바움,swinbaum
charlyn,샤를린,syareulrin
prats,프라츠,peuraceu
idolo,알마스,almaseu
horacio,오라시오,orasio
piña,피냐,pinya
capistrán,카피스트란,kapiseuteuran
cisneros,시스네로스,siseuneroseu
speitzer,스파이체르,seupaicereu
yunes,유네스,yuneseu
marroquín,마로킨,marokin
bekhor,벡허,begheo
castillejos,카스티예호스,kaseutiyehoseu
samantha,사만타,samanta
bricio,브리시오,beurisio
kenti,켄티,kenti
lazareno,라사레노,rasareno
kristoff,크리스토프,keuriseutopeu
raczynski,라신스키,rasinseuki
quico,키코,kiko
parkita,파르키타,pareukita
malgesto,말헤스토,malheseuto
alanpeter,피터,piteo
reyesvarela,레예스바렐라,reyeseubarelra
valadez,발라데스,balradeseu
destenave,데스테나베,deseutenabe
lyn,린,rin
may,메이,mei
jonás,호나스,honaseu
valeria,발레리아,balreria
luiselli,루이셀리,ruiselri
rubí,루비,rubi
sandoval,산도발,sandobal
cazaubon,카사우본,kasaubon
couturier,쿠투리에,kuturie
sebastian,세바스티안,sebaseutian
roman,로만,roman
mancera,만세라,mansera
dagoberto,다고베토,dagobeto
gama,가마,gama
fayad,파야드,payadeu
valtierra,발티에라,baltiera
acevedo,에이스베도,eiseubedo
viridiana,비리디아나,biridiana
alatriste,알라트리스테,alrateuriseute
urzúa,우르수아,ureusua
macías,마시아스,masiaseu
pellicer,펠리서,pelriseo
renée,레네,rene
prudencio,프루덴시오,peurudensio
cruzalta,크루살타,keurusalta
cessa,세사,sesa
tolentino,톨렌티노,tolrentino
reyli,레일리,reilri
hofmann,오프만,opeuman
videgaray,비데가라이,bidegarai
caso,카소,kaso
balbi,발비,balbi
noé,노에,noe
ophelia,오필리아,opilria
chapa,차파,capa
gonzalez,곤살레스,gonsalreseu
sarahí,사라이,sarai
castán,캐스탄,kaeseutan
gaby,가비,gabi
bayardo,슐로세,syulrose
garciarulfo,가르시아룰포,gareusiarulpo
luciana,루시아나,rusiana
silveyra,실비아,silbia
yuya,유야,yuya
marcela,마르셀라,mareuselra
guirado,귀라도,gwirado
rubiales,루비알레스,rubialreseu
azarcoya,아자르코야,ajareukoya
schneider,슈나이더,syunaideo
riestra,리에스트라,rieseuteura
long,롱,rong
cassandra,카산드라,kasandeura
ciangherotti,치아첼로티,ciacelroti
yuriy,유리,yuri
khovanskiy,호반스키,hobanseuki
flavino,플라비노,peulrabino
arizmendi,아리스멘디,ariseumendi
alex,알렉스,alregseu
olivas,올리바스,olribaseu
viramontes,비라몬테스,biramonteseu
palafox,팔라폭스,palrapogseu
deneva,데네바,deneba
cagigas,카히가스,kahigaseu
pablos,파블로스,pabeulroseu
gastón,가스톤,gaseuton
pavlovich,파블로비치,pabeulrobici
katty,카티,kati
egelhaaf,에겔하프,egelhapeu
rodlo,로드로,rodeuro
tuco,투코,tuko
raul,라울,raul
inglis,잉글리스,inggeulriseu
vilchis,빌키스,bilkiseu
constandse,콘스탄드세,konseutandeuse
busto,부스토,buseuto
lizbeth,리즈베스,rijeubeseu
ovalle,오바예,obaye
analiz,아날리스,analriseu
sanchez,산체스,sanceseu
santoyo,산토요,santoyo
lanz,란스,ranseu
veronica,베로니카,beronika
falcón,팔콘,palkon
randy,란디,randi
arozarena,아로사레나,arosarena
ferral,페랄,peral
gigi,지기,jigi
saul,사울,saul
leyva,레이바,reiba
ortizgris,오르티즈그리스,oreutijeugeuriseu
jaidy,하이디,haidi
ferrat,페라트,perateu
jaziz,쟈지즈,jyajijeu
krafft,크라프트,keurapeuteu
hernandez,에르난데스,ereunandeseu
desirée,데시레,desire
almeida,알메이다,almeida
ezban,에즈반,ejeuban
peniley,페닐레이,penilrei
lex,렉스,regseu
sombra,솜브라,sombeura
kuri,쿠리,kuri
jonsson,존슨,jonseun
nicolasa,니콜라사,nikolrasa
monasterio,모나스테리오,monaseuterio
hoze,호에,hoe
meléndez,멜렌데스,melrendeseu
garcia,가르시아,gareusia
rebeil,리베일,ribeil
castañeda,카스타네다,kaseutaneda
miriana,미리아나,miriana
moro,모로,moro
esquerra,에스퀘라,eseukwera
rocha,로차,roca
minter,민터,minteo
volkóva,볼코바,bolkoba
hurtado,우르타도,ureutado
majo,마호,maho
hiromi,히로미,hiromi
kamata,카마타,kamata
giuseppe,주세페,jusepe
gamba,감바,gamba
brand,브랜드,beuraendeu
neoburgo,아나,ana
enric,비베스,bibeseu
naroa,나로아,naroa
agirre,아기레,agire
balder,볼더,boldeo
mauleón,마울레온,maulreon
austria,아우스트리아,auseuteuria
almendros,알멘드로스,almendeuroseu
valls,발스,balseu
marti,마르티,mareuti
indira,인디라,indira
valois,발로이스,balroiseu
àlex,알렉스,alregseu
corretja,코레자,koreja
junqueras,중케라스,jungkeraseu
barea,바레아,barea
sinergio,세르히오,sereuhio
danny,다니엘,daniel
areta,아레타,areta
caruana,카루아나,karuana
pozuelo,포수엘로,posuelro
shalo,곤잘로,gonjalro
ledesma,레데스마,redeseuma
isanta,이산타,isanta
dana,다나,dana
llompart,욤파르트,yompareuteu
cabré,카브레,kabeure
lombard,롬바르드,rombareudeu
míriam,미리암,miriam
aroca,아로카,aroka
pradera,프라데라,peuradera
capdevila,캅데빌라,kabdebilra
escobar,에스코바르,eseukobareu
perón,페론,peron
espargaró,에스파가로,eseupagaro
griñán,그리냔,geurinyan
kraus,크라우스,keurauseu
battenberg,바텐베르그,batenbereugeu
ocaña,오카냐,okanya
wellington,웰링통,welringtong
doreste,도레스테,doreseute
illescas,이예스카스,iyeseukaseu
llull,유,yu
gurpegui,구르페기,gureupegi
alexéi,알렉세이,alregsei
shírov,시로브,sirobeu
riera,리에라,riera
arenas,아레나스,arenaseu
verdés,베르데스,bereudeseu
armengol,아르만골,areumangol
gelabert,겔라베르트,gelrabereuteu
rullán,루얀,ruyan
edmundo,에드문도,edeumundo
sabina,사비나,sabina
ambroa,암브로아,ambeuroa
fabiola,파비올라,pabiolra
mireia,미레이아,mireia
larrazábal,라라사발,rarasabal
tonino,토니노,tonino
carotone,카로토네,karotone
berganza,베르간사,bereugansa
parreño,파레뇨,parenyo
bebe,베베,bebe
sabaté,사바테,sabate
llopart,요파르트,yopareuteu
clavé,클라베,keulrabe
quijano,키하노,kihano
pallardó,파야르도,payareudo
menéndez,메넨데스,menendeseu
lópezalegría,로페스알레그리아,ropeseualregeuria
oreja,오레하,oreha
chenoa,체노아,cenoa
llàcer,야세르,yasereu
galduf,갈두프,galdupeu
álvar,알바르,albareu
cabeza,카베자,kabeja
vaca,바카,baka
orfila,오르필라,oreupilra
almagro,알마그로,almageuro
abrines,아브리네스,abeurineseu
quirós,키로스,kiroseu
chaves,차베스,cabeseu
ordóñez,오르도녜스,oreudonyeseu
arrese,아레제,areje
vicenç,비센테,bisente
almaraz,알마라스,almaraseu
laiglesia,라글레시아,rageulresia
gaínza,가인사,gainsa
torró,토로,toro
mariví,마리비,maribi
bilbai,빌바오,bilbao
vila,빌라,bilra
gazquez,가스케스,gaseukeseu
trinidad,트리니다드,teurinidadeu
andina,안디나,andina
mercé,메르세,mereuse
buika,부이카,buika
nina,니나,nina
zhivanevskaya,지바넵스카야,jibanebseukaya
claver,클라베르,keulrabereu
lucia,루차,ruca
bosè,보세,bose
river,리버,ribeo
viiperi,비페리,biperi
lilí,릴리,rilri
barba,바르바,bareuba
tete,테테,tete
montoliu,몬톨리우,montolriu
benavent,베나벤트,benabenteu
orenga,오렝가,orengga
montse,몬세,monse
ribé,리베,ribe
saltor,살토르,saltoreu
yvonne,이본,ibon
blake,블레이크,beulreikeu
bigarny,비가르니,bigareuni
sito,시토,sito
pons,폰스,ponseu
oliver,올리베르,olribereu
wilfredo,윌리,wilri
alborán,알보란,alboran
augusto,아우구스토,auguseuto
lamo,라모,ramo
alexanko,알렉상코,alregsangko
sesto,세스토,seseuto
porcar,포르카르,poreukareu
ramon,라몬,ramon
fitzjames,피츠하메스,piceuhameseu
stuart,스투아르트,seutuareuteu
gioconda,조콘다,jokonda
belli,벨리,belri
jezierski,예지에르스키,yejiereuseuki
duque,두케,duke
marsó,마르소,mareuso
colón,콜롬버스,kolrombeoseu
sanchis,산치스,sanciseu
rato,라토,rato
montañés,몬타녜스,montanyeseu
arcas,아르카스,areukaseu
fuenllana,푸에냐나,puenyana
fajer,파헤르,pahereu
riba,리바,riba
axel,악셀,agsel
montoro,몬토로,montoro
fergó,페르고,pereugo
castroviejo,카스트로비에호,kaseuteurobieho
solbes,솔베스,solbeseu
pinilla,피니야,piniya
damià,다미아,damia
abella,아베야,abeya
estíbaliz,에스티발리스,eseutibalriseu
rebollo,레보요,reboyo
makakinho,바라간,baragan
habichuela,아비추엘라,abicuelra
diges,디헤스,diheseu
cerrajería,세라헤리아,seraheria
belda,벨다,belda
troitiño,트로이티뇨,teuroitinyo
nikola,니콜라,nikolra
mirotić,미로티치,mirotici
ariel,아리엘,ariel
ibagaza,아바가사,abagasa
dark,다크,dakeu
vidalquadras,비달쿠아드라스,bidalkuadeuraseu
grigory,그리고리,geurigori
vinyals,비냘스,binyalseu
modest,무데스트,mudeseuteu
urgell,우르제이,ureujei
esperanza,에스페란사,eseuperansa
baptistinho,밥티스탕,babtiseutang
predrag,프레드라그,peuredeurageu
savović,사보비치,sabobici
olano,올라노,olrano
giner,히네르,hinereu
liceranzu,리세란수,riseransu
mujika,무히카,muhika
garmendia,가르멘디아,gareumendia
mancebo,망세보,mangsebo
arribas,아리바스,aribaseu
siloé,실로에,silroe
pruden,프루덴,peuruden
fortea,포르테아,poreutea
rubalcaba,루발카바,rubalkaba
ricardomaría,리카르도,rikareudo
gordó,고르도,goreudo
cañete,카녜테,kanyete
langa,랑가,rangga
ellacuría,에야쿠리아,eyakuria
joachim,요아킴,yoakim
llambi,람비,rambi
bonillo,보니요,boniyo
nedžad,네자드,nejadeu
sinanović,시나노비치,sinanobici
brugada,브루가다,beurugada
sagi,사히,sahi
aberasturi,에버스타리,ebeoseutari
higuero,이게로,igero
aitzol,앙헬레스,anghelreseu
ituarte,산토스,santoseu
elexpe,토로에야,toroeya
bibiana,비비아나,bibiana
moraíto,모라이토,moraito
chico,치코,ciko
rubial,루비알,rubial
erwin,어윈,eowin
schrott,슈로트,syuroteu
yuu,유,yu
echeberría,에체베리아,eceberia
agustí,아구스티,aguseuti
villaronga,빌라론가,bilraronga
vladimir,블라디미르,beulradimireu
gusinsky,구신스키,gusinseuki
comín,코민,komin
garci,가르치,gareuci
esnal,에스날,eseunal
asins,아신스,asinseu
palou,팔로우,palrou
zarzo,사르소,sareuso
inaxio,이나시오,inasio
sáiz,사이스,saiseu
corín,코린,korin
tellado,테야도,teyado
arzak,아르작,areujag
ventura,벤츄라,bencyura
orbón,오르본,oreubon
txabi,차비,cabi
etxebarrieta,에체바리에타,ecebarieta
moratín,모라틴,moratin
cabezas,카베자스,kabejaseu
sonia,소니아,sonia
lafuente,라푸엔테,rapuente
piñeyro,피녜이로,pinyeiro
sabartés,사바르테스,sabareuteseu
corbalán,코르발란,koreubalran
maroto,마로토,maroto
ciganda,시간다,siganda
renier,레니에르,reniereu
igarza,이가르사,igareusa
fiorella,피오레,piore
faltoyano,랄팔토야노,ralpaltoyano
achúcarro,아추카로,acukaro
emili,에밀리,emilri
teixidor,텍시더,tegsideo
plensa,플렌자,peulrenja
urrutikoetxea,우루티코에체아,urutikoecea
marzoa,마르소아,mareusoa
otaegui,오타에기,otaegi
ariassalgado,아리아스살가도,ariaseusalgado
montañez,몬타녜스,montanyeseu
sautuola,사우투올라,sautuolra
lazaga,라사가,rasaga
jordá,호르다,horeuda
villanueva,비야누에바,biyanueba
villarroya,비야로야,biyaroya
arroyo,아로요,aroyo
córcoles,코르콜레스,koreukolreseu
bernabé,베르나베,bereunabe
ballester,바예스테르,bayeseutereu
czartoryski,차르토리스키,careutoriseuki
zuazua,수아수아,suasua
reverón,레베론,reberon
zaplana,사플라나,sapeulrana
baqueiro,바케이로,bakeiro
piñero,피녜로,pinyero
gámir,가미르,gamireu
devin,데빈,debin
davis,데이비스,deibiseu
henestrosa,에네스트로사,eneseuteurosa
narbona,나르보나,nareubona
salaber,살라베르,salrabereu
urquijo,우르키호,ureukiho
esparza,에스파르사,eseupareusa
oltra,올트라,olteura
fernand,페르난도,pereunando
melgar,멜가,melga
ayuso,아유소,ayuso
paquito,프란시스코,peuransiseuko
rumí,루미,rumi
fito,피토,pito
apariciobernal,아파리시오베르날,aparisiobereunal
casanova,카사노바,kasanoba
milagros,밀라그로스,milrageuroseu
magem,마젬,majem
badals,바달스,badalseu
flecha,플레차,peulreca
fontcuberta,퐁쿠베르타,pongkubereuta
barriales,바르렐리스,bareurelriseu
magán,마간,magan
piedra,피에드라,piedeura
anasagasti,아나사가스티,anasagaseuti
motos,모토스,motoseu
colina,콜리나,kolrina
theotocópuli,테오쿠풀루스,teokupulruseu
noelia,노엘리아,noelria
mercado,메르카도,mereukado
menchu,멘추,mencu
gal,갈,gal
abasolo,아바솔로,abasolro
loquillo,로키요,rokiyo
zarraonandía,사라오난디아,saraonandia
vanesa,바네사,banesa
graciano,그라시아노,geurasiano
jaena,하에나,haena
dasmariñas,다스마리냐스,daseumarinyaseu
pereira,페레이라,pereira
vania,바니아,bania
ajuriaguerra,아후리아게라,ahuriagera
blanch,블랑치,beulrangci
mazagatos,마자가토스,majagatoseu
elias,엘리아스,elriaseu
chappe,차페,cape
sera,세라,sera
josemi,호세미,hosemi
carmona,카르모나,kareumona
aguirrezabala,아기레사발라,agiresabalra
herminio,에르미니오,ereuminio
manzanedo,만사네도,mansanedo
melani,멜라니,melrani
maximino,마시미노,masimino
eugeni,에우헤니,euheni
asencio,아센시오,asensio
roser,로세르,rosereu
tapias,타피아스,tapiaseu
biern,비에른,biereun
boyd,보이드,boideu
hilarión,일라리온,ilrarion
eslava,에슬라바,eseulraba
idoia,이도이아,idoia
riaño,리아뇨,rianyo
ollé,올레,olre
lyme,라임,raim
jan,얀,yan
baalsrud,볼스루,bolseuru
trashorras,트라쇼라스,teurasyoraseu
astor,아스토르,aseutoreu
anka,안카,anka
elixabete,엘리샤베테,elrisyabete
sarasola,사라솔라,sarasolra
gadel,가델,gadel
sala,살라,salra
higueras,이게라스,igeraseu
fuertes,푸에르테스,puereuteseu
chiapella,키아페야,kiapeya
trifol,트리폴,teuripol
onieva,오니에바,onieba
dastis,다스티스,daseutiseu
mañueco,마뉴에코,manyueko
villarejo,비야레호,biyareho
francesc,프란세스크,peuranseseukeu
sicilia,시실리아,sisilria
bogo,보고르,bogoreu
bimba,빔바,bimba
dagnino,다니노,danino
castel,카스텔,kaseutel
aurora,오로라,orora
carbonell,카보넬,kabonel
flix,플릭스,peulrigseu
vaquerizo,바케리소,bakeriso
canco,캉코,kangko
béjar,베자르,bejareu
pocholo,포촐로,pocolro
martínezbordiú,마르티네스보르디우,mareutineseuboreudiu
pontac,폰타크,pontakeu
baldo,발도,baldo
eustaquio,에우스타키오,euseutakio
barjau,바르하우,bareuhau
figar,피가르,pigareu
heredero,에레데로,eredero
espinilla,에스피니야,eseupiniya
brau,브루,beuru
berami,베라미,berami
arandes,아란데스,arandeseu
gato,가토,gato
camino,까미노,ggamino
casadellà,카사델라,kasadelra
reverte,레베르테,rebereute
mañó,마뇨,manyo
corbi,과포,gwapo
jerónimo,헤로니모,heronimo
churriguera,추리게라,curigera
delhy,델리,delri
cabrero,카브레로,kabeurero
rallo,라요,rayo
juanra,후안라,huanra
cáseda,카세다,kaseda
morgades,모르가데스,moreugadeseu
sempson,셈슨,semseun
hacha,하차,haca
mila,밀라,milra
ximénez,시메네스,simeneseu
marián,마리안,marian
nani,나니,nani
solans,솔란스,solranseu
hernanz,에르난데스,ereunandeseu
posteguillo,포스테기요,poseutegiyo
garicano,가리카노,garikano
urgel,우르겔,ureugel
teófilo,테피필,tepipil
garabato,가라바토,garabato
urbán,우르반,ureuban
vincente,비센테,bisente
gomez,고메스,gomeseu
sonsoles,손솔레스,sonsolreseu
vilalta,빌랄타,bilralta
solá,솔라,solra
natalie,나탈리에,natalrie
korneitsik,코르네이치크,koreuneicikeu
seseña,세세냐,sesenya
carreño,카레뇨,karenyo
busta,부스타,buseuta
morgade,모르가데,moreugade
bloyd,블로이드,beulroideu
labrador,라브라도,rabeurado
cavadas,카바다스,kabadaseu
imaz,이마스,imaseu
bardisa,바르디사,bareudisa
altarriba,알타리바,altariba
riqueni,리케니,rikeni
ferreñac,페레냐크,perenyakeu
rebeca,레베카,rebeka
tarragó,타라고,tarago
ariadne,아드리아네,adeuriane
artiles,아르틸레스,areutilreseu
angelat,안젤라,anjelra
amodeo,아모데오,amodeo
meritxell,메리첼,mericel
batet,바테트,bateteu
núria,누리아,nuria
miramón,미라몬,miramon
tomas,토마스,tomaseu
marin,마린,marin
iztueta,이즈투에타,ijeutueta
parís,파리스,pariseu
lois,로이스,roiseu
antonino,안톨리,antolri
posada,포사다,posada
planas,플라나스,peulranaseu
genovés,헤노베스,henobeseu
monti,몬티,monti
castiñeiras,카스티네이라스,kaseutineiraseu
casademunt,카자데문,kajademun
llasera,야세라,yasera
hoyo,오요,oyo
amechazurra,아메차수라,amecasura
secanilla,세카니야,sekaniya
aurelia,아우렐리아,aurelria
lumbreras,룸브레라스,rumbeureraseu
ziaurriz,시아우리스,siauriseu
ultzurrun,데,de
etxarte,울추룬,ulcurun
eustakio,에우스타키오,euseutakio
mendizabal,멘디사발,mendisabal
abe,아베,abe
rábade,라바데,rabade
ixiar,익시아,igsia
rozas,로자스,rojaseu
elizalde,엘리잘데,elrijalde
amador,아마도르,amadoreu
alviz,알비스,albiseu
portugués,포르투게스,poreutugeseu
sobrinas,소브리노,sobeurino
monné,모네,mone
jesus,헤수스,hesuseu
garcíaberdoy,가르시아베르도이,gareusiabereudoi
virginia,비르히니아,bireuhinia
torrecilla,토레시야,toresiya
kyko,키코,kiko
nortes,북부,bugbu
rosillo,로시요,rosiyo
humanes,우마네스,umaneseu
montávez,몬타베스,montabeseu
boré,보레,bore
trepat,트레파트,teurepateu
cebreiro,세브레이로,sebeureiro
hipólito,이폴리토,ipolrito
juancho,후안,huan
arróspide,아로스피데,aroseupide
quiñones,키뇨네스,kinyoneseu
matamoros,마타모로스,matamoroseu
brian,브라이언,beuraieon
cross,크로스,keuroseu
prades,프라데스,peuradeseu
tamara,타마라,tamara
gorro,고로,goro
badosa,바도사,badosa
metón,메톤,meton
cárcel,카르셀,kareusel
orti,오르티,oreuti
larrea,라레아,rarea
alvar,알바르,albareu
gordejuela,고르데후엘라,goreudehuelra
aleña,알레냐,alrenya
nogueras,노게라스,nogeraseu
augustín,아우구스틴,auguseutin
esparbé,에스파르베,eseupareube
alcayde,알카이데,alkaide
jose,디에고,diego
peruano,페나스,penaseu
sorogoyen,소로고옌,sorogoyen
dalmau,달마우,dalmau
barberán,바르베란,bareuberan
vilella,빌레야,bilreya
sans,산스,sanseu
rebeka,레베카,rebeka
masarova,마사로바,masaroba
beteta,베테타,beteta
catherina,캐서린,kaeseorin
parres,파레스,pareseu
azcoitia,아스코이티아,aseukoitia
caruncho,카룬초,karunco
antelo,안텔로,antelro
cholo,콜로,kolro
moratalla,모라탈라,moratalra
himar,이마르,imareu
javián,하비안,habian
tarrasón,타라손,tarason
pina,피나,pina
arregui,아레기,aregi
trecet,트레세트,teureseteu
falomir,팔로미르,palromireu
faus,파우스,pauseu
vernon,버넌,beoneon
cansino,칸시노,kansino
menayo,메나요,menayo
sagardoy,세가르도이,segareudoi
caldentey,칼덴테이,kaldentei
patri,파트리시아,pateurisia
guijarro,기하로,giharo
gamero,가메로,gamero
illana,이야나,iyana
vicenta,비센타,bisenta
escrivà,에스크리바,eseukeuriba
ema,에마,ema
stokholma,스토콜마,seutokolma
olabarri,올라바리,olrabari
llarena,야레나,yarena
gibert,히베르트,hibereuteu
katarina,카타르나,katareuna
barquin,바르킨,bareukin
arasanz,아란사스,aransaseu
bucșa,북샤,bugsya
jarilloherrero,하리요에레로,hariyoerero
érika,에리카,erika
kidd,키드,kideu
keo,케오,keo
bernardeau,베르나르데아우,bereunareudeau
aleixandri,알레샨드리,alresyandeuri
adrià,아드리아,adeuria
arnaus,아르나우스,areunauseu
ranz,란스,ranseu
monen,모넨,monen
andrew,앤드류,aendeuryu
pinder,파인더,paindeo
albares,알바레스,albareseu
olona,올로나,olrona
choclán,초클란,cokeulran
vicens,비센스,bisenseu
coll,콜,kol
olalquiaga,올랄키아가,olralkiaga
escanes,에스카네스,eseukaneseu
anssumane,안수,ansu
ahn,안,an
sybilla,시빌라,sibilra
barreda,바레다,bareda
avanthay,아반타이,abantai
palazón,팔라손,palrason
alcaraz,알카라즈,alkarajeu
perezsomarriba,페레스소마리바,pereseusomariba
ane,아네,ane
mintegi,민테히,mintehi
burillo,부리요,buriyo
escorihuela,에스코리우엘라,eseukoriuelra
tornero,토르네로,toreunero
regás,레가스,regaseu
yeremi,예레미,yeremi
aysha,아이샤,aisya
daraaui,다라우이,daraui
ezzalzouli,에잘줄리,ejaljulri
portería,포르테리아,poreuteria
lanuza,라누사,ranusa
mikecrack,마이크크랙,maikeukeuraeg
berge,베르헤,bereuhe
martinchique,마르틴치케,mareutincike
apolo,아폴로,apolro
marra,마라,mara
bajcetic,바이체티치,baicetici
corao,코라오,korao
cesáreo,세사레오,sesareo
bustillo,부스티요,buseutiyo
iturralde,이투랄데,ituralde
sambola,삼볼라,sambolra
pello,펠로,pelro
otxandiano,오찬디아노,ocandiano
espanglish,스팽글리쉬,seupaenggeulriswi
chimalhuacán,치말루아칸,cimalruakan
tlaquepaque,틀라케파케,teulrakepake
nezahualcóyotl,시우다드네사우알코요틀,siudadeunesaualkoyoteul
teotihuacan,테오티우아칸,teotiuakan
uruapan,우루아판,uruapan
agua,아구아,agua
prieta,프리에타,peurieta
apaxco,아팍스코,apagseuko
tarahumaras,타라우마라족,taraumarajog
palenque,팔렌케,palrenke
mr,미스터,miseuteo
gay,게이,gei
jaltenco,할텡코,haltengko
partido,이탈리아,italria
siglo,서독,seodog
científicos,과학당,gwahagdang
izúcar,이주카르,ijukareu
kanasín,카나신,kanasin
texas,멕시코령,megsikoryeong
moroleón,모롤레온,morolreon
progreso,프로그레소,peurogeureso
toluca,톨루카,tolruka
aaa,이,i
nextlalpan,넥스틀랄판,negseuteulralpan
puerto,푸에토,pueto
peñasco,페냐스코,penyaseuko
metro,멕시코시티,megsikositi
cdmx,지하철,jihaceol
triple,아스테카,aseuteka
alianza,제국,jegug
tlatelolco,틀라텔롤코,teulratelrolko
municipio,모렐로스,morelroseu
tianguistenco,티안구이스텐코,tianguiseutenko
águila,아길라,agilra
vaqueros,바케로스,bakeroseu
bacalar,바칼라르,bakalrareu
comalcalco,코말카꼬,komalkaggo
tristessa,트리스테사,teuriseutesa
cozumel,코주멜,kojumel
fresnillo,프레스닐로,peureseunilro
veracruzana,대학교,daehaggyo
motul,모툴,motul
muralismo,벽화주의,byeoghwajuyi
tuxtla,투스틀라,tuseuteulra
piedras,피에드라스,piedeuraseu
negras,네그라스,negeuraseu
grandes,그란데스,geurandeseu
madero,마데로,madero
ferromex,페로멕스,peromegseu
orizaba,오리자바,orijaba
fortín,포틴,potin
tiburones,티부로네스,tiburoneseu
delicias,델리카스,delrikaseu
cholula,촐룰라,colrulra
papantla,파판틀라,papanteulra
golfo,골포,golpo
tultepec,툴테펙,tultepeg
solano,솔라노,solrano
explosiones,산,san
pirotecnia,폭죽,pogjug
pablito,사고,sago
refugio,레푸지오,repujio
butifarra,보티파라,botipara
portbou,포르트보우,poreuteubou
dosrius,도스리우스,doseuriuseu
blanes,블라네스,beulraneseu
mediterráneo,메디테라네오,mediteraneo
castillala,카스티야라만차,kaseutiyaramanca
mancha,지방,jibang
rayo,라요,rayo
vallecano,바예카노,bayekano
europea,고속도로,gosogdoro
autovía,오토비아,otobia
meseta,메세타,meseta
sur,수르,sureu
catoria,카토이라,katoira
sora,소라,sora
ponferradaorense,고속도로,gosogdoro
mañón,마뇬,manyon
república,카탈루냐,katalrunya
catalana,공화국,gonghwagug
alvia,비비아,bibia
vélezblanco,벨레즈블랑코,belrejeubeulrangko
valladolidleón,고속도로,gosogdoro
montmaneu,만트마네우,manteumaneu
dialecto,안달루시아,andalrusia
andaluz,방언,bangeon
getxo,게초,geco
guadiana,과디아나,gwadiana
milá,밀라,milra
valdastillas,발다스티야스,baldaseutiyaseu
suroccidente,수로시엔테,surosiente
asturiano,아스투리아노,aseuturiano
moriscos,모리스코,moriseuko
tribunal,스페인,seupein
supremo,대법원,daebeobweon
zubizuri,주비주리,jubijuri
teulada,테울라다,teulrada
algorta,알고르타,algoreuta
abadal,아바달,abadal
barranca,바랑카,barangka
periódico,페리오디코,periodiko
catalunya,카탈루냐,katalrunya
oro,세기,segi
andalucía,안달루시아,andalrusia
autopista,오토피스타,otopiseuta
ocañala,로다,roda
roda,고속도로,gosogdoro
carral,카랄,karal
pizjuán,피스후안,piseuhuan
cañizo,카니조,kanijo
noroeste,노로스테,noroseute
atlántico,아틀란티코,ateulrantiko
pungín,푼싱,punsing
oleiros,올레이로스,olreiroseu
vascoaragonesa,바스코아라고네사,baseukoaragonesa
mini,미니,mini
estadi,에스타디,eseutadi
fuerzas,스페인의,seupeinyi
armadas,군사,gunsa
euromed,유로메드,yuromedeu
matalascañas,마탈라스카냐스,matalraseukanyaseu
arteijo,아르테이쇼,areuteisyo
hala,알라,alra
pyro,파이로,pairo
studios,스튜디오,seutyudio
rianjo,리안쇼,riansyo
galicia,국가,gugga
pullmantur,팔마툰,palmatun
lacón,라콘,rakon
montblanch,몬블랑,monbeulrang
sporting,스포팅,seupoting
news,뉴스,nyuseu
calçotada,칼소타다,kalsotada
carrer,라,ra
indústria,인두스트리아,induseuteuria
queso,마온,maon
mahónmenorca,치즈,cijeu
nordeste,노르데스테,noreudeseute
idiazabal,치즈,cijeu
ruta,데,de
plata,고속도로,gosogdoro
central,센트럴,senteureol
música,스페인의,seupeinyi
extremeña,익스트레마두라,igseuteuremadura
jávea,샤비아,syabia
norte,노르테,noreute
navarra,나바라,nabara
cultura,컬투라,keoltura
lugosantiago,데,de
leónastorga,고속도로,gosogdoro
melón,멜론,melron
con,콘,kon
jamón,하몬,hamon
ribagorza,리바고르자,ribagoreuja
pirineo,피리네오,pirineo
vigofrontera,국경,guggyeong
portuguesa,고속도로,gosogdoro
lugoorense,고속도로,gosogdoro
chiva,치바,ciba
altiplano,알티플라노,altipeulrano
almansajátiva,고속도로,gosogdoro
belalcázar,벨랄카사르,belralkasareu
badajozgranada,고속도로,gosogdoro
tierra,티에라,tiera
zaragozamediterráneo,고속도로,gosogdoro
madridtoledo,고속도로,gosogdoro
pedrizas,페드리사,pedeurisa
pontevedravigo,고속도로,gosogdoro
oviedola,에스피나,eseupina
espina,고속도로,gosogdoro
oviedovillaviciosa,고속도로,gosogdoro
jiloca,질로카,jilroka
pirenaica,피레네이카,pireneika
tarragonamontblanch,고속도로,gosogdoro
ebro,에브로,ebeuro
cantabriameseta,칸타브리아메세타,kantabeuriameseta
monfortechantada,고속도로,gosogdoro
este,에스테,eseute
linaresalbacete,고속도로,gosogdoro
duero,두에로,duero
alcarria,알카리아,alkaria
mariña,마리냐,marinya
realpuertollano,고속도로,gosogdoro
luz,루즈,rujeu
cedeira,세데이라,sedeira
cantábrico,칸타브리코,kantabeuriko
abanca,데,de
eusko,바스크,baseukeu
abendaren,지방의,jibangyi
ereserkia,국가,gugga
pacto,이베리아,iberia
ibérico,조약,joyag
ferroviaria,철도,ceoldo
fútbol,푸트볼,puteubol
vallecas,바예카스,bayekaseu
narón,나롱,narong
edificabilidad,용적률,yongjeogryul
les,레스,reseu
ortigueira,오르티게이라,oreutigeira
laracha,아라라차,araraca
masía,마시아,masia
lasarteoria,라사르테오리아,rasareuteoria
lousame,로우사메,rousame
festival,소나르,sonareu
sónar,페스티벌,peseutibeol
constitucional,헌법재판소,heonbeobjaepanso
carcagente,카르카익센트,kareukaigsenteu
cuntis,쿤티스,kuntiseu
torrebeses,토레베세스,torebeseseu
fiestas,스페인의,seupeinyi
españolas,공휴일,gonghyuil
suroeste,수로에스테,suroeseute
nevadacosta,네바다코스타,nebadakoseuta
tropical,트로피칼,teuropikal
mudéjar,무데하르,mudehareu
open,맥도날드,maegdonaldeu
mcdonald's,챔피언십,caempieonsib
pescaíto,페스카도,peseukado
frito,프리토,peurito
ons,온스섬,onseuseom
primer,본초,bonco
solidaridad,솔리다리다드,solridaridadeu
grandeza,그란데스,geurandeseu
escuela,스페인,seupein
diplomática,외교관학교,oegyogwanhaggyo
chinaespaña,관계,gwangye
pórtol,포르톨,poreutol
oeste,오에스테,oeseute
cesaracosta,세사라코스타,sesarakoseuta
futfem,페메니나,pemenina
jerónimos,헤로니모스,heronimoseu
españafrancia,관계,gwangye
saraqusta,사라쿠스타,sarakuseuta
evelop,이벨롭,ibelrob
crimen,스페인의,seupeinyi
en,범죄,beomjoe
frontera,스페인이탈리아,seupeinitalria
españaitalia,국경,guggyeong
diada,페스타,peseuta
sant,산,san
españaguineabissau,관계,gwangye
unidos,연합,yeonhab
ábside,애프스,aepeuseu
tabernas,타베르나스,tabereunaseu
jacobea,순례길,sunryegil
biblioteca,발레아레스,balreareseu
parlamento,의회,yihoe
illes,문서,munseo
balears,서비스,seobiseu
femenino,페메니노,pemenino
navarraguipúzcoa,고속도로,gosogdoro
palma,팔마데마요르카,palmademayoreuka
cadiz,카디스,kadiseu
terrassa,테라사,terasa
canary,카나리아,kanaria
islands,제도,jedo
comunitat,발렌시아,balrensia
valenciana,지방,jibang
south,수르,sureu
airport,공항,gonghang
balearic,발레아레스,balreareseu
europe,유럽,yureob
zumarraga,수마라가,sumaraga
gomera,섬,seom
montjuïc,몬주이크,monjuikeu
pasaia,파사이아,pasaia
nevada,산맥,sanmaeg
mexico,멕시코,megsiko
socorro,섬,seom
tequixquiac,테킥스키악,tekigseukiag