lech,레흐,reheu
wałęsa,바웬사,bawensa
donald,도날트,donalteu
tusk,투스크,tuseukeu
laurent,로랑,rorang
koscielny,코시엘니,kosielni
kaczyński,카친스키,kacinseuki
jerzy,예지,yeji
stuhr,스투흐르,seutuheureu
jan,얀,yan
frycz,프리치,peurici
franciszek,프란치셰크,peurancisyekeu
smuda,스무다,seumuda
julius,줄리어스,julrieoseu
axelrod,액설로드,aegseolrodeu
stanisław,스타니스와프,seutaniseuwapeu
wojciechowski,보이치에호프스키,boiciehopeuseuki
marek,마레크,marekeu
belka,벨카,belka
włodzimierz,브워지미에시,beuweojimiesi
cimoszewicz,치모셰비치,cimosyebici
buzek,부제크,bujekeu
natalia,나탈리아,natalria
avelon,아벨론,abelron
tomasz,토마시,tomasi
majewski,마예프스키,mayepeuseuki
maria,마리아,maria
skłodowskacurie,퀴리,kwiri
krzysztof,크시슈토프,keusisyutopeu
kieślowski,키에슬로프스키,kieseulropeuseuki
anni,아니,ani
friesingerpostma,프리징거포스트마,peurijinggeoposeuteuma
zbigniew,즈비그니에프,jeubigeuniepeu
boniek,보니에크,boniekeu
otylia,오틸리아,otilria
jędrzejczak,옝제이차크,yengjeicakeu
andrzej,안제이,anjei
wajda,바이다,baida
paul,폴,pol
baran,배런,baereon
thomas,토마스,tomaseu
godoj,고도이,godoi
wojciech,보이치에흐,boicieheu
jaruzelski,야루젤스키,yarujelseuki
paweł,파베우,pabeu
kukiz,쿠키스,kukiseu
stephanie,스테퍼니,seutepeoni
kwolek,퀄렉,kweolreg
eugen,오이겐,oigen
polanski,폴란스키,polranseuki
zamachowski,자마호프스키,jamahopeuseuki
anita,아니타,anita
włodarczyk,브워다르치크,beuweodareucikeu
lem,렘,rem
leszek,레셰크,resyekeu
miller,밀레르,milrereu
władysław,브와디스와프,beuwadiseuwapeu
raczkiewicz,라치키에비치,racikiebici
aleksander,알렉산데르,alregsandereu
kwaśniewski,크바시니에프스키,keubasiniepeuseuki
agata,아가타,agata
kulesza,쿨레샤,kulresya
adam,아담,adam
kokoszka,코코슈카,kokosyuka
wisława,비스와바,biseuwaba
szymborska,심보르스카,simboreuseuka
henryk,헨리크,henrikeu
sienkiewicz,시엔키에비치,sienkiebici
sławomir,스와보미르,seuwabomireu
mrożek,므로제크,meurojekeu
jarosław,야로스와프,yaroseuwapeu
waldemar,발데마르,baldemareu
pawlak,파블라크,pabeulrakeu
tadeusz,타데우시,tadeusi
mazowiecki,마조비에츠키,majobieceuki
kazimierz,카지미에시,kajimiesi
marcinkiewicz,마르친키에비치,mareucinkiebici
alexander,알렉산더,alregsandeo
granach,그라나흐,geuranaheu
mickiewicz,미츠키에비치,miceukiebici
raymond,레몽,remong
kopa,코파,kopa
leon,레온,reon
jogiches,요기헤스,yogiheseu
monika,모니카,monika
sozanska,조찬스카,jocanseuka
lestek,레스테크,reseutekeu
józef,유제프,yujepeu
gosławski,고스와프스키,goseuwapeuseuki
funk,풍크,pungkeu
harasiewicz,하라셰비치,harasyebici
miroslav,미로슬라프,miroseulrapeu
klose,클로제,keulroje
łukasz,우카시,ukasi
fabiański,파비안스키,pabianseuki
olek,알렉산데르,alregsandereu
krupa,크루파,keurupa
kamil,카밀,kamil
glik,글리크,geulrikeu
anna,안나,anna
jopek,요페크,yopekeu
małgorzata,마우고자타,maugojata
bela,벨라,belra
hanna,한나,hanna
suchocka,수호츠카,suhoceuka
kożuchowska,코주호프스카,kojuhopeuseuka
lukas,루카스,rukaseu
podolski,포돌스키,podolseuki
arkadiusz,아르카디우시,areukadiusi
milik,밀리크,milrikeu
bezprym,베스프림,beseupeurim
edward,에드바르트,edeubareuteu
strasburger,슈트라스부르거,syuteuraseubureugeo
marcel,마르첼,mareucel
reichranicki,라이히라니츠키,raihiraniceuki
halina,할리나,halrina
mlynkova,믈린코바,meulrinkoba
wałdoch,바우도흐,baudoheu
karol,카롤,karol
radek,라데크,radekeu
igo,이고,igo
sym,심,sim
benoît,브누아,beunua
mandelbrot,망델브로,mangdelbeuro
menachem,메나헴,menahem
begin,베긴,begin
bronisław,브로니스와프,beuroniseuwapeu
komorowski,코모로프스키,komoropeuseuki
ewa,에바,eba
gawryluk,가브릴루크,gabeurilrukeu
john,존,jon
tavares,타바레스,tabareseu
szarmach,샤르마흐,syareumaheu
krystian,크리스티안,keuriseutian
zimerman,지메르만,jimereuman
nawałka,나바우카,nabauka
ryłko,리우코,riuko
kutrzeba,쿠트셰바,kuteusyeba
jakub,야쿠프,yakupeu
świerczok,시비에르초크,sibiereucokeu
rob,랍,rab
van,밴,baen
dam,댐,daem
bolesław,볼레스와프,bolreseuwapeu
prus,프루스,peuruseu
błaszczykowski,브와슈치코프스키,beuwasyucikopeuseuki
roman,로만,roman
polański,폴란스키,polranseuki
adrian,아드리안,adeurian
mierzejewski,미에르제예프스키,miereujeyepeuseuki
skolimowski,스콜리모프스키,seukolrimopeuseuki
robert,로베르트,robereuteu
lewandowski,레반도프스키,rebandopeuseuki
irena,이레나,irena
sendlerowa,센들러,sendeulreo
zagajewski,자가예프스키,jagayepeuseuki
maciej,마치에이,maciei
szczęsny,슈쳉스니,syucengseuni
magdalena,마그달레나,mageudalrena
boczarska,보차르스카,bocareuseuka
skrodzki,스크로츠키,seukeuroceuki
samuel,사무엘,samuel
eilenberg,에일렌베르크,eilrenbereukeu
polony,폴로니,polroni
pilch,필흐,pilheu
sikorski,시코르스키,sikoreuseuki
georges,조르주,joreuju
charpak,샤르파크,syareupakeu
piszczek,피슈체크,pisyucekeu
penderecki,펜데레츠키,pendereceuki
przeworski,쉐보르스키,sweboreuseuki
witold,비톨트,bitolteu
lutosławski,루토스와프스키,rutoseuwapeuseuki
daniel,다니엘,daniel
libeskind,리버스킨드,ribeoseukindeu
sebastian,세바스티안,sebaseutian
boenisch,뵈니슈,boenisyu
szpilman,슈필만,syupilman
leonid,레오니트,reoniteu
hurwicz,후르비치,hureubici
geremek,게레메크,geremekeu
kowalewski,코발레프스키,kobalrepeuseuki
emmanuel,이매뉴얼,imaenyueol
olisadebe,올리사데베,olrisadebe
jadwiga,야드비가,yadeubiga
jankowskacieślak,얀코프스카치에실라크,yankopeuseukaciesilrakeu
spławaneyman,네이만,neiman
romain,로맹,romaeng
gary,가리,gari
zygmunt,지그문트,jigeumunteu
bauman,바우만,bauman
rafał,라파우,rapau
wolski,볼스키,bolseuki
janusz,야누시,yanusi
palikot,팔리코트,palrikoteu
kubica,쿠비카,kubika
marcin,마르친,mareucin
gortat,고르타트,goreutateu
bartosz,바르토시,bareutosi
kurek,쿠레크,kurekeu
mariusz,마리우시,mariusi
jop,요프,yopeu
nastula,나스툴라,naseutulra
dominika,도미니카,dominika
ostałowska,오스타워프스카,oseutaweopeuseuka
szczepański,슈체판스키,syucepanseuki
marian,마리안,marian
rejewski,레예프스키,reyepeuseuki
lepper,레페르,repereu
saganowski,사가노프스키,saganopeuseuki
ochab,오하프,ohapeu
olbiński,올빈스키,olbinseuki
dawid,다비트,dabiteu
kubacki,쿠바츠키,kubaceuki
stefan,스테판,seutepan
wyszyński,비신스키,bisinseuki
anders,안데르스,andereuseu
herbert,헤르베르트,hereubereuteu
foremniak,포렘니아크,poremniakeu
éric,에리크,erikeu
srecki,스레키,seureki
kuratowski,쿠라토프스키,kuratopeuseuki
siemomysł,시에모미수,siemomisu
dmitrij,드미트리,deumiteuri
chromin,흐로민,heuromin
bortkiewicz,보르트키에비치,boreuteukiebici
glemp,글렘프,geulrempeu
kamiński,카민스키,kaminseuki
czernystefańska,체르니스테판스카,cereuniseutepanseuka
łobodziński,워보진스키,weobojinseuki
katarzyna,카타지나,katajina
zielińska,지엘린스카,jielrinseuka
tomaszewski,토마셰프스키,tomasyepeuseuki
lisiecki,리시에츠키,risieceuki
mateusz,마테우시,mateusi
kusznierewicz,쿠슈니에레비치,kusyunierebici
grechuta,그레후타,geurehuta
tansman,탄스만,tanseuman
teodor,테오도르,teodoreu
leszetycki,레셰티츠키,resyeticeuki
grzegorz,그제고시,geujegosi
schetyna,스헤티나,seuhetina
piasecki,피아세츠키,piaseceuki
cybulski,치불스키,cibulseuki
zieliński,지엘린스키,jielrinseuki
artur,아르투르,areutureu
rodziński,로진스키,rojinseuki
preisner,프레이스네르,peureiseunereu
michał,미하우,mihau
chałbiński,차우빈스키,caubinseuki
dariusz,다리우시,dariusi
słowiński,슬로윈스키,seulrowinseuki
zapasiewicz,자파시에비치,japasiebici
braun,브라운,beuraun
zdzisław,지스와프,jiseuwapeu
beksiński,벡신스키,begsinseuki
acquafresca,아콰프레스카,akwapeureseuka
kusociński,쿠소친스키,kusocinseuki
stanisława,스타니스와바,seutaniseuwaba
walasiewicz,발라시에비치,balrasiebici
biedroń,비에드론,biedeuron
heller,헬레르,helrereu
zajonc,자욘스,jayonseu
mieczysław,미에치스와프,mieciseuwapeu
horszowski,호르초프스키,horeucopeuseuki
grudzień,그루지엔,geurujien
golański,골란스키,golranseuki
joe,조,jo
pavelski,파벨스키,pabelseuki
alain,알랭,alraeng
finkielkraut,핑켈크로트,pingkelkeuroteu
boris,보리스,boriseu
sawinkow,사빈코프,sabinkopeu
ernest,에른스트,ereunseuteu
wilimowski,빌리모프스키,bilrimopeuseuki
przybyszewski,프시비셰프스키,peusibisyepeuseuki
żewłakow,제브와코프,jebeuwakopeu
lipień,리피엔,ripien
piotr,피오트르,pioteureu
anderszewski,안데르셰프스키,andereusyepeuseuki
timothée,티모테,timote
kolodziejczak,콜로지에이차크,kolrojieicakeu
żyła,지와,jiwa
klempel,클렘펠,keulrempel
wszołek,프쇼웨크,peusyowekeu
radosław,라도스와프,radoseuwapeu
kuchciński,쿠흐친스키,kuheucinseuki
warzycha,바지하,bajiha
ryszard,리샤르트,risyareuteu
bolesławski,볼레스라브스키,bolreseurabeuseuki
agnieszka,아그니에슈카,ageuniesyuka
grochowska,그로호프스카,geurohopeuseuka
nâzım,나짐,najim
hikmet,히크메트,hikeumeteu
harald,하랄트,haralteu
konopka,코노프카,konopeuka
adamczyk,아담치크,adamcikeu
léon,레옹,reong
glovacki,글로바츠키,geulrobaceuki
krychowiak,크리호비아크,keurihobiakeu
łeonid,레오니드,reonideu
krawczuk,크라우추크,keuraucukeu
ignacy,이그나치,igeunaci
paderewski,파데레프스키,paderepeuseuki
wacław,바츠와프,baceuwapeu
niżyński,니진스키,nijinseuki
dudek,두데크,dudekeu
peszko,페슈코,pesyuko
świerczewski,시비에르체프스키,sibiereucepeuseuki
brzęczek,브젱체크,beujengcekeu
dolniak,돌니아크,dolniakeu
mark,마크,makeu
grudzielanek,그루질라넥,geurujilraneg
oscar,오스카르,oseukareu
lewicki,레비츠키,rebiceuki
natasza,나타샤,natasya
urbańska,우르반스카,ureubanseuka
frankowski,프란코프스키,peurankopeuseuki
doda,도다,doda
zahorski,자호르스키,jahoreuseuki
violetta,비올레타,biolreta
villas,빌라스,bilraseu
boruc,보루츠,boruceu
jacek,야체크,yacekeu
paździor,파지지오르,pajijioreu
kayah,카야,kaya
długopolski,두고폴스키,dugopolseuki
sucharski,수하르스키,suhareuseuki
alfred,알프레트,alpeureteu
tarski,타르스키,tareuseuki
radwańska,라드반스카,radeubanseuka
baszanowski,바샤노프스키,basyanopeuseuki
napieralski,나피에랄스키,napieralseuki
fajans,파얀스,payanseu
szymon,시몬,simon
ziółkowski,지우코프스키,jiukopeuseuki
jodłowiec,요드워비에츠,yodeuweobieceu
moriz,모리츠,moriceu
rosenthal,로젠탈,rojental
kapuściński,카푸시친스키,kapusicinseuki
kaczyńska,카친스카,kacinseuka
felix,펠릭스,pelrigseu
nussbaum,누스바움,nuseubaum
kalecki,칼레츠키,kalreceuki
florian,플로리안,peulrorian
znaniecki,즈나니에츠키,jeunanieceuki
pawlikowski,파블리코프스키,pabeulrikopeuseuki
carl,칼,kal
yastrzemski,야스트렘스키,yaseuteuremseuki
szewińska,셰빈스카,syebinseuka
pola,폴라,polra
negri,네그리,negeuri
izabella,이자벨라,ijabelra
scorupco,스코룹코,seukorubko
małachowski,마와호프스키,mawahopeuseuki
panufnik,파누프니크,panupeunikeu
błażej,브와제이,beuwajei
augustyn,아우구스틴,auguseutin
siatka,시아카,siaka
gowin,고빈,gobin
hugo,후고,hugo
steinhaus,스테인하우스,seuteinhauseu
sobiech,소비에흐,sobieheu
wiśniewska,비시니에프스카,bisiniepeuseuka
karolina,카롤리나,karolrina
wydra,비드라,bideura
rotblat,로트블랫,roteubeulraes
jagodzińska,야고진스카,yagojinseuka
odonic,오도니츠,odoniceu
kasprowicz,카스프로비치,kaseupeurobici
skrowaczewski,스크로바체프스키,seukeurobacepeuseuki
kołecki,코웨츠키,koweceuki
holland,홀란트,holranteu
grażyna,그라지나,geurajina
bacewicz,바체비치,bacebici
tara,타라,tara
lipinski,리핀스키,ripinseuki
jagiellonka,야기엘론카,yagielronka
figura,피구라,pigura
martha,마사,masa
stewart,스튜어트,seutyueoteu
justyna,유스티나,yuseutina
kowalczyk,코발치크,kobalcikeu
basia,바시아,basia
kinga,킨가,kinga
preis,프레이스,peureiseu
zawrotniak,자브로트니아크,jabeuroteuniakeu
więckiewicz,비에츠키에비치,bieceukiebici
stępiński,스텡핀스키,seutengpinseuki
anja,아냐,anya
rubik,루비크,rubikeu
edyta,에디타,edita
górniak,구르니아크,gureuniakeu
kamila,카밀라,kamilra
skolimowska,스콜리모프스카,seukolrimopeuseuka
bronisława,브로니스와바,beuroniseuwaba
niżyńska,니진스카,nijinseuka
zawadzki,자바츠키,jabaceuki
kolberger,콜베르게르,kolbereugereu
tul,툴,tul
marie,마리,mari
rambert,램버트,raembeoteu
konopacka,코노파츠카,konopaceuka
daria,다리아,daria
werbowy,워보위,weobowi
ida,이다,ida
haendel,헨델,hendel
liv,리브,ribeu
mazur,마주르,majureu
simon,시몽,simong
zimny,짐니,jimni
sylwester,실베스테르,silbeseutereu
bednarek,베드나레크,bedeunarekeu
euzebiusz,에우제비우시,eujebiusi
smolarek,스몰라레크,seumolrarekeu
juliusz,율리우시,yulriusi
słowacki,스워바츠키,seuweobaceuki
szmidt,슈미트,syumiteu
richard,리처드,riceodeu
pipes,파이프스,paipeuseu
blechacz,블레하치,beulrehaci
gruszka,그루슈카,geurusyuka
berling,베를링,bereulring
malanowicz,말라노비치,malranobici
maja,마야,maya
ostaszewska,오스타셰프스카,oseutasyepeuseuka
ewelina,에벨리나,ebelrina
lisowska,리소프스카,risopeuseuka
mazurkiewicz,마주르키에비치,majureukiebici
dąbrowski,동브로프스키,dongbeuropeuseuki
piekarska,피에카르스카,piekareuseuka
huberman,후베르만,hubereuman
komar,코마르,komareu
danuta,다누타,danuta
szaflarska,샤플라르스카,syapeulrareuseuka
ludwika,루드비카,rudeubika
paleta,팔레타,palreta
pieczka,피에치카,piecika
kopacz,코파치,kopaci
barańska,바란스카,baranseuka
oskar,오스카르,oseukareu
lange,랑게,rangge
przybylska,프시빌스카,peusibilseuka
czesław,체스와프,ceseuwapeu
kiszczak,키슈차크,kisyucakeu
thiago,치아구,ciagu
cionek,시오네크,sionekeu
krzynówek,크지누베크,keujinubekeu
olga,올가,olga
tokarczuk,토카르추크,tokareucukeu
lucyna,루치나,rucina
winnicka,빈니츠카,binniceuka
wyszomirski,비쇼미르스키,bisyomireuseuki
kukulska,쿠쿨스카,kukulseuka
skrzypaszek,스크시파셰크,seukeusipasyekeu
sylwia,실비아,silbia
bogacka,보가차,bogaca
klich,클리흐,keulriheu
partyka,파르티카,pareutika
ludovic,루도비크,rudobikeu
obraniak,오브라니아크,obeuraniakeu
chaïm,카임,kaim
perelman,페렐만,perelman
bocheński,보헨스키,bohenseuki
abbott,아봇,abos
ustynowicz,우스티노비치,useutinobici
soćko,소치코,sociko
niemczyk,니엠치크,niemcikeu
rowecki,로베츠키,robeceuki
wawrzyniak,바브지니아크,babeujiniakeu
joanna,요안나,yoanna
pacuła,파추와,pacuwa
liliana,릴리아나,rilriana
komorowska,코모로프스카,komoropeuseuka
awraham,아브라함,abeuraham
stern,슈테른,syutereun
august,아우구스트,auguseuteu
emil,에밀,emil
fieldorf,피엘도르프,pieldoreupeu
miko,미코,miko
leopold,레오폴트,reopolteu
infeld,인펠트,inpelteu
bereszyński,베레신스키,beresinseuki
zygalski,지갈스키,jigalseuki
korwinmikke,코르빈미케,koreubinmike
kłobukowska,크워부코프스카,keuweobukopeuseuka
kasia,카시아,kasia
smutniak,스무트니아크,seumuteuniakeu
stoch,스토흐,seutoheu
martin,마르틴,mareutin
max,막스,magseu
olbrychski,올브리흐스키,olbeuriheuseuki
bella,벨라,belra
darvi,다르비,dareubi
lato,라토,rato
wanda,반다,banda
panfilgonzález,판필,panpil
krystyna,크리스티나,keuriseutina
janda,얀다,yanda
borsuk,보르수크,boreusukeu
heinrich,하인츠,hainceu
kwiatkowski,크비아트코프스키,keubiateukopeuseuki
filipowski,필리포프스키,pilripopeuseuki
czerkawski,체르카프스키,cereukapeuseuki
jean,장,jang
templin,탕플랭,tangpeulraeng
wolny,볼니,bolni
szumowska,슈모프스카,syumopeuseuka
kalina,칼리나,kalrina
jędrusik,옝드루시크,yengdeurusikeu
sternbach,스턴바크,seuteonbakeu
ireneusz,이레네우시,ireneusi
paliński,팔린스키,palrinseuki
kuszczak,쿠슈차크,kusyucakeu
jurek,유렉,yureg
dybał,뒤발,dwibal
celińska,첼린스카,celrinseuka
bartkowiak,바르트코비아크,bareuteukobiakeu
kotarbiński,코타르빈스키,kotareubinseuki
friedman,프리드만,peurideuman
dagmara,다그마라,dageumara
wozniak,워즈니악,weojeuniag
aleksandra,알렉산드라,alregsandeura
shelton,셸턴,syelteon
woyda,보이다,boida
martyna,마르티나,mareutina
synoradzka,시노라츠카,sinoraceuka
blanik,블라니크,beulranikeu
gombrowicz,곰브로비치,gombeurobici
mycielski,미치엘스키,micielseuki
emanuel,엠마누엘,emmanuel
ax,엑스,egseu
lemkin,렘킨,remkin
pazdan,파즈단,pajeudan
ronczewski,론체프스키,roncepeuseuki
moïse,모이즈,moijeu
kisling,키슬링,kiseulring
hofmann,호프만,hopeuman
wielicki,비엘리츠키,bielriceuki
koman,코먼,komeon
chlewińska,흘레빈스카,heulrebinseuka
grzeszczak,그제슈차크,geujesyucakeu
steczkowska,스테치코프스카,seutecikopeuseuka
stenka,스텐카,seutenka
gruchała,그루하와,geuruhawa
szapołowska,샤포워프스카,syapoweopeuseuka
peter,피터,piteo
geach,기치,gici
szmal,슈말,syumal
emilia,에밀리아,emilria
plater,플라테르,peulratereu
kowalska,코발스카,kobalseuka
maczek,마체크,macekeu
julia,율리아,yulria
marcell,마셀,masel
siwiec,시비예츠,sibiyeceu
ladislao,쿠벌러,kubeolreo
kubala,라슬로,raseulro
śmigłyrydz,리츠시미그위,riceusimigeuwi
egon,에곤,egon
petri,페트리,peteuri
bródka,브루트카,beuruteuka
layvin,레뱅,rebaeng
kurzawa,퀴르자와,kwireujawa
sierpiński,시에르핀스키,siereupinseuki
przemysław,프셰미스와프,peusyemiseuwapeu
tytoń,티톤,titon
roger,호제르,hojereu
guerreiro,게헤이루,geheiru
chyra,히라,hira
grabowski,그라보프스키,geurabopeuseuki
pyciakpeciak,피치아크페치아크,piciakeupeciakeu
wyspiański,비스피안스키,biseupianseuki
brożek,브로제크,beurojekeu
wroński,브론스키,beuronseuki
szeryng,셰링,syering
seweryn,세베린,seberin
korzeniowski,코제니오프스키,kojeniopeuseuki
żurawski,주라프스키,jurapeuseuki
nowak,노바크,nobakeu
mościcki,모시치츠키,mosiciceuki
pawłowski,파브워프스키,pabeuweopeuseuki
mostowski,모스토프스키,moseutopeuseuki
wasilewski,바실레프스키,basilrepeuseuki
wolszczan,볼시찬,bolsican
sapkowski,삽코프스키,sabkopeuseuki
kukuczka,쿠쿠츠카,kukuceuka
gierek,기에레크,gierekeu
sekuła,세쿠와,sekuwa
małcużyński,마우추진스키,maucujinseuki
dudka,두트카,duteuka
lubański,루반스키,rubanseuki
bosacki,보사츠키,bosaceuki
żuławski,주와프스키,juwapeuseuki
jurkiewicz,유르키에비치,yureukiebici
pilecki,필레츠키,pilreceuki
matuszczyk,마투슈치크,matusyucikeu
murawski,무라프스키,murapeuseuki
bąk,봉크,bongkeu
solomon,솔로몬,solromon
asch,애쉬,aeswi
kania,카니아,kania
abel,아벨,abel
struss,스트러스,seuteureoseu
żebrowski,제브로프스키,jebeuropeuseuki
hurewicz,후레비치,hurebici
kulig,쿨리크,kulrikeu
grosicki,그로시츠키,geurosiceuki
barbara,바르바라,bareubara
grabowska,그라보프스카,geurabopeuseuka
mikołajczyk,미코와이치크,mikowaicikeu
sandomierski,산도미에르스키,sandomiereuseuki
olaf,올라프,olrapeu
lubaszenko,루바젠코,rubajenko
kristof,크리스토프,keuriseutopeu
konrad,콘래드,konraedeu
maurycy,모리츠,moriceu
moszkowski,모슈코프스키,mosyukopeuseuki
berenika,베레니카,berenika
tomsia,톰시아,tomsia
dydek,디데크,didekeu
ślebodziński,실레보진스키,silrebojinseuki
mączyński,몽친스키,mongcinseuki
iwanicki,이바니츠키,ibaniceuki
gintrowski,긴트로스키,ginteuroseuki
różewicz,루제비치,rujebici
jędrzejczyk,옝제이치크,yengjeicikeu
kryszałowicz,크리샤워비치,keurisyaweobici
marta,마르타,mareuta
żmuda,주무다,jumuda
trzebiatowska,트셰비아토프스카,teusyebiatopeuseuka
rita,리타,rita
karin,카린,karin
legień,레기엔,regien
sieroszewski,시에로셰프스키,sierosyepeuseuki
adamowicz,아다모비치,adamobici
teodorczyk,테오도르치크,teodoreucikeu
andrzejewski,안제예프스키,anjeyepeuseuki
deyna,데이나,deina
frąckowiak,프라츠코비아크,peuraceukobiakeu
fajdek,파이데크,paidekeu
wojtkowiak,보이트코비아크,boiteukobiakeu
niecisław,니에치스와프,nieciseuwapeu
baudouin,보두앵,boduaeng
de,드,deu
courtenay,쿠르트네,kureuteune
wojnicz,보이니치,boinici
angelika,안겔리카,angelrika
jakubowska,야쿠보프스카,yakubopeuseuka
iwona,이보나,ibona
bielska,비엘스카,bielseuka
rybus,리부스,ribuseu
salamon,살라몬,salramon
jagaciak,야가치아크,yagaciakeu
garguła,가르구와,gareuguwa
urszula,우르슐라,ureusyulra
ferency,페렌치,perenci
sadowska,사도프스카,sadopeuseuka
trela,트렐라,teurelra
czcheidze,치헤이제,ciheije
wagner,바그네르,bageunereu
świątek,시비옹테크,sibiongtekeu
gabriela,가브리엘라,gabeurielra
muskała,무스카와,museukawa
ada,아다,ada
fijał,피야우,piyau
krukówna,크루쿠브나,keurukubeuna
roma,로마,roma
gąsiorowska,공시오로프스카,gongsioropeuseuka
nehrebecka,네흐레베츠카,neheurebeceuka
weronika,베로니카,beronika
rosati,로사티,rosati
tracz,트라치,teuraci
mucha,무하,muha
elżbieta,엘주비에타,eljubieta
witek,비테크,bitekeu
chanas,하나스,hanaseu
bosak,보사크,bosakeu
flinta,플린타,peulrinta
dereszowska,데레쇼프스카,deresyopeuseuka
aneta,아네타,aneta
szczepańska,슈체판스카,syucepanseuka
bilski,빌스키,bilseuki
ilona,일로나,ilrona
ostrowska,오스트로프스카,oseuteuropeuseuka
stokowiec,스토코비에크,seutokobiekeu
fafiński,파핀스키,papinseuki
beata,베아타,beata
szydło,시드워,sideuweo
lyda,리다,rida
roberti,로버티,robeoti
michniewicz,미흐니에비치,miheuniebici
liszowska,리쇼프스카,risyopeuseuka
walach,발라흐,balraheu
karolak,카롤라크,karolrakeu
tomala,토말라,tomalra
bendkowski,벤트코프스키,benteukopeuseuki
wiktor,빅토르,bigtoreu
zborowski,즈보로브스키,jeuborobeuseuki
kamińska,카민스카,kaminseuka
green,그린,geurin
sapryk,사프리크,sapeurikeu
galla,갈라,galra
buczkowska,부치코프스카,bucikopeuseuka
gosiewska,고시에프스카,gosiepeuseuka
linetty,리네티,rineti
popowska,포포프스카,popopeuseuka
kidawabłońska,키다바브원스카,kidababeuweonseuka
skorupski,스코룹스키,seukorubseuki
majchrzak,마이흐샤크,maiheusyakeu
maliszewska,말리셰프스카,malrisyepeuseuka
mandat,만다트,mandateu
strzałkowski,스트샤우코프스키,seuteusyaukopeuseuki
reizl,라이즐,raijeul
bozyk,보직,bojig
duda,두다,duda
konieczna,코니에치나,koniecina
honorata,호노라타,honorata
skarbek,스카르베크,seukareubekeu
garbocz,가르보치,gareuboci
kluźniak,클루지니아크,keulrujiniakeu
ogrodnik,오그로드니크,ogeurodeunikeu
jonak,요나크,yonakeu
trzaskowski,트샤스코프스키,teusyaseukopeuseuki
słobodzianek,스와보지아네크,seuwabojianekeu
petru,페트루,peteuru
terlecki,털레키,teolreki
hołownia,호워브니아,howeobeunia
sonia,소니아,sonia
bohosiewicz,보호시에비치,bohosiebici
narębski,나렘프스키,narempeuseuki
nowicki,노비츠키,nobiceuki
czarzasty,차자스티,cajaseuti
rau,라우,rau
filip,필리프,pilripeu
starzyński,스타진스키,seutajinseuki
borys,보리스,boriseu
budka,부드카,budeuka
mirosław,미로스와프,miroseuwapeu
złotkowski,즈워트코프스키,jeuweoteukopeuseuki
izabela,이자벨라,ijabelra
kuna,쿠나,kuna
braciak,브라치아크,beuraciakeu
komasa,코마사,komasa
jowita,요비타,yobita
budnik,부드니크,budeunikeu
kropidłowski,크로피드워프스키,keuropideuweopeuseuki
marika,마리카,marika
dorociński,도로친스키,dorocinseuki
hirsch,히르슈,hireusyu
malwina,말비나,malbina
kopron,코프론,kopeuron
morawiecki,모라비에츠키,morabieceuki
mela,멜라,melra
koteluk,코텔루크,kotelrukeu
kuszyńska,쿠신스카,kusinseuka
dawidowicz,다비도비츠,dabidobiceu
kapustka,카푸스트카,kapuseuteuka
trzebuchowska,트셰부호프스카,teusyebuhopeuseuka
kasztelan,카슈텔란,kasyutelran
cleo,클레오,keulreo
margaret,마거릿,mageoris
kownacki,코브나츠키,kobeunaceuki
kari,카리,kari
amirian,아미리안,amirian
sikora,시코라,sikora
wieteska,비에테스카,bieteseuka
kiedrzynek,키에지네크,kiejinekeu
pajor,파요르,payoreu
żal,잘,jal
oktawia,옥타비아,ogtabia
nowacka,노바츠카,nobaceuka
bartłomiej,바르트워미에이,bareuteuweomiei
drągowski,드롱고프스키,deuronggopeuseuki
charamsa,하람사,haramsa
zofia,조피아,jopia
wichłacz,비흐와치,biheuwaci
ogórek,오구레크,ogurekeu
bielik,비엘리크,bielrikeu
kijowska,키요프스카,kiyopeuseuka
michalina,미할리나,mihalrina
olszańska,올샨스카,olsyanseuka
damian,다미안,damian
szymański,시만스키,simanseuki
góralski,구랄스키,guralseuki
zawada,자바다,jabada
nykiel,니키엘,nikiel
zandberg,잔드베르크,jandeubereukeu
świderski,시비데르스키,sibidereuseuki
babatunde,다바,daba
aiyegbusi,케이토,keito
piątek,피옹테크,piongtekeu
lubnauer,루브나우에르,rubeunauereu
gumny,굼니,gumni
iga,이가,iga
żurkowski,주르코프스키,jureukopeuseuki
wieniawa,비에니아바,bieniaba
kryscina,크리스치나,keuriseucina
cimanouska,치마노우스카야,cimanouseukaya
grabara,그라바라,geurabara
bułka,부우카,buuka
kiwior,키비오르,kibioreu
nicola,니콜라,nikolra
zalewski,잘레프스키,jalrepeuseuki
sanah,사나,sana
piątkowski,피옹트코프스키,piongteukopeuseuki
gabriel,가브리엘,gabeuriel
slonina,슬로니나,seulronina
annamaria,안나마리아,annamaria
sieklucka,시에클루츠카,siekeulruceuka
blanka,블란카,beulranka
stajkow,스타이코프,seutaikopeu
polska,폴란드,polrandeu
świętochłowice,시비엥토흐워비체,sibiengtoheuweobice
poznań,포즈난,pojeunan
oświęcim,오시비엥침,osibiengcim
iława,이와바,iwaba
toruń,토룬,torun
głogów,그워구프,geuweogupeu
warszawa,바르샤바,bareusyaba
gdynia,그디니아,geudinia
gniezno,그니에즈노,geuniejeuno
babsk,밥스크,babseukeu
szczecin,슈체친,syucecin
śląsk,실레시아,silresia
małopolska,마워폴스카,maweopolseuka
tychy,티히,tihi
łódź,우치,uci
katowice,카토비체,katobice
rzeszów,제슈프,jesyupeu
gmina,그미나,geumina
białystok,비아위스토크,biawiseutokeu
konin,코닌,konin
ełk,에우크,eukeu
wronki,브론키,beuronki
leszno,레슈노,resyuno
karpaty,카르파티아산맥,kareupatiasanmaeg
koszalin,코샬린,kosyalrin
gdańsk,그단스크,geudanseukeu
wrocław,브로츠와프,beuroceuwapeu
tarnobrzeg,타르노브제크,tareunobeujekeu
olsztyn,올슈틴,olsyutin
końskowola,코인스코볼라,koinseukobolra
kraków,크라쿠프,keurakupeu
wolin,볼린,bolrin
sopot,소포트,sopoteu
opole,오폴레,opolre
łęczna,웽치나,wengcina
świdnica,시비드니차,sibideunica
uznam,우제돔섬,ujedomseom
skierniewice,스키에르니에비체,seukiereuniebice
sanok,사노크,sanokeu
chrzanów,흐샤누프,heusyanupeu
kurów,쿠루프,kurupeu
słubice,스우비체,seuubice
łużyce,루사티아,rusatia
kutno,쿠트노,kuteuno
łuków,우쿠프,ukupeu
lublin,루블린,rubeulrin
polonez,폴로네즈,polronejeu
bydgoszcz,비드고슈치,bideugosyuci
świnoujście,시비노우이시치에,sibinouisicie
ziębice,지엥비체,jiengbice
police,폴리체,polrice
przemyśl,프셰미실,peusyemisil
polesie,폴레시아,polresia
wieluń,비엘룬,bielrun
chorzów,호주프,hojupeu
zabrze,자브제,jabeuje
pomorze,포메라니아,pomerania
babia,바비아,babia
góra,구라,gura
kielce,키엘체,kielce
bytom,비톰,bitom
sokolnictwo,매사냥,maesanyang
częstochowa,쳉스토호바,cengseutohoba
wielkopolska,비엘코폴스카,bielkopolseuka
elbląg,엘블롱크,elbeulrongkeu
radom,라돔,radom
sosnowiec,소스노비에츠,soseunobieceu
słupsk,스웁스크,seuubseukeu
płock,프워츠크,peuweoceukeu
żabno,자브노,jabeuno
gliwice,글리비체,geulribice
beskidy,베스키디산맥,beseukidisanmaeg
łomża,웜자,weomja
brzeg,브제크,beujekeu
wadowice,바도비체,badobice
karkonosze,크르코노셰산맥,keureukonosyesanmaeg
trasa,유럽,yureob
europejska,고속도로,gosogdoro
stargard,스타르가르트,seutareugareuteu
legnica,레그니차,regeunica
znicz,즈니치,jeunici
pruszków,프루슈쿠프,peurusyukupeu
tarnów,타르누프,tareunupeu
żory,조리,jori
bielskobiała,비엘스코비아와,bielseukobiawa
włocławek,브워츠와베크,beuweoceuwabekeu
rybnik,리브니크,ribeunikeu
jastrzębiezdrój,야스트솅비에즈드루이,yaseuteusyengbiejeudeurui
kołobrzeg,코워브제크,koweobeujekeu
łowicz,워비치,weobici
żyrardów,지라르두프,jirareudupeu
stadion,스타디온,seutadion
śląski,경기장,gyeonggijang
wałbrzych,바우브지흐,baubeujiheu
chełm,헤움,heum
suwałki,수바우키,subauki
lubin,루빈,rubin
pustynia,브웬도프스카,beuwendopeuseuka
błędowska,사막,samag
szlak,호박의,hobagyi
bursztynowy,길,gil
widzew,비제프,bijepeu
grudziądz,그루지옹츠,geurujiongceu
wojska,폴란드,polrandeu
lądowe,육군,yuggun
telewizja,폴란드,polrandeu
złotów,즈워투프,jeuweotupeu
sochaczew,소하체프,sohacepeu
futuryzm,미래주의,miraejuyi
kędzierzynkoźle,켕지에진코질레,kengjiejinkojilre
karpacz,카르파츠,kareupaceu
buskozdrój,부스코즈드루이,buseukojeudeurui
piła,피와,piwa
górnik,구르니크,gureunikeu
wisła,비스와,biseuwa
krynicazdrój,크리니차즈드루이,keurinicajeudeurui
oleśnica,올레시니차,olresinica
w,유로비전,yurobijeon
konkursie,송,song
piosenki,콘테스트,konteseuteu
eurowizji,참가,camga
ostrołęka,오스트로웽카,oseuteurowengka
będzin,벵진,bengjin
polonia,폴로니아,polronia
czechowicedziedzice,체호비체지에지체,cehobicejiejice
zagłębie,자그웽비에,jageuwengbie
augustów,아우구스투프,auguseutupeu
płońsk,프원스크,peuweonseukeu
uniwersytet,바르샤바,bareusyaba
warszawski,대학교,daehaggyo
wieliczka,비엘리치카,bielricika
zakopane,자코파네,jakopane
knurów,크누루프,keunurupeu
tczew,트체프,teucepeu
zamość,자모시치,jamosici
malbork,말보르크,malboreukeu
polsat,폴자츠,poljaceu
zgorzelec,즈고젤레츠,jeugojelreceu
hymn,폴란드의,polrandeuyi
polski,폴란드,polrandeu
nizina,북유럽,bugyureob
środkowoeuropejska,평원,pyeongweon
katastrofa,슈체코치니,syucekocini
kolejowa,열차,yeolca
pod,충돌,cungdol
szczekocinami,사고,sago
międzyzdroje,미엥지즈드로예,miengjijeudeuroye
zawiercie,자비에르치에,jabiereucie
lubsko,룹스코,rubseuko
lębork,렝보르크,rengboreukeu
kłodzko,크워츠코,keuweoceuko
armia,폴란드,polrandeu
krajowa,국내군,gugnaegun
sudety,수데티산맥,sudetisanmaeg
raków,라쿠프,rakupeu
ruch,루흐,ruheu
park,무스카우,museukau
mużakowski,공원,gongweon
puck,푸츠크,puceukeu
bolesławiec,볼레스와비에츠,bolreseuwabieceu
korytarz,폴란드,polrandeu
platforma,시민,simin
obywatelska,연단,yeondan
szczekociny,슈체코치니,syucekocini
westerplatte,전투,jeontu
bełchatów,베우하투프,beuhatupeu
jaworzno,야보주노,yabojuno
żagań,자간,jagan
radomsko,라돔스코,radomseuko
wrocławski,대학교,daehaggyo
obrona,베스테르플라테,beseutereupeulrate
kętrzyn,켕트신,kengteusin
siedlce,시에들체,siedeulce
order,폴란드,polrandeu
odrodzenia,재건국,jaegeongug
mysłowice,미스워비체,miseuweobice
ustka,우스트카,useuteuka
cieszyn,치에신,ciesin
dzień,철도의,ceoldoyi
kolejarza,날,nal
chełmno,헤움노,heumno
limanowa,리마노바,rimanoba
kłobuck,크워부츠크,keuweobuceukeu
brzeziny,브셰지니,beusyejini
łęczyca,웽치차,wengcica
rusyfikacja,러시아화,reosiahwa
słupca,스우프차,seuupeuca
kwidzyn,크비진,keubijin
kępno,켕프노,kengpeuno
mazowsze,마조프셰,majopeusye
zawisza,자비샤,jabisya
łańcut,완추트,wancuteu
godło,폴란드의,polrandeuyi
gdańsku,그단스크,geudanseukeu
polskoniemiecki,독일폴란드,dogilpolrandeu
traktat,국경,guggyeong
graniczny,조약,joyag
szklarska,슈클라르스카,syukeulrareuseuka
poręba,포렝바,porengba
lechia,레히아,rehia
akademia,과학,gwahag
nauk,아카데미,akademi
jagielloński,대학교,daehaggyo
nauczyciela,날,nal
jagiellonia,야기엘로니아,yagielronia
żywiec,지비에츠,jibieceu
puszcza,비아워비에자,biaweobieja
białowieska,숲,sup
tatry,타트리산맥,tateurisanmaeg
legia,레기아,regia
chojnice,호이니체,hoinice
inowrocław,이노브로츠와프,inobeuroceuwapeu
polityka,폴란드의,polrandeuyi
zagraniczna,대외,daeoe
gryfici,그리프가,geuripeuga
łobez,워베스,weobeseu
okrągły,폴란드,polrandeu
stół,원탁회의,weontaghoeyi
mielec,미엘레츠,mielreceu
ciechanów,치에하누프,ciehanupeu
sieradz,시에라츠,sieraceu
mrągowo,므롱고보,meuronggobo
wołomin,보워민,boweomin
mława,므와바,meuwaba
alwernia,알베르니아,albereunia
bochnia,보흐니아,boheunia
oblężenie,브레슬라우,beureseulrau
wrocławia,전투,jeontu
nysa,니사,nisa
bitwa,바르샤바,bareusyaba
warszawska,전투,jeontu
krosno,크로스노,keuroseuno
sejny,세이니,seini
arka,아르카,areuka
chojnic,전투,jeontu
kuchnia,폴란드,polrandeu
wałcz,바우치,bauci
piast,피아스트,piaseuteu
lubliniec,루블리니에츠,rubeulrinieceu
podbeskidzie,포드베스키지에,podeubeseukijie
pogoń,포곤,pogon
łańcuch,알프스히말라야,alpeuseuhimalraya
alpejskohimalajski,조산대,josandae
virtuti,밀리타이,milritai
militari,훈장,hunjang
giżycko,기지츠코,gijiceuko
jasło,야스워,yaseuweo
hel,헬,hel
szczecinek,슈체치네크,syucecinekeu
rogoźno,로고지노,rogojino
drewniane,남부,nambu
kościoły,리틀폴란드의,riteulpolrandeuyi
południowej,목조,mogjo
małopolski,교회,gyohoe
gorlice,고를리체,goreulrice
padniewko,파드니에브코,padeuniebeuko
biblioteka,폴란드,polrandeu
narodowa,국립도서관,gugribdoseogwan
opoczno,오포치노,opocino
dolny,돌니,dolni
chojna,호이나,hoina
literatura,폴란드,polrandeu
dzierżoniów,지에르조니우프,jiereujoniupeu
krzywy,크시비,keusibi
domek,도메크,domekeu
szczawnica,슈차브니차,syucabeunica
ustroń,우스트론,useuteuron
operacja,타넨베르크,tanenbereukeu
tannenberg,작전,jagjeon
trzebnica,트셰브니차,teusyebeunica
rabkazdrój,라브카즈드루이,rabeukajeudeurui
gospodarka,폴란드의,polrandeuyi
karaimi,카라임족,karaimjog
narodowe,국민부활을,gugminbuhwaleul
odrodzenie,위한,wihan
polskie,폴란드,polrandeu
radio,라디오,radio
motor,모토르,motoreu
prusy,프로이센,peuroisen
korona,코로나,korona
oberek,오페레크,operekeu
redzikowo,레드지코보,redeujikobo
suwerenna,통합,tonghab
wiadomości,비아도모시치,biadomosici
marki,마르키,mareuki
socjaldemokracja,폴란드,polrandeu
rzeczypospolitej,공화국,gonghwagug
polskiej,사회민주당,sahoeminjudang
lubinie,루빈,rubin
muszyna,무쉬나,muswina
port,바르샤바,bareusyaba
lotniczy,모들린,modeulrin
warszawamodlin,공항,gonghang
herb,바르샤바의,bareusyabayi
warszawy,문장,munjang
brukbet,브루크베트,beurukeubeteu
termalica,테르말리차,tereumalrica
nieciecza,니에치에차,niecieca
oliwa,올리바,olriba
zwoleń,즈볼렌,jeubolren
stocznia,그단스크,geudanseukeu
gdańska,조선소,joseonso
piwnicznazdrój,피브니츠나즈드루이,pibeuniceunajeudeurui
bielany,비엘라니,bielrani
wrocławskie,브로츠와프스키에,beuroceuwapeuseukie
wielka,비엘카,bielka
bochotnica,보호트니차,bohoteunica
biskupice,비스쿠피체,biseukupice
podgórne,포드구르네,podeugureune
komitet,올림픽,olrimpig
olimpijski,위원회,wiweonhoe
baumkuchen,바움쿠헨,baumkuhen
południk,바르샤바,bareusyaba
graniczna,전투,jeontu
bieglów,비글로,bigeulro
garin,아리네라,arinera
obóz,위대한,widaehan
wielkiej,폴란드,polrandeu
afera,오케치에,okecie
na,공항,gonghang
okęciu,사건,sageon
stosunki,영국폴란드,yeonggugpolrandeu
polskobrytyjskie,관계,gwangye
polskorumuńskie,관계,gwangye
polskoukraińskie,관계,gwangye
piotrowice,피어트로우비츠,pieoteuroubiceu
trojany,트로야니,teuroyani
twój,너의,neoyi
rosół,로수,rosu
nowoczesna,현대당,hyeondaedang
lewica,레비차,rebica
razem,라젬,rajem
przesmyk,수바우키,subauki
suwalski,간격,gangyeog
michalski,미할스키,mihalseuki
porozumienie,동맹당,dongmaengdang
centralny,중앙,jungang
komunikacyjny,공항,gonghang
polskokenijskie,관계,gwangye
extinction,멸종에의,myeoljongeyi
rebellion,반란,banran
polskopołudniowokoreańskie,관계,gwangye
wiosna,비오스나,bioseuna
fleischer,플라이셔,peulraisyeo
fronczewski,프론체프스키,peuroncepeuseuki
krakowska,크라코프스카,keurakopeuseuka
parys,파리스,pariseu
chojnacka,호이나츠카,hoinaceuka
wierzbicka,비에주비츠카,biejubiceuka
englert,엔글레르트,engeulrereuteu
bigus,비구스,biguseu
jankowski,얀코프스키,yankopeuseuki
macharski,마하르스키,mahareuseuki
polaczek,폴라체크,polracekeu
maksymilian,막시밀리안,magsimilrian
więcek,비엥체크,biengcekeu
feldman,펠드만,peldeuman
arłukowicz,아르우코비치,areuukobici
brugger,브루거,beurugeo
janina,야니나,yanina
ochojska,오호이스카,ohoiseuka
albert,알베르트,albereuteu
battel,바텔,batel
mroczkiewicz,므로치키에비치,meurocikiebici
bernard,베르나르트,bereunareuteu
chrzanowski,흐샤노프스키,heusyanopeuseuki
majka,마이카,maika
jeżowska,예조프스카,yejopeuseuka
jagna,야그나,yageuna
marczułajtiswalczak,마르추와이티스,mareucuwaitiseu
paulina,파울리나,paulrina
ligocka,리고츠카,rigoceuka
rynkowski,린코프스키,rinkopeuseuki
santor,산토르,santoreu
błazinski,블라친스키,beulracinseuki
balcerowicz,발체로비치,balcerobici
hebda,헤브다,hebeuda
twardowski,트바르도프스키,teubareudopeuseuki
woronin,보로닌,boronin
szurkowski,슈르코프스키,syureukopeuseuki
harry,해리,haeri
warner,워너,weoneo
janowicz,야노비치,yanobici
sypytkowski,시피트코프스키,sipiteukopeuseuki
giertych,기에르티흐,giereutiheu
weissbergcybulski,바이스베르크치불스키,baiseubereukeucibulseuki
wojtek,보이테크,boitekeu
mann,맨,maen
szpilka,슈필카,syupilka
nycz,니치,nici
konopko,코놉코,konobko
sipińska,시핀스카,sipinseuka
magnuski,마그누스키,mageunuseuki
ludwik,루드비크,rudeubikeu
mierosławski,미에로스와프스키,mieroseuwapeuseuki
kucharzewski,쿠하제프스키,kuhajepeuseuki
rzewuski,제부스키,jebuseuki
hanuszkiewicz,하누슈키에비치,hanusyukiebici
śląska,실롱스카,silrongseuka
karczewski,카르체프스키,kareucepeuseuki
huzarski,후자르스키,hujareuseuki
kryszak,크리샤크,keurisyakeu
gulbinowicz,굴비노비치,gulbinobici
cuch,추흐,cuheu
baszczyński,바슈친스키,basyucinseuki
ślusarski,실루사르스키,silrusareuseuki
wiłkomirski,비우코미르스키,biukomireuseuki
rakoczy,라코치,rakoci
kornel,코르넬,koreunel
filipowicz,필리포비치,pilripobici
wójcik,부이치크,buicikeu
antoni,안토니,antoni
chruściel,흐루시치엘,heurusiciel
cejrowski,체이로프스키,ceiropeuseuki
iwaszkiewicz,이바슈키에비치,ibasyukiebici
sławoj,스와보이,seuwaboi
głódź,구치,guci
boromeusz,보로메우시,boromeusi
hoffman,호프만,hopeuman
wincenty,빈첸티,bincenti
gocłowski,고츠워프스키,goceuweopeuseuki
rakowski,라코프스키,rakopeuseuki
badora,바도라,badora
dziwisz,지비츠,jibiceu
lampe,람페,rampe
konstanty,콘스탄티,konseutanti
czartoryski,차르토리스키,careutoriseuki
kołakowski,코와코프스키,kowakopeuseuki
ziobro,지오브로,jiobeuro
pilipiuk,필리피우크,pilripiukeu
bogdan,보그단,bogeudan
borusewicz,보루세비치,borusebici
araszkiewicz,아라슈키에비치,arasyukiebici
cezary,체자리,cejari
zamana,자마나,jamana
korycki,코리츠키,koriceuki
paterski,파테르스키,patereuseuki
michnik,미흐니크,miheunikeu
leśmian,레시미안,resimian
woytowicz,보이토비치,boitobici
dygant,디간트,diganteu
szczerba,슈체르바,syucereuba
fyrstenberg,피르스텐베르크,pireuseutenbereukeu
peradze,페라제,peraje
barańczak,바란차크,barancakeu
wandzik,반지크,banjikeu
kryger,크리게르,keurigereu
hemar,헤마르,hemareu
witkowski,비트코프스키,biteukopeuseuki
modzelewski,모젤레프스키,mojelrepeuseuki
jaremski,야렘스키,yaremseuki
karkowski,카르코프스키,kareukopeuseuki
trzeciak,트셰치아크,teusyeciakeu
slowinski,슬로윈스키,seulrowinseuki
małkowski,마우코프스키,maukopeuseuki
namysłowski,나미스워프스키,namiseuweopeuseuki
winawer,비나베르,binabereu
benedykt,베네딕트,benedigteu
dybowski,디보프스키,dibopeuseuki
ściborrylski,시치보르릴스키,siciboreurilseuki
goliński,골린스키,golrinseuki
siudek,시우데크,siudekeu
joachim,요아힘,yoahim
brudziński,브루진스키,beurujinseuki
mrowiec,므로비에츠,meurobieceu
kotorowski,코토로프스키,kotoropeuseuki
michałowski,미하워프스키,mihaweopeuseuki
zakrzewski,작셰프스키,jagsyepeuseuki
ziober,지오베르,jiobereu
julian,율리안,yulrian
tuwim,투빔,tubim
maklakiewicz,마클라키에비치,makeulrakiebici
krzyszkowiak,크시슈코비아크,keusisyukobiakeu
możdżer,모주제르,mojujereu
żebrowska,제브로프스카,jebeuropeuseuka
huelle,후엘레,huelre
bartoszewski,바르토셰프스키,bareutosyepeuseuki
światło,시비아트워,sibiateuweo
ławrynowicz,라우리노비치,raurinobici
allan,알란,alran
starski,스타르스키,seutareuseuki
macierewicz,마치에레비치,macierebici
nosowska,노소프스카,nosopeuseuka
brodecki,브로데츠키,beurodeceuki
makarczyk,마카르치크,makareucikeu
czapski,찹스키,cabseuki
hilary,힐러리,hilreori
koprowski,코프로프스키,kopeuropeuseuki
szymanowski,시마노프스키,simanopeuseuki
zenon,제논,jenon
jaskuła,야스쿠와,yaseukuwa
grocholewski,그로홀레프스키,geuroholrepeuseuki
rylik,릴리크,rilrikeu
wojtaszek,보이타셰크,boitasyekeu
nazım,나짐,najim
gołębiewski,고웽비에프스키,gowengbiepeuseuki
jarzębowski,야젱보프스키,yajengbopeuseuki
zubel,주벨,jubel
melcerszczawiński,멜체르슈차빈스키,melcereusyucabinseuki
kliszko,클리슈코,keulrisyuko
pomaska,포마스카,pomaseuka
moe,모,mo
drabowsky,드러바우스키,deureobauseuki
hanka,한카,hanka
bielicka,비엘리츠카,bielriceuka
eugeniusz,에우게니우시,eugeniusi
algirdas,알기르다스,algireudaseu
paleckis,팔레츠키스,palreceukiseu
orkan,오르칸,oreukan
przysiężny,프시시엥주니,peusisiengjuni
arctowski,아르츠토프스키,areuceutopeuseuki
nitras,니트라스,niteuraseu
okoński,오콘스키,okonseuki
piotrowski,피오트로프스키,pioteuropeuseuki
stattler,스타틀레르,seutateulrereu
jurgiel,유르기엘,yureugiel
łukacijewska,우카치예프스카,ukaciyepeuseuka
edelman,에델만,edelman
zabłocki,자브워츠키,jabeuweoceuki
skrzydlewska,스크시들레프스카,seukeusideulrepeuseuka
dorota,도로타,dorota
nałkowska,나우코프스카,naukopeuseuka
kossakszczucka,코사크슈추츠카,kosakeusyucuceuka
joseph,조지프,jojipeu
pierzchała,피에슈하와,piesyuhawa
radziszewska,라지셰프스카,rajisyepeuseuka
antoniak,안토니아크,antoniakeu
szatkowska,샤트코프스카,syateukopeuseuka
bielczyk,비엘치크,bielcikeu
buncol,분촐,buncol
pomykała,포미카와,pomikawa
kowalczyktekieli,코발치크,kobalcikeu
cyrankiewicz,치란키에비치,cirankiebici
george,조지,joji
adamski,아담스키,adamseuki
eugenia,에우게니아,eugenia
umińska,우민스카,uminseuka
filipkiewicz,필립키에비치,pilribkiebici
langerkałek,란게르카웨크,rangereukawekeu
sobota,소보타,sobota
sandra,산드라,sandeura
zaniewska,자니에프스카,janiepeuseuka
kuba,쿠바,kuba
wojewódzki,보예부츠키,boyebuceuki
jarosława,야로스와바,yaroseuwaba
jóźwiakowska,유지비아코프스카,yujibiakopeuseuka
rogowska,로고프스카,rogopeuseuka
domachowska,도마호프스카,domahopeuseuka
owsiak,오프시아크,opeusiakeu
wojaczek,보야체크,boyacekeu
jabłczyńska,야부친스카,yabucinseuka
maculewicz,마출레비치,maculrebici
wierzchowski,비에슈호프스키,biesyuhopeuseuki
wasiewicz,바시에비치,basiebici
krzesińska,크셰신스카,keusyesinseuka
kazik,카지크,kajikeu
staszewski,스타셰프스키,seutasyepeuseuki
walentynowicz,발렌티노비치,balrentinobici
klaudia,클라우디아,keulraudia
jansignacik,얀스이그나치크,yanseuigeunacikeu
dąbrowska,동브로프스카,dongbeuropeuseuka
leonard,레오나르트,reonareuteu
buczkowski,부치코프스키,bucikopeuseuki
michalczewski,미할체프스키,mihalcepeuseuki
hanusik,하누시크,hanusikeu
rasiak,라시아크,rasiakeu
kurylewicz,쿠릴레비치,kurilrebici
grodzka,그로츠카,geuroceuka
szozda,쇼즈다,syojeuda
stablinski,스타블랭스키,seutabeulraengseuki
krauze,크라우제,keurauje
mytnik,미트니크,miteunikeu
poświatowska,포시비아토프스카,posibiatopeuseuka
kaja,카야,kaya
paschalska,파스할스카,paseuhalseuka
ostrowskakrólikowska,오스트로프스카크룰리코프스카,oseuteuropeuseukakeurulrikopeuseuka
teofil,테오필,teopil
buczek,부체크,bucekeu
ponitka,포니트카,poniteuka
korowicka,코로비츠카,korobiceuka
pankowski,판코프스키,pankopeuseuki
reyman,레이만,reiman
ćwiek,치비에크,cibiekeu
młynarski,밀스키스키,milseukiseuki
siemoniak,시에모니아크,siemoniakeu
wiesław,비에스와프,bieseuwapeu
maniak,마니아크,maniakeu
jakubiak,야쿠비아크,yakubiakeu
wszoła,프쇼와,peusyowa
korczyńska,코르친스카,koreucinseuka
manuela,마누엘라,manuelra
gretkowska,그레트코프스카,geureteukopeuseuka
wiłkomirska,비우코미르스카,biukomireuseuka
lipska,립스카,ribseuka
szymanowska,시마노프스카,simanopeuseuka
cichopek,치호페크,cihopekeu
kaczorowski,카초로프스키,kacoropeuseuki
kajdanowicz,카이다노비치,kaidanobici
kulenty,쿨렌티,kulrenti
kraszewski,크라셰프스키,keurasyepeuseuki
szmielew,슈미엘레프,syumielrepeu
kuczok,쿠초크,kucokeu
furtok,푸르토크,pureutokeu
czyżewska,치제프스카,cijepeuseuka
jaruganowacka,야루가노바츠카,yaruganobaceuka
halupczok,할루프초크,halrupeucokeu
teresa,테레사,teresa
piotrowska,피오트로프스카,pioteuropeuseuka
ciepły,치에프위,ciepeuwi
kozidrak,코지드라크,kojideurakeu
dukaj,두카이,dukai
uri,우리,uri
orlev,올레브,olrebeu
feliks,펠릭스,pelrigseu
dobrzyński,도브진스키,dobeujinseuki
jantar,얀타르,yantareu
wajsówna,바이스,baiseu
henryka,헨리카,henrika
krzywonos,크시보노스,keusibonoseu
kazimiera,카지미에라,kajimiera
iłłakowiczówna,이와코비추브나,iwakobicubeuna
niemen,니에멘,niemen
kolski,콜스키,kolseuki
konwicki,콘비츠키,konbiceuki
starewicz,스타레비치,seutarebici
zajdel,자이델,jaidel
spychalski,스피할스키,seupihalseuki
ordon,오르돈,oreudon
janion,야니온,yanion
bieńkowska,비엔코프스카,bienkopeuseuka
gronkiewiczwaltz,그론키에비치,geuronkiebici
brylska,브릴스카,beurilseuka
mielcarz,미엘카르츠,mielkareuceu
chwistek,흐비스테크,heubiseutekeu
tarasiewicz,타라시에비치,tarasiebici
seniukmałecka,세니우크,seniukeu
abraham,아브라함,abeuraham
trojanowska,트로야노프스카,teuroyanopeuseuka
kiepura,키에푸라,kiepura
rabsztyn,랍슈틴,rabsyutin
socha,소하,soha
paula,파울라,paulra
kaniachoduń,카니아호둔,kaniahodun
masłowska,마스워프스카,maseuweopeuseuka
środa,시로다,siroda
pieńkowski,피엔코프스키,pienkopeuseuki
frykowski,프리코프스키,peurikopeuseuki
mróz,므루스,meuruseu
passent,파센트,pasenteu
senyszyn,세니신,senisin
édouard,에두아르,eduareu
stako,스타코,seutako
laszczkowski,라슈치코프스키,rasyucikopeuseuki
maryla,마릴라,marilra
rodowicz,로도비치,rodobici
saleta,살레타,salreta
snoppek,스노페크,seunopekeu
marczyński,마르친스키,mareucinseuki
jonasz,요나시,yonasi
kofta,코프타,kopeuta
czochralski,초흐랄스키,coheuralseuki
szolem,숄렘,syolrem
mandelbrojt,만델브로이트,mandelbeuroiteu
antczak,안트차크,anteucakeu
izuagbe,이주,iju
ugonoh,우고노,ugono
osiecka,오시에츠카,osieceuka
żuraw,주라프,jurapeu
orzeł,오제우,ojeu
saramonowicz,사라모노비치,saramonobici
brzozowski,브조조프스키,beujojopeuseuki
baranowski,바라노프스키,baranopeuseuki
żakowski,자코프스키,jakopeuseuki
bołądź,보웡치,boweongci
kręglicka,크렝글리츠카,keurenggeulriceuka
żabiński,자빈스키,jabinseuki
geppert,게페르트,gepereuteu
chwin,흐빈,heubin
michal,미하우,mihau
martychowiec,마르티호비에츠,mareutihobieceu
chajdecki,하이데츠키,haideceuki
kossak,코사크,kosakeu
bursa,부르사,bureusa
anselmo,안세우무,anseumu
vendrechovski,벤드레초프스키,bendeurecopeuseuki
júnior,주니오르,junioreu
górecki,구레츠키,gureceuki
paradowska,파라도프스카,paradopeuseuka
farfał,파르파우,pareupau
kondratiuk,콘드라티우크,kondeuratiukeu
batorłukasiewicz,바토르,batoreu
lucjan,루찬,rucan
lis,리스,riseu
lelewel,렐레벨,relrebel
nowakowski,노바코프스키,nobakopeuseuki
brzechwa,브제흐바,beujeheuba
kozakiewicz,코자키에비치,kojakiebici
każyński,카진스키,kajinseuki
karłowicz,카르워비치,kareuweobici
rydzyk,리지크,rijikeu
frasyniuk,프라시니우크,peurasiniukeu
banaszak,바나샤크,banasyakeu
lenartowicz,레나르토비치,renareutobici
maksymiuk,막시미우크,magsimiukeu
alicja,알리차,alrica
majewska,마예프스카,mayepeuseuka
browicz,브로비치,beurobici
dembowski,뎀보프스키,dembopeuseuki
święcicki,슈비엥치츠키,syubiengciceuki
chwalba,흐발바,heubalba
jaroszewicz,야로셰비치,yarosyebici
nowicka,노비츠카,nobiceuka
tomczyk,톰치크,tomcikeu
szczygieł,슈치기에우,syucigieu
kilar,킬라르,kilrareu
jezierski,예지에르스키,yejiereuseuki
popowazydroń,포포바지드론,popobajideuron
turnau,투르나우,tureunau
juskowiak,유스코비아크,yuseukobiakeu
herkules,에르콜레,ereukolre
jędraszewski,옝드라셰프스키,yengdeurasyepeuseuki
wars,바르스,bareuseu
czechowicz,체호비치,cehobici
piaseczny,피아세치니,piasecini
majdan,마이단,maidan
stasiuk,스타시우크,seutasiukeu
ciechowski,치에호프스키,ciehopeuseuki
kmiecik,크미에치크,keumiecikeu
romuald,로무알트,romualteu
ziemiański,지에미안스키,jiemianseuki
łapicki,와피츠키,wapiceuki
wróblewski,브루블레프스키,beurubeulrepeuseuki
bloch,블로흐,beulroheu
wach,바흐,baheu
gajos,가조스,gajoseu
matuszkiewicz,마투슈키에비치,matusyukiebici
gliwa,글리바,geulriba
lipnicka,리프니츠카,ripeuniceuka
moszumańskanazar,모슈만스카나자르,mosyumanseukanajareu
mehoffer,메호페르,mehopereu
fałat,파와트,pawateu
szukalski,슈칼스키,syukalseuki
ulatowski,울라토프스키,ulratopeuseuki
zachwatowicz,자흐바토비치,jaheubatobici
wielopolski,비엘로폴스키,bielropolseuki
ludomir,루도미르,rudomireu
różycki,루지츠키,rujiceuki
błaszczak,브와슈차크,beuwasyucakeu
stanisławska,스타니스와프스카,seutaniseuwapeuseuka
eric,에릭,erig
piatkowski,파이엇카우스키,paieoskauseuki
jarocka,야로츠카,yaroceuka
skoczylas,스코칠라스,seukocilraseu
rolażymierski,롤라지미에르스키,rolrajimiereuseuki
stefania,스테파니아,seutepania
chruściński,흐루시친스키,heurusicinseuki
rydygier,리디기에르,ridigiereu
krynicki,크리니츠키,keuriniceuki
perkowski,페르코프스키,pereukopeuseuki
piotrkowicz,피오트르코비치,pioteureukobici
nahorny,나호르니,nahoreuni
myśliwski,미실리프스키,misilripeuseuki
nowinakonopka,노비나코놉카,nobinakonobka
bińczycki,빈치츠키,binciceuki
gosia,고시아,gosia
andrzejewicz,안제예비치,anjeyebici
korcz,코르치,koreuci
peczynski,페친스키,pecinseuki
wlastimil,블라스티밀,beulraseutimil
hofman,호프만,hopeuman
bodzek,보제크,bojekeu
zaucha,자우하,jauha
szewczyk,셰프치크,syepeucikeu
rajmund,라이문트,raimunteu
kanelba,카넬바,kanelba
rybicka,리비츠카,ribiceuka
xawery,크사베리,keusaberi
szlachetko,슐라헤트코,syulraheteuko
towiański,토비안스키,tobianseuki
skirmunt,스키르문트,seukireumunteu
grzybowski,그지보프스키,geujibopeuseuki
sarah,사라,sara
pitkowski,피트코프스키말코르,piteukopeuseukimalkoreu
lipowska,리포프스카,ripopeuseuka
barczyk,바르치크,bareucikeu
siudmak,시우드마크,siudeumakeu
kostrzewski,코스트셰프스키,koseuteusyepeuseuki
hańcza,한차,hanca
cywka,치프카,cipeuka
pomian,포미안,pomian
stanislas,스타니슬라스,seutaniseulraseu
golinski,골린스키,golrinseuki
marciniak,마르치니아크,mareuciniakeu
aurelia,아우렐리아,aurelria
trywiańska,트리비안스카,teuribianseuka
antonina,안토니나,antonina
kłoskowska,크워스코프스카,keuweoseukopeuseuka
lamparska,람파르스카,rampareuseuka
kobuszewski,코부셰프스키,kobusyepeuseuki
paczkowski,파치코프스키,pacikopeuseuki
rechnio,레흐니오,reheunio
kaniecki,카니에츠키,kanieceuki
wołłejko,보웨이코,boweiko
sapieha,사피에하,sapieha
machalica,마할리차,mahalrica
skrzynecka,스크시네츠카,seukeusineceuka
szczuka,슈추카,syucuka
krzeszowiec,크셰쇼비에츠,keusyesyobieceu
chutnik,후트니크,huteunikeu
isakowiczzaleski,이사코비치잘레스키,isakobicijalreseuki
pronaszko,프로나슈코,peuronasyuko
taborska,타보르스카,taboreuseuka
dmoch,드모흐,deumoheu
szwed,슈베트,syubeteu
patricia,파트리치아,pateuricia
kazadi,카자디,kajadi
magda,마그다,mageuda
umer,우메르,umereu
zamoyski,자모이스키,jamoiseuki
wirgiliusz,비르길리우시,bireugilriusi
gryń,그린,geurin
żejmo,제이모,jeimo
grzybowska,그지보프스카,geujibopeuseuka
ruciński,루신스키,rusinseuki
sztaudynger,슈타우딘게르,syutaudingereu
władysława,브와디스와바,beuwadiseuwaba
markiewiczówna,마르키에비추브나,mareukiebicubeuna
hessebukowska,헤세부코프스카,hesebukopeuseuka
kasprzykowski,카스프시코프스키,kaseupeusikopeuseuki
kowalik,코발리크,kobalrikeu
zuzanna,주잔나,jujanna
drzewiecki,제비에츠키,jebieceuki
ocias,오치아스,ociaseu
madej,마데이,madei
grochowiak,그로호비아크,geurohobiakeu
bogusz,보구시,bogusi
bilewski,빌레프스키,bilrepeuseuki
patrycja,파트리차,pateurica
sokołowski,소코워프스키,sokoweopeuseuki
telichowski,텔리호프스키,telrihopeuseuki
ania,아니,ani
marson,아마르슨,amareuseun
kosiński,코신스키,kosinseuki
wiktoria,빅토리아,bigtoria
gąsiewska,공시에프스카,gongsiepeuseuka
skowronek,스코브로네크,seukobeuronekeu
constantin,콘스탄틴,konseutantin
rozanoff,로자노프,rojanopeu
pietruski,피에트루스키,pieteuruseuki
pietrucha,피에트루하,pieteuruha
pieczyńska,피에친스카,piecinseuka
bzura,브주라,beujura
płotnicki,프워트니츠키,peuweoteuniceuki
marcelina,마르첼리나,mareucelrina
zawadzka,자바츠카,jabaceuka
celina,첼리나,celrina
sakowiczkostecka,사코비치코스테츠카,sakobicikoseuteceuka
lidia,리디아,ridia
kossakowska,코사코프스카,kosakopeuseuka
bartczak,바르트차크,bareuteucakeu
petelski,페텔스키,petelseuki
kacper,카츠페르,kaceupereu
piorun,피오룬,piorun
gwiazda,그비아즈다,geubiajeuda
kownacka,코브나츠카,kobeunaceuka
nawrocik,나브로치크,nabeurocikeu
grzędowicz,그젱도비치,geujengdobici
rudzki,루츠키,ruceuki
przybyszewska,프시비셰프스카,peusibisyepeuseuka
woźniacki,보즈니아키,bojeuniaki
kulka,쿨카,kulka
mroczkowski,므로치코프스키,meurocikopeuseuki
killion,킬리온,kilrion
munyama,무냐마,munyama
sawa,사바,saba
miśkiewicz,미시키에비치,misikiebici
podsiadło,포트시아드워,poteusiadeuweo
starostecka,스타로스테츠카,seutaroseuteceuka
śliwińska,실리빈스카,silribinseuka
szemplińskasobolewska,솀플린스카,syempeulrinseuka
lenczewski,렌체프스키,rencepeuseuki
kotlarska,코틀라르스카,koteulrareuseuka
mélèzemodrzejewski,멜레즈모제예프스키,melrejeumojeyepeuseuki
petelska,페텔스카,petelseuka
edmund,에드문트,edeumunteu
fetting,페틴크,petinkeu
fijewski,피예프스키,piyepeuseuki
karpielbułecka,카르피엘부웨츠카,kareupielbuweceuka
włodek,브워데크,beuweodekeu
dunin,두닌,dunin
chamiec,하미에츠,hamieceu
chałasiński,하와신스키,hawasinseuki
wąsowicz,봉소비치,bongsobici
surlit,수를리트,sureulriteu
kamocki,카모츠키,kamoceuki
dehnel,데흐넬,deheunel
scherfchen,셰르프헨,syereupeuhen
mrozowska,므로조프스카,meurojopeuseuka
grochola,그로홀라,geuroholra
tobiszowski,토비쇼프스키,tobisyopeuseuki
gustaw,구스타프,guseutapeu
lutkiewicz,루트키에비치,ruteukiebici
koniarek,코니아레크,koniarekeu
jungowska,윤고프스카,yungopeuseuka
dziędziel,지엥지엘,jiengjiel
alina,알리나,alrina
janowska,야노프스카,yanopeuseuka
piskorski,피스코르스키,piseukoreuseuki
jasińska,야신스카,yasinseuka
bogucki,보구츠키,boguceuki
sergiusz,세르기우시,sereugiusi
żymełka,지메우카,jimeuka
pieronek,피에로네크,pieronekeu
igor,이고르,igoreu
śmiałowski,스미알로프스키,seumialropeuseuki
izo,이소,iso
szajewicz,샤예비치,syayebici
iwo,이보,ibo
byczewski,비체프스키,bicepeuseuki
olsza,올샤,olsya
komuda,코무다,komuda
gajewski,가예프스키,gayepeuseuki
wasowski,바소프스키,basopeuseuki
piekara,피에카라,piekara
stolpa,스톨파,seutolpa
żółkowska,주코프스카,jukopeuseuka
gołas,고와스,gowaseu
herlinggrudziński,헤를링그루진스키,hereulringgeurujinseuki
okuniewska,톰시아,tomsia
kotulanka,코툴란카,kotulranka
rozalia,로잘리아,rojalria
mancewicz,만체비치,mancebici
wróblewska,브루블레프스카,beurubeulrepeuseuka
kolasiński,콜라신스키,kolrasinseuki
warchulska,바르훌스카,bareuhulseuka
kornhauser,코른하우세르,koreunhausereu
aldona,알도나,aldona
młyńczak,므윈차크,meuwincakeu
madejski,마데이스키,madeiseuki
rybkowski,립코프스키,ribkopeuseuki
dałkowska,달코프스카,dalkopeuseuka
szancer,샨체르,syancereu
stanisławski,스타니스와프스키,seutaniseuwapeuseuki
błoński,브원스키,beuweonseuki
hałas,하와스,hawaseu
pienkowska,피엔코프스카,pienkopeuseuka
miłoszewski,미워셰프스키,miweosyepeuseuki
dubiska,두비스카,dubiseuka
jojko,요이코,yoiko
kotlarczyk,코틀라르치크,koteulrareucikeu
depo,데포,depo
zagórski,자구르스키,jagureuseuki
arlak,아를라크,areulrakeu
małaszyński,마와신스키,mawasinseuki
milewska,밀레프스카,milrepeuseuka
friszke,프리슈케,peurisyuke
zającówna,자용추브나,jayongcubeuna
kopiczyński,코피친스키,kopicinseuki
maszewski,마셰프스키,masyepeuseuki
zegadłowicz,제가드워비치,jegadeuweobici
dumała,두마와,dumawa
ankudowicz,안쿠도비치,ankudobici
pieczyński,피에친스키,piecinseuki
smolik,스몰리크,seumolrikeu
pręgowski,프렝고프스키,peurenggopeuseuki
kaszlinska,카실린스카야,kasilrinseukaya
kępińska,켕핀스카,kengpinseuka
pakosińska,파코신스카,pakosinseuka
strączy,스트롱치,seuteurongci
zimniak,짐니아크,jimniakeu
kiersznowski,키에르슈노프스키,kiereusyunopeuseuki
wawrzyk,바브지크,babeujikeu
szlachcic,슐라흐치츠,syulraheuciceu
kobylańska,코빌라니스카,kobilraniseuka
lasocki,라소츠키,rasoceuki
głowacki,그워바츠키,geuweobaceuki
brejza,브레이자,beureija
kazimierczak,카지미에르차크,kajimiereucakeu
piskuła,피스쿠와,piseukuwa
tchórzewski,트후제프스키,teuhujepeuseuki
gawliński,가블린스키,gabeulrinseuki
brylewski,브릴레프스키,beurilrepeuseuki
tołwiński,토우빈스키,toubinseuki
zambrowski,잠브로프스키,jambeuropeuseuki
ihnatowicz,이흐나토비치,iheunatobici
maleńczuk,말렌추크,malrencukeu
michalkiewicz,미할키에비치,mihalkiebici
hamkało,함카워,hamkaweo
ciejek,치에예크,cieyekeu
samozwaniec,사모즈바니에츠,samojeubanieceu
różczka,루슈치카,rusyucika
zaczyk,자치크,jacikeu
popławska,포프와프스카,popeuwapeuseuka
maciejewski,마치에예프스키,macieyepeuseuki
łucja,우차,uca
surmacz,수르마치,sureumaci
zuchowicz,주호비치,juhobici
niklińska,니클린스카,nikeulrinseuka
tamara,타마라,tamara
arciuch,아르치우흐,areuciuheu
mowlik,모블리크,mobeulrikeu
rejmer,레이메르,reimereu
wieczorkowska,비에초르코프스카,biecoreukopeuseuka
maliński,말린스키,malrinseuki
biernacki,비에르나츠키,biereunaceuki
kasperski,카스페르스키,kaseupereuseuki
skulicz,스쿨리치,seukulrici
mroczek,므로체크,meurocekeu
miriam,미리엄,mirieom
kressin,크레신,keuresin
ciepielewska,치에피엘레프스카,ciepielrepeuseuka
kawula,카불라,kabulra
jakubowski,야쿠보프스키,yakubopeuseuki
stryj,스트리이,seuteurii
krupińska,크루핀스카,keurupinseuka
pęczak,펭차크,pengcakeu
rybiński,리빈스키,ribinseuki
zdzisława,지스와바,jiseuwaba
sośnicka,소시니츠카,sosiniceuka
chądzyńska,홍진스카,hongjinseuka
staszczyk,스타슈치크,seutasyucikeu
szenajch,셰나이흐,syenaiheu
szostkiewicz,쇼스트키에비치,syoseuteukiebici
niwiński,니빈스키,nibinseuki
kotkowski,코트코프스키,koteukopeuseuki
wnuk,브누크,beunukeu
woronowicz,워로비츠,weorobiceu
międzyrzecki,미엥지제츠키,miengjijeceuki
brandel,브란델,beurandel
płatek,프와테크,peuwatekeu
dłuska,드우스카,deuuseuka
młynarczyk,므위나르치크,meuwinareucikeu
jankowskapolańska,폴란스카,polranseuka
bursztynowicz,부르슈티노비치,bureusyutinobici
aniela,아니엘라,anielra
pająkówna,파용쿠브나,payongkubeuna
kurdejszatan,쿠르데이샤탄,kureudeisyatan
kurzaj,쿠자이,kujai
judycka,유디츠카,yudiceuka
kaczorowska,카초로프스카,kacoropeuseuka
sąsiada,송시아다,songsiada
pecślesicka,페츠실레시츠카,peceusilresiceuka
gzyra,그지라,geujira
woźniakstarak,보지니아크스타라크,bojiniakeuseutarakeu
kazejak,카제야크다비트,kajeyakeudabiteu
kalczyńska,칼친스카,kalcinseuka
więdłocha,비엥드워하,biengdeuweoha
żukowski,주코프스키,jukopeuseuki
sztybor,슈티보르,syutiboreu
brzęczyszczykiewicz,브젱치슈치키에비치,beujengcisyucikiebici
powierza,포비에자,pobieja
nowosielski,노보시엘스키,nobosielseuki
rafalska,라팔스카,rapalseuka
zalewska,잘레프스카,jalrepeuseuka
romanowska,로마노프스카,romanopeuseuka
woźniak,보지니아크,bojiniakeu
wyszkowski,비슈코프스키,bisyukopeuseuki
wendzikowska,벤지코프스카,benjikopeuseuka
streżyńska,스트레진스카,seuteurejinseuka
szarek,샤레크,syarekeu
komarnickaklynstra,코마르니츠카,komareuniceuka
pawlikowska,파블리코프스카,pabeulrikopeuseuka
królikiewicz,크롤리키에비치,keurolrikiebici
świecka,시비에츠카,sibieceuka
królikowski,크룰리코프스키,keurulrikopeuseuki
kwiatkowska,크비아트코프스카,keubiateukopeuseuka
rowicka,로비츠카,robiceuka
wyrodek,비로데크,birodekeu
kuryło,쿠리워,kuriweo
bogusław,보구스와프,boguseuwapeu
baniak,바니아크,baniakeu
skibińska,스키빈스카,seukibinseuka
paradowski,파라도프스키,paradopeuseuki
rączkowski,롱치코프스키,rongcikopeuseuki
dziurman,지우르만,jiureuman
skarbekmalczewski,스카르베크말체프스키,seukareubekeumalcepeuseuki
ferdynand,페르디난트,pereudinanteu
wielowieyska,비엘로비에이스카,bielrobieiseuka
arciszewskamielewczyk,아르치셰프스카미엘레프치크,areucisyepeuseukamielrepeucikeu
witańska,비탄스카,bitanseuka
szyszko,시슈코,sisyuko
krzyżowski,크시조프스키,keusijopeuseuki
brudny,브루드니,beurudeuni
paradowicz,파라도비치,paradobici
andrzejak,안제야크,anjeyakeu
chrostowski,흐로스토프스키,heuroseutopeuseuki
sutkowski,수트코프스키,suteukopeuseuki
żeromski,제롬스키,jeromseuki
szczepan,슈체판,syucepan
twardoch,트바르도흐,teubareudoheu
fabijański,파비얀스키,pabiyanseuki
wargocka,바르고츠카,bareugoceuka
ciachorowski,치아호로프스키,ciahoropeuseuki
grodzki,그로츠키,geuroceuki
cugowski,추고프스키,cugopeuseuki
mandes,만데스,mandeseu
władyka,브와디카,beuwadika
organek,오르가네크,oreuganekeu
schuchardt,슈하르트,syuhareuteu
mecwaldowski,메츠발도프스키,meceubaldopeuseuki
chomicki,호미츠키,homiceuki
wołek,보웨크,bowekeu
tymon,티몬,timon
tymański,티만스키,timanseuki
waglewski,바글레프스키,bageulrepeuseuki
stawowy,스타보비,seutabobi
wencel,벤첼,bencel
szcześniak,헤밍웨이,hemingwei
szczepkowski,슈쳅코프스키,syucebkopeuseuki
łabonarska,와보나르스카,wabonareuseuka
kowalski,코발스키,kobalseuki
chlondowski,흘론도프스키,heulrondopeuseuki
karpowicz,카르포비치,kareupobici
wojnarowski,보이나로프스키,boinaropeuseuki
pakleza,파클레자,pakeulreja
koprowska,코프로프스카,kopeuropeuseuka
mańkowski,만코프스키,mankopeuseuki
starowicz,스타로비치,seutarobici
wodecki,보데츠키,bodeceuki
warzecha,바제하,bajeha
wittmichałowski,비트미하워프스키,biteumihaweopeuseuki
banaszkiewicz,바나슈키에비치,banasyukiebici
jeremi,예레미,yeremi
przybora,프시보라,peusibora
jodko,요트코,yoteuko
krzaklewski,크샤클레프스키,keusyakeulrepeuseuki
wiktorowicz,빅토로비치,bigtorobici
gadulanka,가둘란카,gadulranka
łakomska,와콤스카,wakomseuka
koszałka,코샤우카,kosyauka
łukaszewski,우카셰프스키,ukasyepeuseuki
wolfke,볼프케,bolpeuke
wesołowski,베소워프스키,besoweopeuseuki
aleksandrowiczkrasko,크라스코,keuraseuko
żulczyk,줄치크,julcikeu
tombiński,톰빈스키,tombinseuki
grabiec,그라비에츠,geurabieceu
blumenfeld,블루멘펠트,beulrumenpelteu
ardanowski,아르다노프스키,areudanopeuseuki
józefowicz,유제포비치,yujepobici
jolanta,욜란타,yolranta
fraszyńska,프라신스카,peurasinseuka
jastrzębowski,야스트솅보프스키,yaseuteusyengbopeuseuki
łodyński,워딘스키,weodinseuki
szczerbic,슈체르비츠,syucereubiceu
jędrzej,옌제이,yenjei
krakowski,크라코프스키,keurakopeuseuki
dziedzina,지에지나,jiejina
kuszewski,쿠셰프스키,kusyepeuseuki
kawalec,카발레츠,kabalreceu
rosnowska,로스노프스카,roseunopeuseuka
piechociński,피에호친스키,piehocinseuki
pospieszalski,포스피에샬스키,poseupiesyalseuki
boruta,보루타,boruta
pochanke,포한케,pohanke
świtkowski,시비트코프스키,sibiteukopeuseuki
sawka,사프카,sapeuka
mikołajewski,미코와예프스키,mikowayepeuseuki
gniewkowska,그니에프코프스카,geuniepeukopeuseuka
maciąg,마치옹크,maciongkeu
kalczyński,칼친스키,kalcinseuki
konecki,코네츠키,koneceuki
olesiak,올레시아크,olresiakeu
ożóg,오주크,ojukeu
dudagwiazda,두다그비아즈다,dudageubiajeuda
fabicka,파비츠카,pabiceuka
koroniewska,코로니에프스카,koroniepeuseuka
osyda,오시다,osida
halejcio,할레이치오,halreicio
orleańska,오를레안스카,oreulreanseuka
zimnoch,짐노흐,jimnoheu
szczerski,슈체르스키,syucereuseuki
klaudiusz,클라우디우시,keulraudiusi
schmidt,미후카,mihuka
sikała,시카와,sikawa
zakościelny,자코시치엘니,jakosicielni
kalita,칼리타,kalrita
wieczorek,비에초레크,biecorekeu
mołek,모웨크,mowekeu
marieta,마리에타,marieta
żukowska,주코프스카,jukopeuseuka
orłowski,오르워프스키,oreuweopeuseuki
grąziowska,그롱지오프스카,geurongjiopeuseuka
kłoczko,클로츠코,keulroceuko
piekarczyk,피에카르치크,piekareucikeu
marina,마리나,marina
łuczenkoszczęsna,우첸코,ucenko
pawłowicz,파브워비치,pabeuweobici
masny,마스니,maseuni
waligórska,발리구르스카,balrigureuseuka
szczerkowska,슈체르코프스카,syucereukopeuseuka
szczerbowska,슈체르보프스카,syucereubopeuseuka
frykowska,프리코프스카,peurikopeuseuka
skwarnicki,스크바르니츠키,seukeubareuniceuki
bitner,비트네르,biteunereu
czubaszek,추바셰크,cubasyekeu
chyrzyński,히진스키,hijinseuki
gradowski,그라도프스키,geuradopeuseuki
ścisłowicz,시치스워비치,siciseuweobici
hycnar,히츠나르,hiceunareu
koterbska,코테르프스카,kotereupeuseuka
jaroszyński,야로신스키,yarosinseuki
kierwiński,키에르빈스키,kiereubinseuki
wasiak,바시아크,basiakeu
świder,시비데르,sibidereu
gracz,그라치,geuraci
kwaśny,크바시니,keubasini
mastalerek,마스탈레레크,maseutalrerekeu
najman,나이만,naiman
lurczyński,루르친스키,rureucinseuki
karpiński,카르핀스키,kareupinseuki
struk,스트루크,seuteurukeu
szejnert,셰이네르트,syeinereuteu
rozenekmajdan,로제네크,rojenekeu
pieńkowska,피엔코프스카,pienkopeuseuka
smoleński,스몰렌스키,seumolrenseuki
wakarecy,바카레치,bakareci
dworczyk,드보르치크,deuboreucikeu
czernecki,체르네츠키,cereuneceuki
januszewski,야누셰프스키,yanusyepeuseuki
kruk,크룩,keurug
hołdys,호우디스,houdiseu
sołubianka,소우비안카,soubianka
rolnicki,롤니츠키,rolniceuki
dryl,드릴,deuril
szlachetka,슐라헤트카,syulraheteuka
bratkowska,브라트코프스카,beurateukopeuseuka
rożek,로제크,rojekeu
czyżewski,치제프스키,cijepeuseuki
teclaf,테츨라프,teceulrapeu
mochnaczewski,모흐나체프스키,moheunacepeuseuki
kapliński,카플린스키,kapeulrinseuki
najsztub,나이슈투프,naisyutupeu
sarzyńska,사진스카,sajinseuka
patryk,파트리크,pateurikeu
jaki,야키,yaki
lydia,리디아,ridia
benecke,베네케,beneke
swend,스벤트,seubenteu
milwiwbaron,밀비프바론,milbipeubaron
siejka,시에이카,sieika
żyżelewicz,지젤레비치,jijelrebici
miłka,미우카,miuka
malzahn,말잔,maljan
kamczyk,캄치크,kamcikeu
mikołaj,미코와이,mikowai
roznerski,로즈네르스키,rojeunereuseuki
janoszek,야노셰크,yanosyekeu
szomańska,쇼만스카,syomanseuka
zawierucha,자와이어처,jawaieoceo
helena,헬레나,helrena
duniczniwińska,두니치니빈스카,dunicinibinseuka
stippa,스티파,seutipa
zwierzyńska,즈비에진스카,jeubiejinseuka
grzywińska,그지빈스카,geujibinseuka
malczewski,말체프스키,malcepeuseuki
bernatowicz,베르나토비치,bereunatobici
ciura,치우라,ciura
szewiński,셰빈스키,syebinseuki
kalicka,칼리츠카,kalriceuka
sykutjeżyna,시쿠트예지나,sikuteuyejina
jagiełło,야기에워,yagieweo
poljański,폴랸스키,polryanseuki
szomański,쇼만스키,syomanseuki
pawłowska,파블로프스카,pabeulropeuseuka
domagała,도마가와,domagawa
bonda,본다,bonda
zaremska,자렘스카,jaremseuka
tanajno,타나이노,tanaino
smołowik,스모워비크,seumoweobikeu
snopek,스노페크,seunopekeu
gierekciaciura,기에레크치아치우라,gierekeuciaciura
popiel,포피엘,popiel
kolarski,콜라르스키,kolrareuseuki
kubicka,쿠비카,kubika
hescheles,헤스헬레스,heseuhelreseu
stramowski,스트라모프스키,seuteuramopeuseuki
czarnek,차르네크,careunekeu
smoleńskakwiatkowska,스몰렌스카크비아트코프스카,seumolrenseukakeubiateukopeuseuka
augustynowska,아우구스티노프스카,auguseutinopeuseuka
gasiukpihowicz,가시우크피호비치,gasiukeupihobici
piaskowska,피아스코프스카,piaseukopeuseuka
hennigkloska,헨니크클로스카,hennikeukeulroseuka
lieder,리에데르,riedereu
łapiński,와핀스키,wapinseuki
golbik,골비크,golbikeu
szymanowskalenartowicz,시마노프스카레나르토비치,simanopeuseukarenareutobici
stankiewicz,스탄키에비치,seutankiebici
kwiecień,크비에치엔,keubiecien
pudłowski,푸드워프스키,pudeuweopeuseuki
marchewka,마르헤프카,mareuhepeuka
ogarekczoj,오가레크초이,ogarekeucoi
suchoń,수혼,suhon
misiło,미시워,misiweo
scheuringwielgus,쇼이링비엘구스,syoiringbielguseu
szłapka,슈왑카,syuwabka
szramka,슈람카,syuramka
ścigaj,시치가이,sicigai
rzepecki,제페츠키,jepeceuki
rzymkowski,짐코프스키,jimkopeuseuki
sachajko,사하이코,sahaiko
stonoga,스토노가,seutonoga
kornelia,코르넬리아,koreunelria
zembaczyński,젬바친스키,jembacinseuki
woźniacka,보즈니아키,bojeuniaki
długi,드우기,deuugi
całka,차우카,cauka
remigiusz,레미기우시,remigiusi
obajtek,오바이테크,obaitekeu
oświeciński,오시비에친스키,osibiecinseuki
ostaszewski,오스타셰프스키,oseutasyepeuseuki
gradkowski,그라트코프스키,geurateukopeuseuki
zborowska,즈보로프스카,jeuboropeuseuka
dzieduszycki,지에두시스키,jiedusiseuki
ciupa,치우파,ciupa
andryszak,안드리샤크,andeurisyakeu
surma,수르마,sureuma
kijowski,키조프스키,kijopeuseuki
emilewicz,에밀레비치,emilrebici
śmiszek,시미셰크,simisyekeu
szpetmański,슈페트만스키,syupeteumanseuki
ciapała,치아파와,ciapawa
krompiec,크롬피에츠,keurompieceu
celt,첼트,celteu
chwalińska,흐발린스카,heubalrinseuka
styszyński,스티신스키,seutisinseuki
buko,부코,buko
kopeć,코페치,kopeci
dominik,도미니크,dominikeu
rozkrut,로스크루트,roseukeuruteu
terpińska,테르핀스카,tereupinseuka
lemieszewski,레미에쉐브스키,remieswebeuseuki
zawiałow,자비아워프,jabiaweopeu
czerwijowska,체르비요프스카,cereubiyopeuseuka
opozda,오포즈다,opojeuda
kryszczyńska,크리슈친스카,keurisyucinseuka
orliński,오를린스키,oreulrinseuki
ciebień,체벤,ceben
domańska,도만스카,domanseuka
milena,밀레나,milrena
suszyńska,수신스카,susinseuka
szymańska,시만스카,simanseuka
cichocki,치호츠키,cihoceuki
jankowska,얀코프스카,yankopeuseuka
czarnecki,차르네츠키,careuneceuki
terpiłowska,테르피워프스카,tereupiweopeuseuka
stormowska,스토르모프스카,seutoreumopeuseuka
adamska,아담스카,adamseuka
czerczuk,체르추크,cereucukeu
gałuszewska,가우셰프스카,gausyepeuseuka
adrianna,아드리안나,adeurianna
kalska,칼스카,kalseuka
łukaszewska,우카셰프스카,ukasyepeuseuka
grudzińska,그루진스카,geurujinseuka
krefft,크레프트,keurepeuteu
kołodziejski,코워지에이스키,koweojieiseuki
inglot,인글로트,ingeulroteu
manowska,마노프스카,manopeuseuka
krzan,크샨,keusyan
knoch,부이치크,buicikeu
rdest,르데스트,reudeseuteu
lukasz,우카시,ukasi
kuczynski,쿠친스키,kucinseuki
dulkiewicz,둘키에비치,dulkiebici
konieczek,코니에체크,koniecekeu
flagagieruszyńska,플라가기에루신스카,peulragagierusinseuka
sosna,소스나,soseuna
diane,디아네,diane
sellier,셀리에,selrie
kaleta,칼레타,kalreta
lipińska,리핀스카,ripinseuka
zambrzycka,잠브지츠카,jambeujiceuka
mateo,마테오,mateo
klimowicz,클리모비치,keulrimobici
lutosławska,루토스와프스카,rutoseuwapeuseuka
kawulski,카불스키,kabulseuki
teoniki,테오니키,teoniki
rożynek,로지네크,rojinekeu
tatiana,타티아나,tatiana
elsner,엘스네르,elseunereu
meronk,메론크,meronkeu
dylewski,딜레프스키,dilrepeuseuki
białowąs,비아워봉스,biaweobongseu
skrzydlewski,스크시들레프스키,seukeusideulrepeuseuki
wędzikowska,벵지코프스카,bengjikopeuseuka
adriana,아드리아나,adeuriana
achcińska,아흐친스카,aheucinseuka
bielawska,비에라프스카,bierapeuseuka
musiałowski,무시아워프스키,musiaweopeuseuki
kowal,코발,kobal
czuba,추바,cuba
frejlak,프레이라크,peureirakeu
łasowski,라소스키,rasoseuki
sierzputowski,시에슈푸토프스키,siesyuputopeuseuki
margot,마르고트,mareugoteu
brunon,브루논,beurunon
bryliński,브릴린스키,beurilrinseuki
górska,구르스카,gureuseuka
pietras,피에트라스,pieteuraseu
witusikperkowska,위투식페르코프스카,witusigpereukopeuseuka
oliwia,올리비아,olribia
bieniuk,비에니우크,bieniukeu
ochman,오크만,okeuman
niewiński,니에빈스키,niebinseuki
fuliński,풀린스키,pulrinseuki
jann,잔,jan
owińska,오빈스카,obinseuka
kluczbork,클루치보르크,keulruciboreukeu
swarzędz,스바젱츠,seubajengceu
pobiedziska,포비에지스카,pobiejiseuka
szamotuły,샤모투위,syamotuwi
puszczykowo,푸슈치코보,pusyucikobo
luboń,루본,rubon
września,브제시니아,beujesinia
szczebrzeszyn,슈체브제신,syucebeujesin
koło,코워,koweo
polskorosyjskie,관계,gwangye
świebodzin,시비에보진,sibiebojin
świecie,스비에치에,seubiecie
pyrzyce,피지체,pijice
garwolin,가르볼린,gareubolrin
żarów,자루프,jarupeu
grójec,그루예츠,geuruyeceu
żórawina,주라비나,jurabina
koleje,돌니실롱스크의,dolnisilrongseukeuyi
dolnośląskie,철도,ceoldo
sulechów,술레후프,sulrehupeu
pińczów,핀추프,pincupeu
hajnówka,하이누프카,hainupeuka
polskowęgierskie,관계,gwangye
fabryka,오스카,oseuka
emalia,쉰들러의,swindeulreoyi
oskara,에나멜,enamel
schindlera,공장,gongjang
długopolezdrój,드우고폴레즈드루이,deuugopolrejeudeurui
kaszuby,카슈비아,kasyubia
krasnystaw,크라스니스타프,keuraseuniseutapeu
nidzica,니지차,nijica
pabianice,파비아니체,pabianice
puławy,푸와비,puwabi
poddębice,포뎅비체,podengbice
żnin,주닌,junin
ryn,린,rin
wypadek,슈체코치니,syucekocini
kolejowy,열차,yeolca
nowe,노베,nobe
aleksandrów,알렉산드루프,alregsandeurupeu
kujawski,쿠야프스키,kuyapeuseuki
myślenice,미실레니체,misilrenice
zdany,즈다느,jeudaneu
iłowa,이워바,iweoba
stęszew,스텡셰프,seutengsyepeu
arkady,쿠비치키,kubiciki
kubickiego,아케이드,akeideu
gryfice,그리피체,geuripice
ćmielów,치미엘루프,cimielrupeu
kartuzy,카르투지,kareutuji
zduńska,즈둔스카,jeudunseuka
wola,볼라,bolra
skarżyskokamienna,스카르지스코카미엔나,seukareujiseukokamienna
burmistrz,수령,suryeong
wągrowiec,봉그로비에츠,bonggeurobieceu
siedliszcze,시에들리슈체,siedeulrisyuce
energa,에네르가,enereuga
klecina,클레치나,keulrecina
jordanów,요르다누프,yoreudanupeu
zelów,젤루프,jelrupeu
łuski,어린,eorin
połczynzdrój,포우친즈드루이,poucinjeudeurui
wschowa,프스호바,peuseuhoba
szczuczyn,슈추친,syucucin
mońki,몬키,monki
śląskie,철도,ceoldo
mszana,므샤나,meusyana
dolna,돌나,dolna
legionowo,레기오노보,regionobo
oława,오와바,owaba
szydłowiec,시드워비에츠,sideuweobieceu
granica,러시아폴란드,reosiapolrandeu
polskorosyjska,국경,guggyeong
granice,폴란드의,polrandeuyi
piaseczno,피아세치노,piasecino
otwock,오트보츠크,oteuboceukeu
krotoszyn,크로토신,keurotosin
mikołajki,미콜라이키,mikolraiki
kościerzyna,코시치에지나,kosiciejina
rytro,르트로,reuteuro
węgorzewo,벵고제보,benggojebo
premierzy,폴란드의,polrandeuyi
lidzbark,리즈바르크,rijeubareukeu
warmiński,바르민스키,bareuminseuki
starachowice,스타라호비체,seutarahobice
bardo,바르도,bareudo
komorniki,코모르니키,komoreuniki
przysucha,프시수하,peusisuha
newag,네바그,nebageu
wojcieszów,보이치에슈프,boiciesyupeu
drezdenko,드레즈덴코,deurejeudenko
kcynia,크치니아,keucinia
pruszcz,프루스크,peuruseukeu
gdański,그단스키,geudanseuki
grybów,그르부프,geureubupeu
kozienice,코지에니체,kojienice
chełmża,헤움자,heumja
gołdap,고우다프,goudapeu
białobrzegi,비알로브제기,bialrobeujegi
olecko,올레츠코,olreceuko
kąty,콩트,kongteu
biedronka,비에드론카,biedeuronka
bieżuń,비에준,biejun
szczytno,슈치트노,syuciteuno
gniewino,그니에비노,geuniebino
gietrzwałd,기에트슈바우트,gieteusyubauteu
boboszów,보보슈프,bobosyupeu
tymbark,틈바르크,teumbareukeu
międzylesie,미엥즐레시에,miengjeulresie
miss,미스,miseu
grunwald,그룬발트,geurunbalteu
olsztynek,올슈티네크,olsyutinekeu
zwierzyniec,즈비에지니에츠,jeubiejinieceu
krzyżtopór,크리지즈토푸르,keurijijeutopureu
suchedniów,수헤드니우프,suhedeuniupeu
kolegium,유럽,yureob
europejskie,대학교,daehaggyo
modlin,공항,gonghang
zagłębia,자그웽비아,jageuwengbia
łososina,워소시나,weososina
polskosłowacka,국경,guggyeong
polskoczeska,국경,guggyeong
orkiestra,바르샤바,bareusyaba
symfoniczna,국립,gugrib
filharmonii,필하모니,pilhamoni
narodowej,관현악단,gwanhyeonagdan
szczeciński,대학교,daehaggyo
lubelskie,루벨스키에,rubelseukie
kultura,폴란드의,polrandeuyi
prężynka,프렝진카,peurengjinka
domaszków,도마슈쿠프,domasyukupeu
medyka,메디카,medika
nałęczów,나웽추프,nawengcupeu
niepruszewo,니에프루셰보,niepeurusyebo
konina,코니나,konina
polskolitewska,국경,guggyeong
białowieża,비아워비에자,biaweobieja
listy,음악,eumag
przebojów,차트,cateu
lanckorona,란츠코로나,ranceukorona
tyniec,트니에츠,teunieceu
mały,마우으,maueu
przeźmierowo,프셰지미에로보,peusyejimierobo
lusowo,루소보,rusobo
polskobiałoruska,국경,guggyeong
pełkinie,페우키니에,peukinie
polskoukraińska,국경,guggyeong
żabka,자브카,jabeuka
wylatowo,블라토보,beulratobo
antoniówka,안토니우프카,antoniupeuka
kozłówka,코주프카,kojupeuka
baranowo,바라노보,baranobo
brodnia,브로드니아,beurodeunia
górna,구르나,gureuna
chojnata,호이나타,hoinata
chochołów,호호우프,hohoupeu
sułoszowa,수워쇼바,suweosyoba
emilcin,에밀친,emilcin
domasław,도마스와프,domaseuwapeu
grudza,그루자,geuruja
ogrodniczki,오그로드니치키,ogeurodeuniciki
bobrówka,보브루프카,bobeurupeuka
koninki,코닌키,koninki
kośmin,코시민,kosimin
małuszów,마우슈프,mausyupeu
potrzanowo,포트샤노보,poteusyanobo
teyon,테이온,teion
wikidot,위키닷,wikidas
sędziejowice,셍지에요비체,sengjieyobice
więckowice,비엥츠코비체,biengceukobice
turbacz,투르바츠,tureubaceu
wysocko,비소츠코,bisoceuko
żernica,제르니차,jereunica
zborowo,즈보로보,jeuborobo
świebodów,시비에보두프,sibiebodupeu
fundacja,노틸러스,notilreoseu
nautilus,재단,jaedan
strzeżenice,스트셰제니체,seuteusyejenice
wartogłowiec,바르토그워비에츠,bareutogeuweobieceu
ambasada,주,ju
hiszpanii,폴란드,polrandeu
polsce,대사관,daesagwan
lewiatan,레비아탄,rebiatan
partynice,파르트니체,pareuteunice
porębianka,포렝비안카,porengbianka
instytut,국제,gugje
spraw,관계,gwangye
międzynarodowych,연구원,yeonguweon
towarzystwo,화학,hwahag
chemiczne,협회,hyeobhoe
polskoszwedzka,국경,guggyeong
polskoduńska,국경,guggyeong
polskoniemiecka,국경,guggyeong
małopolskie,철도,ceoldo
grupa,군비,gunbi
zbrojeniowa,그룹,geurub
obrony,수호,suho
demokracji,위원회,wiweonhoe
teren,노비송치,nobisongci
skansenu,민속촌,minsogcon
huragan,폭풍,pogpung
alex,알렉스,alregseu
zabytki,소스노비에츠의,soseunobieceuyi
sosnowcu,기념물,ginyeommul
eunice,유니스,yuniseu
warsaw,바르샤바,bareusyaba
bielskobiala,비엘스코비아와,bielseukobiawa
europe,유럽,yureob
miejski,미에이스키,mieiseuki
usedom,우제돔,ujedom
island,섬,seom