vika,vika
jigulina,ʒiɡulina
lidia,lidia
șimon,ʃimon
inna,inna
alexandra,aleksandra
stan,stan
ikechi,ikeki
anya,anja
george,d͡ʒeord͡ʒe
emil,emil
palade,palade
itzik,itzik
manger,mand͡ʒer
ecaterina,ekaterina
szabó,szabó
elena,elena
gheorghe,ɡeorɡe
mircea,mirt͡ʃea
lucescu,lut͡ʃesku
viorel,viorel
moldovan,moldovan
angela,and͡ʒela
gheorghiu,ɡeorɡiu
paul,paul
celan,t͡ʃelan
andreea,andreea
grigore,ɡriɡore
viorica,viorika
ursuleac,ursuleak
liviu,liviu
librescu,libresku
răzvan,rəzvan
raț,rat͡s
popescu,popesku
helmut,helmut
duckadam,dukkadam
vali,vali
ionescu,ionesku
băsescu,bəsesku
iulian,iulian
filipescu,filipesku
boc,bok
cristian,kristian
mungiu,mund͡ʒiu
dan,dan
balan,balan
victor,viktor
hănescu,hənesku
petre,petre
roman,roman
edward,edward
maya,maja
angelica,and͡ʒelika
adelsteinrozeanu,adelsteinrozeanu
anamaria,anamaria
marinca,marinka
alma,alma
gluck,ɡlukk
tristan,tristan
tzara,tzara
eugen,eud͡ʒen
coșeriu,koʃeriu
nicolae,nikolae
văcăroiu,vəkəroiu
bogdan,boɡdan
lobonț,lobont͡s
ceaușescu,t͡ʃeauʃesku
simona,simona
halep,halep
iolanda,iolanda
balaș,balaʃ
ion,ion
antonescu,antonesku
alina,alina
plugaru,pluɡaru
herta,herta
müller,müller
gabriela,ɡabriela
drăgoi,drəɡoi
daniel,daniel
prodan,prodan
irina,irina
spîrlea,spɨrlea
monica,monika
roșu,roʃu
nadia,nadia
comăneci,komənet͡ʃi
iasmin,iasmin
latovlevici,latovlevit͡ʃi
mihai,mihai
dinu,dinu
lipatti,lipatti
florian,florian
pop,pop
vlad,vlad
munteanu,munteanu
dudu,dudu
georgescu,d͡ʒeord͡ʒesku
györgy,ɡjörɡj
kurtág,kurtáɡ
dima,dima
marțian,mart͡sian
negrea,neɡrea
traian,traian
timofti,timofti
ungureanu,unɡureanu
sorana,sorana
cîrstea,t͡ʃɨrstea
niculescu,nikulesku
constantinescu,konstantinesku
ciprian,t͡ʃiprian
marica,marika
ana,ana
pauker,pauker
dulgheru,dulɡeru
aurelia,aurelia
dobre,dobre
ruxandra,ruksandra
dragomir,draɡomir
adrian,adrian
năstase,nəstase
beatrice,beatrit͡ʃe
câșlaru,kɨʃlaru
constantin,konstantin
brâncuși,brɨnkuʃi
cleopatra,kleopatra
stratan,stratan
henri,henri
coandă,koandə
zamfir,zamfir
gabriel,ɡabriel
tamaș,tamaʃ
filat,filat
ponta,ponta
andrei,andrei
pavel,pavel
florica,florika
musicescu,musit͡ʃesku
maia,maia
morgenstern,mord͡ʒenstern
iliescu,iliesku
maria,maria
brânză,brɨnzə
paula,paula
ivan,ivan
doina,doina
melinte,melinte
blandiana,blandiana
sorin,sorin
ghionea,ɡionea
amânar,amɨnar
seling,selinɡ
daniela,daniela
silivaș,silivaʃ
linda,linda
baros,baros
hagi,had͡ʒi
sandra,sandra
romain,romain
larisa,larisa
iordache,iordake
virginia,vird͡ʒinia
ruzici,ruzit͡ʃi
ștefan,ʃtefan
radu,radu
sergiu,serd͡ʒiu
celibidache,t͡ʃelibidake
ladislau,ladislau
bölöni,bölöni
lászló,lászló
sepsi,sepsi
ovidiu,ovidiu
cernăuțeanu,t͡ʃernəut͡seanu
harvey,harvej
keitel,keitel
cioncan,t͡ʃionkan
ileana,ileana
cotrubaș,kotrubaʃ
jean,ʒean
negulesco,neɡulesko
cioran,t͡ʃioran
badea,badea
panait,panait
istrati,istrati
mutu,mutu
zoia,zoia
arthur,arthur
segal,seɡal
chivu,kivu
maricica,marit͡ʃika
puică,puikə
liane,liane
de,de
pougy,pouɡj
anișoara,aniʃoara
cușmirstanciu,kuʃmirstant͡ʃiu
mihaela,mihaela
peneș,peneʃ
diana,diana
mocanu,mokanu
camelia,kamelia
potec,potek
alexandru,aleksandru
averescu,averesku
rose,rose
ausländer,ausländer
artur,artur
phleps,phleps
astafei,astafei
ursuleasa,ursuleasa
emeric,emerik
jenei,ʒenei
niculae,nikulae
walter,walter
zenga,zenɡa
cosmin,kosmin
contra,kontra
ghimpu,ɡimpu
petru,petru
lucinschi,lut͡ʃinski
florin,florin
răducioiu,rədut͡ʃioiu
ilie,ilie
lara,lara
diaconu,diakonu
constantina,konstantina
dițătomescu,dit͡sətomesku
dumitrescu,dumitresku
tănase,tənase
viscopoleanu,viskopoleanu
julia,ʒulia
varady,varadj
ionela,ionela
târlea,tɨrlea
lia,lia
manoliu,manoliu
cristea,kristea
crișan,kriʃan
robert,robert
vancea,vant͡ʃea
stelea,stelea
neșu,neʃu
marius,marius
urzică,urzikə
joseph,ʒoseph
schmidt,skhmidt
săpunaru,səpunaru
dacian,dat͡ʃian
cioloș,t͡ʃioloʃ
colin,kolin
kolles,kolles
enescu,enesku
stefan,stefan
hell,hell
adalbert,adalbert
deșu,deʃu
pulhac,pulhak
florescu,floresku
hermann,hermann
oberth,oberth
cociș,kot͡ʃiʃ
klein,klein
silviu,silviu
lung,lunɡ
dorin,dorin
goian,ɡoian
pițurcă,pit͡surkə
gigel,d͡ʒid͡ʒel
bucur,bukur
deac,deak
prunea,prunea
luchian,lukian
raul,raul
rusescu,rusesku
robot,robot
chipciu,kipt͡ʃiu
saul,saul
steinberg,steinberɡ
dică,dikə
lusztig,lusztiɡ
kovács,kováks
dragoș,draɡoʃ
laurențiu,laurent͡siu
rus,rus
nicolao,nikolao
dumitru,dumitru
valerică,valerikə
găman,ɡəman
eric,erik
bicfalvi,bikfalvi
grozav,ɡrozav
silvestri,silvestri
dorinel,dorinel
zeani,zeani
tudor,tudor
arghezi,arɡezi
costel,kostel
pantilimon,pantilimon
anna,anna
lesko,lesko
frăsinescu,frəsinesku
marin,marin
karmitz,karmitz
cătălin,kətəlin
fercu,ferku
philip,philip
herschkowitz,herskhkowitz
ioan,ioan
culcer,kult͡ʃer
drăghici,drəɡit͡ʃi
sandu,sandu
lungu,lunɡu
țăruș,t͡səruʃ
crețu,kret͡su
armand,armand
călinescu,kəlinesku
romeo,romeo
surdu,surdu
jr,ʒr
antal,antal
bourceanu,bourt͡ʃeanu
iancu,ianku
alexe,alekse
ioniță,ionit͡sə
vasile,vasile
milea,milea
codrea,kodrea
florența,florent͡sa
mateuț,mateut͡s
cărtărescu,kərtəresku
horia,horia
sima,sima
elizabeta,elizabeta
samara,samara
dennis,dennis
șerban,ʃerban
costi,kosti
david,david
wechsler,wekhsler
hildegard,hildeɡard
peplau,peplau
cojocaru,koʒokaru
prepeliță,prepelit͡sə
gardoș,ɡardoʃ
grigorescu,ɡriɡoresku
bănel,bənel
nicoliță,nikolit͡sə
mirel,mirel
rădoi,rədoi
dodean,dodean
prunariu,prunariu
sebastian,sebastian
torje,torʒe
miodrag,miodraɡ
belodedici,belodedit͡ʃi
tecău,tekəu
roxana,roksana
luca,luka
loredana,loredana
groza,ɡroza
vlaicu,vlaiku
mergea,merd͡ʒea
cioabă,t͡ʃioabə
popa,popa
mureșan,mureʃan
elina,elina
löwensohn,löwensohn
corina,korina
florentin,florentin
francisc,frant͡ʃisk
tincu,tinku
nicu,niku
ghiță,ɡit͡sə
gavril,ɡavril
balint,balint
pacepa,pat͡ʃepa
nicușor,nikuʃor
stanciu,stant͡ʃiu
filimon,filimon
dumitrache,dumitrake
korne,korne
aurelian,aurelian
chițu,kit͡su
tătăranu,tətəranu
toni,toni
tecuceanu,tekut͡ʃeanu
răducan,rədukan
claudiu,klaudiu
keșerü,keʃerü
lupu,lupu
lazăr,lazər
stoica,stoika
olăroiu,oləroiu
vartolomei,vartolomei
octavian,oktavian
abrudan,abrudan
tonița,tonit͡sa
lipkovskaia,lipkovskaia
denis,denis
alibec,alibek
ivanovici,ivanovit͡ʃi
oliveira,oliveira
pereira,pereira
lucien,lut͡ʃien
goldmann,ɡoldmann
cornel,kornel
matei,matei
ionel,ionel
perlea,perlea
moți,mot͡si
rednic,rednik
oroș,oroʃ
mitea,mitea
copil,kopil
budescu,budesku
răduț,rədut͡s
vladimir,vladimir
ghika,ɡika
cantacuzino,kantakuzino
potorac,potorak
dănciulescu,dənt͡ʃiulesku
valentin,valentin
calafeteanu,kalafeteanu
papp,papp
hîldan,hɨldan
serge,serd͡ʒe
moscovici,moskovit͡ʃi
ganea,ɡanea
rotaru,rotaru
lăcătuș,ləkətuʃ
klarsfeld,klarsfeld
lascăr,laskər
catargiu,katard͡ʒiu
tőkés,tőkés
anghel,anɡel
iordănescu,iordənesku
țucudean,t͡sukudean
petrescu,petresku
marian,marian
oprea,oprea
isăilă,isəilə
barbu,barbu
costin,kostin
lucian,lut͡ʃian
sânmărtean,sɨnmərtean
maxim,maksim
chiricheș,kirikeʃ
tătărescu,tətəresku
enache,enake
brauner,brauner
mățel,mət͡sel
otmar,otmar
szafnauer,szafnauer
nistor,nistor
culianu,kulianu
alexander,aleksander
bălănescu,bələnesku
hațegan,hat͡seɡan
richter,rikhter
marcel,mart͡ʃel
iureș,iureʃ
kehinde,kehinde
fatai,fatai
burcă,burkə
parhon,parhon
tătărușanu,tətəruʃanu
horațiu,horat͡siu
rădulescu,rədulesku
dorel,dorel
stancu,stanku
ludovic,ludovik
orban,orban
béla,béla
károlyi,károlji
călin,kəlin
peter,peter
netzer,netzer
comissiona,komissiona
firțulescu,firt͡sulesku
ruha,ruha
pintilii,pintilii
aldulescu,aldulesku
mihail,mihail
dănuț,dənut͡s
coman,koman
corneliu,korneliu
teodorini,teodorini
dondoe,dondoe
sabin,sabin
țambrea,t͡sambrea
fritz,fritz
eusebie,eusebie
mandicevschi,mandit͡ʃevski
ciceu,t͡ʃit͡ʃeu
șumudică,ʃumudikə
ogăraru,oɡəraru
preda,preda
mihăilescu,mihəilesku
gâlcă,ɡɨlkə
klaus,klaus
iohannis,iohannis
isidore,isidore
isou,isou
craioveanu,kraioveanu
hoban,hoban
theodor,theodor
aman,aman
niță,nit͡sə
andone,andone
leu,leu
bute,bute
bălan,bəlan
voicu,voiku
căprioriu,kəprioriu
buzărnescu,buzərnesku
grigoraș,ɡriɡoraʃ
dinicu,diniku
becali,bekali
romario,romario
benzar,benzar
francis,frant͡ʃis
chagrin,khaɡrin
lupescu,lupesku
christescu,khristesku
ciobanu,t͡ʃiobanu
șerbănescu,ʃerbənesku
orlov,orlov
iosif,iosif
conta,konta
titulescu,titulesku
nneka,nneka
onyejekwe,onjeʒekwe
aurel,aurel
șteflea,ʃteflea
brănescu,brənesku
luttwak,luttwak
zoltán,zoltán
kelemen,kelemen
cambrea,kambrea
charles,kharles
bruck,brukk
ionuț,ionut͡s
iftimoaie,iftimoaie
bejan,beʒan
ada,ada
moroșanu,moroʃanu
geo,d͡ʒeo
bogza,boɡza
rona,rona
hartner,hartner
pantazi,pantazi
prezan,prezan
steliano,steliano
filip,filip
benjamin,benʒamin
fondane,fondane
țăranu,t͡səranu
moruzov,moruzov
nica,nika
gușă,ɡuʃə
cristescu,kristesku
cioc,t͡ʃiok
frățică,frət͡sikə
istván,istván
macovei,makovei
dăncilă,dənt͡ʃilə
camil,kamil
marinescu,marinesku
aura,aura
urziceanu,urzit͡ʃeanu
donca,donka
steriade,steriade
cucu,kuku
basarab,basarab
raluca,raluka
turcan,turkan
yusuf,jusuf
isa,isa
halim,halim
simon,simon
aslan,aslan
manea,manea
recean,ret͡ʃean
ianis,ianis
nedelcearu,nedelt͡ʃearu
otar,otar
turașvili,turaʃvili
sauter,sauter
erwin,erwin
stoff,stoff
bumbea,bumbea
nedelcu,nedelku
natea,natea
huștiu,huʃtiu
surugiu,surud͡ʒiu
ciolacu,t͡ʃiolaku
man,man
bîrnoi,bɨrnoi
albu,albu
horșia,horʃia
cîțu,t͡ʃɨt͡su
bianca,bianka
andreescu,andreesku
băluță,bəlut͡sə
cicâldău,t͡ʃikɨldəu
oaidă,oaidə
trif,trif
drăguș,drəɡuʃ
bernadette,bernadette
szőcs,szőks
mitriță,mitrit͡sə
florinel,florinel
petrila,petrila
alex,aleks
pașcanu,paʃkanu
târnovanu,tɨrnovanu
pușcaș,puʃkaʃ
olimpiu,olimpiu
moruțan,morut͡san
alec,alek
secăreanu,sekəreanu
rațiu,rat͡siu
boboc,bobok
comănescu,komənesku
adina,adina
pintilie,pintilie
karim,karim
adeyemi,adejemi
itu,itu
fotino,fotino
borța,bort͡sa
mihăilă,mihəilə
ciucă,t͡ʃiukə
drăgușin,drəɡuʃin
miculescu,mikulesku
pantea,pantea
popovici,popovit͡ʃi
octaviangeorge,oktaviand͡ʒeord͡ʒe
natalia,natalia
gavrilița,ɡavrilit͡sa
enes,enes
sali,sali
mitran,mitran
istrate,istrate
târgoviște,tɨrɡoviʃte
brăila,brəila
cluj,kluʒ
arena,arena
românia,romɨnia
iași,iaʃi
suceava,sut͡ʃeava
bistrița,bistrit͡sa
pitești,piteʃti
reșița,reʃit͡sa
constanța,konstant͡sa
stepa,stepa
euroasiatică,euroasiatikə
brașov,braʃov
craiova,kraiova
sibiu,sibiu
timișoara,timiʃoara
galați,ɡalat͡si
tarom,tarom
banat,banat
focșani,fokʃani
nogai,noɡai
vaslui,vaslui
tulcea,tult͡ʃea
botoșani,botoʃani
zărnești,zərneʃti
valahia,valahia
arad,arad
oradea,oradea
sighișoara,siɡiʃoara
râmnicu,rɨmniku
vâlcea,vɨlt͡ʃea
alba,alba
iulia,iulia
bucovina,bukovina
buzău,buzəu
ploiești,ploieʃti
giurgiu,d͡ʒiurd͡ʒiu
târgu,tɨrɡu
jiu,ʒiu
sfântu,sfɨntu
deva,deva
bucurești,bukureʃti
românesc,romɨnesk
dobrogea,dobrod͡ʒea
muntenia,muntenia
lugoj,luɡoʒ
balș,balʃ
caransebeș,karansebeʃ
borșa,borʃa
turda,turda
transilvania,transilvania
mureș,mureʃ
delta,delta
dunării,dunərii
hunedoara,hunedoara
oltenia,oltenia
baia,baia
mare,mare
satu,satu
călărași,kələraʃi
sinaia,sinaia
slobozia,slobozia
buftea,buftea
holcim,holt͡ʃim
pontocaspică,pontokaspikə
fetești,feteʃti
dej,deʒ
caracal,karakal
sărat,sərat
roșiorii,roʃiorii
vede,vede
buhuși,buhuʃi
odorheiu,odorheiu
secuiesc,sekuiesk
blaj,blaʒ
comănești,koməneʃti
dorohoi,dorohoi
băicoi,bəikoi
băilești,bəileʃti
filiași,filiaʃi
supercupa,superkupa
româniei,romɨniei
fălticeni,fəltit͡ʃeni
sulina,sulina
sighetu,siɡetu
marmației,marmat͡siei
voluntari,voluntari
bucharest,bukharest
ring,rinɡ
națională,nat͡sionalə
horă,horə
călușarii,kəluʃarii
luduș,luduʃ
câmpulung,kɨmpulunɡ
moldovenesc,moldovenesk
curtea,kurtea
argeș,ard͡ʒeʃ
sebeș,sebeʃ
mioveni,mioveni
cernavodă,t͡ʃernavodə
pașcani,paʃkani
oltenița,oltenit͡sa
transfăgărășan,transfəɡərəʃan
cupa,kupa
balcanică,balkanikə
mangalia,manɡalia
câmpia,kɨmpia
turzii,turzii
urziceni,urzit͡ʃeni
rădăuți,rədəut͡si
moinești,moineʃti
gherla,ɡerla
moreni,moreni
făgăraș,fəɡəraʃ
medgidia,medd͡ʒidia
petroșani,petroʃani
vatra,vatra
dornei,dornei
marghita,marɡita
powerwolf,powerwolf
ligii,lid͡ʒii
universitatea,universitatea
babeșbolyai,babeʃboljai
onești,oneʃti
tecuci,tekut͡ʃi
carpatair,karpatair
brad,brad
turnu,turnu
măgurele,məɡurele
corabia,korabia
drăgășani,drəɡəʃani
gheorgheni,ɡeorɡeni
carei,karei
salonta,salonta
lupeni,lupeni
târnăveni,tɨrnəveni
codlea,kodlea
electrecord,elektrekord
centura,t͡ʃentura
alpidă,alpidə
siret,siret
stadionul,stadionul
oană,oanə
lupii,lupii
servtrans,servtrans
scînteia,st͡ʃɨnteia
centrul,t͡ʃentrul
civic,t͡ʃivik
liga,liɡa
rugby,ruɡbj
fly,flj
project,proʒekt
canalul,kanalul
dunărebucurești,dunərebukureʃti
roton,roton
transhumanță,transhumant͡sə
anastasovici,anastasovit͡ʃi
bacău,bakəu
moldova,moldova
steaua,steaua
zoltan,zoltan
lunka,lunka
mesko,mesko
martha,martha
bibescu,bibesku
raed,raed
arafat,arafat
lavinia,lavinia
miloșovici,miloʃovit͡ʃi
otto,otto
ackermann,akkermann
spoerri,spoerri
goga,ɡoɡa
alexianu,aleksianu
argentina,ard͡ʒentina
menis,menis
scarlat,skarlat
bărbulescu,bərbulesku
verdeț,verdet͡s
izbașa,izbaʃa
edina,edina
gallovitshall,ɡallovitshall
cătălina,kətəlina
ponor,ponor
costian,kostian
adriana,adriana
hölszky,hölszkj
cornelia,kornelia
tăutu,təutu
ilena,ilena
gheorghi,ɡeorɡi
raoul,raoul
gunsbourg,ɡunsbourɡ
croitoru,kroitoru
titu,titu
maiorescu,maioresku
wilhelm,wilhelm
georg,d͡ʒeorɡ
berger,berd͡ʒer
neaga,neaɡa
violeta,violeta
dinescu,dinesku
lateiner,lateiner
jános,ʒános
kemény,keménj
babeș,babeʃ
rădescu,rədesku
aliuță,aliut͡sə
linca,linka
becheru,bekeru
titus,titus
corlățean,korlət͡sean
dincă,dinkə
iurie,iurie
leancă,leankə
adelina,adelina
oprean,oprean
trăistariu,trəistariu
mugur,muɡur
isărescu,isəresku
reghecampf,reɡekampf
vrănceanu,vrənt͡ʃeanu
vintilă,vintilə
simion,simion
anca,anka
parghel,parɡel
văcărescu,vəkəresku
strămăturaru,strəməturaru
porgras,porɡras
áron,áron
márton,márton
marga,marɡa
dinică,dinikə
nicoleta,nikoleta
grasu,ɡrasu
hellman,hellman
arnold,arnold
rosé,rosé
marghiloman,marɡiloman
éva,éva
tófalvi,tófalvi
gray,ɡraj
steriadi,steriadi
fiscuteanu,fiskuteanu
maurer,maurer
michael,mikhael
radulescu,radulesku
bumbescu,bumbesku
diță,dit͡sə
pick,pikk
cîrțu,t͡ʃɨrt͡su
olaru,olaru
dănălache,dənəlake
costea,kostea
steve,steve
holmes,holmes
șăineanu,ʃəineanu
ungur,unɡur
dobrin,dobrin
alexandrescu,aleksandresku
carol,karol
lambrino,lambrino
iorgulescu,iorɡulesku
stănuleț,stənulet͡s
adolf,adolf
albin,albin
rudolph,rudolph
carl,karl
von,von
ripper,ripper
hans,hans
bergel,berd͡ʒel
take,take
cesereanu,t͡ʃesereanu
comes,komes
géza,d͡ʒéza
sănmărtean,sənmərtean
nicodim,nikodim
tătărăscu,tətərəsku
jude,ʒude
elek,elek
schwartz,skhwartz
argeșanu,ard͡ʒeʃanu
spiess,spiess
bobu,bobu
iovan,iovan
mănescu,mənesku
blaga,blaɡa
berceanu,bert͡ʃeanu
ianu,ianu
spielmann,spielmann
gigurtu,d͡ʒiɡurtu
mădălina,mədəlina
manole,manole
druc,druk
pușcașu,puʃkaʃu
negoițescu,neɡoit͡sesku
procopiu,prokopiu
hunor,hunor
țiriac,t͡siriak
domokos,domokos
ciobotariu,t͡ʃiobotariu
vaștag,vaʃtaɡ
leonte,leonte
tismăneanu,tisməneanu
yisroel,jisroel
avrohom,avrohom
portugal,portuɡal
pantelimon,pantelimon
halippa,halippa
gherman,ɡerman
pântea,pɨntea
korner,korner
noni,noni
ene,ene
chișinevschi,kiʃinevski
haiducii,haidut͡ʃii
apostol,apostol
miriță,mirit͡sə
leonard,leonard
doroftei,doroftei
ancuța,ankut͡sa
bobocel,bobot͡ʃel
stere,stere
tatiana,tatiana
cezar,t͡ʃezar
mădălin,mədəlin
silvia,silvia
stroescu,stroesku
pepene,pepene
teodora,teodora
crin,krin
tattarescu,tattaresku
chiper,kiper
a,a
rosetti,rosetti
justinian,ʒustinian
marina,marina
geoană,d͡ʒeoanə
chițac,kit͡sak
păucă,pəukə
julius,ʒulius
popper,popper
ghelber,ɡelber
fița,fit͡sa
lovin,lovin
mime,mime
misu,misu
hurezeanu,hurezeanu
jula,ʒula
constant,konstant
foiaș,foiaʃ
racoviță,rakovit͡sə
țuțea,t͡sut͡sea
alla,alla
baianova,baianova
henry,henrj
deutschmeister,deutskhmeister
valerian,valerian
trifa,trifa
gala,ɡala
galaction,ɡalaktion
gina,d͡ʒina
gogean,ɡod͡ʒean
burincă,burinkə
cristeana,kristeana
toma,toma
caragiu,karad͡ʒiu
mărăcineanu,mərət͡ʃineanu
zaharia,zaharia
spiru,spiru
haret,haret
macellariu,mat͡ʃellariu
erik,erik
lincar,linkar
golopența,ɡolopent͡sa
forescu,foresku
georgiana,d͡ʒeord͡ʒiana
birțoiu,birt͡soiu
lovinescu,lovinesku
ramona,ramona
balaci,balat͡ʃi
delia,delia
matache,matake
holender,holender
patilineț,patilinet͡s
loteanu,loteanu
serafim,serafim
urechean,urekean
arianna,arianna
sinn,sinn
pola,pola
illéry,illérj
mariana,mariana
nicolesco,nikolesko
bădoi,bədoi
pompiliu,pompiliu
claudia,klaudia
presăcan,presəkan
fazekas,fazekas
rotariu,rotariu
florea,florea
mendi,mendi
rodan,rodan
baba,baba
bretan,bretan
guță,ɡut͡sə
maier,maier
liliana,liliana
covaci,kovat͡ʃi
nae,nae
halagian,halad͡ʒian
păunescu,pəunesku
iuliu,iuliu
maniu,maniu
rebreanu,rebreanu
anuța,anut͡sa
cătună,kətunə
attila,attila
feri,feri
moga,moɡa
udrea,udrea
eremia,eremia
harry,harrj
oana,oana
ban,ban
gavrilă,ɡavrilə
ogoranu,oɡoranu
ella,ella
kovacs,kovaks
otilia,otilia
bădescu,bədesku
alfonso,alfonso
castaldi,kastaldi
ghica,ɡika
cristina,kristina
bontaș,bontaʃ
mihalache,mihalake
rodion,rodion
cămătaru,kəmətaru
boștină,boʃtinə
bodnăraș,bodnəraʃ
romica,romika
puceanu,put͡ʃeanu
mirela,mirela
pașca,paʃka
tataee,tataee
bellow,bellow
porumboiu,porumboiu
moșuc,moʃuk
veronica,veronika
micle,mikle
herbolzheimer,herbolzheimer
avram,avram
georges,d͡ʒeord͡ʒes
manolescu,manolesku
sitaru,sitaru
beloiu,beloiu
luminița,luminit͡sa
salam,salam
megelea,med͡ʒelea
mărgineanu,mərd͡ʒineanu
radici,radit͡ʃi
ivanovitch,ivanovitkh
mureșanu,mureʃanu
visarion,visarion
puiu,puiu
leo,leo
butnaru,butnaru
liliac,liliak
zicu,ziku
oișteanu,oiʃteanu
gogu,ɡoɡu
dabija,dabiʒa
badovici,badovit͡ʃi
duca,duka
cosma,kosma
donici,donit͡ʃi
iacob,iakob
sternberg,sternberɡ
israil,israil
bercovici,berkovit͡ʃi
erhan,erhan
sarău,sarəu
anton,anton
tararache,tararake
teohari,teohari
heimann,heimann
hariton,hariton
tiktin,tiktin
codrescu,kodresku
preoteasa,preoteasa
mosko,mosko
alkalai,alkalai
imre,imre
edouard,edouard
lindenberg,lindenberɡ
pârvulescu,pɨrvulesku
dăscălescu,dəskəlesku
sadoveanu,sadoveanu
xenopol,ksenopol
mugurel,muɡurel
buga,buɡa
dragalina,draɡalina
anastasia,anastasia
lazariuc,lazariuk
chirtoacă,kirtoakə
lăzărescu,ləzəresku
christian,khristian
beldi,beldi
solomon,solomon
marcus,markus
cosmina,kosmina
dușa,duʃa
plahotniuc,plahotniuk
raicea,rait͡ʃea
leontina,leontina
văduva,vəduva
pittiș,pittiʃ
ilarie,ilarie
voronca,voronka
sonnabend,sonnabend
varujan,varuʒan
vosganian,vosɡanian
stănescu,stənesku
sturza,sturza
augustin,auɡustin
céline,t͡ʃéline
arnauld,arnauld
ropcea,ropt͡ʃea
isidor,isidor
gansl,ɡansl
răutu,rəutu
dobrescu,dobresku
ermil,ermil
majearu,maʒearu
mihăileanu,mihəileanu
băjenaru,bəʒenaru
stoilov,stoilov
boris,boris
ștefanov,ʃtefanov
sârbu,sɨrbu
aldea,aldea
teodorovici,teodorovit͡ʃi
c,k
cionca,t͡ʃionka
vitali,vitali
holostenco,holostenko
ciugureanu,t͡ʃiuɡureanu
câlția,kɨlt͡sia
tapalagă,tapalaɡə
eva,eva
mozes,mozes
kor,kor
iustin,iustin
moisescu,moisesku
elisabeta,elisabeta
bostan,bostan
octav,oktav
băncilă,bənt͡ʃilə
egon,eɡon
balas,balas
constantinovici,konstantinovit͡ʃi
mazilu,mazilu
decebal,det͡ʃebal
remeș,remeʃ
rebengiuc,rebend͡ʒiuk
argetoianu,ard͡ʒetoianu
mitiță,mitit͡sə
pița,pit͡sa
esthera,esthera
ted,ted
ilarion,ilarion
ionescugalați,ioneskuɡalat͡si
vadim,vadim
negru,neɡru
bratu,bratu
brezoianu,brezoianu
hariclea,hariklea
darclée,darklée
gabi,ɡabi
luncă,lunkə
alexa,aleksa
celestina,t͡ʃelestina
țurcanu,t͡surkanu
mișu,miʃu
popp,popp
dana,dana
nălbaru,nəlbaru
cutaș,kutaʃ
cristi,kristi
mandeal,mandeal
avrămia,avrəmia
stângaciu,stɨnɡat͡ʃiu
banu,banu
bellio,bellio
cocoș,kokoʃ
antipa,antipa
sîncrăian,sɨnkrəian
mărginean,mərd͡ʒinean
carpo,karpo
dociu,dot͡ʃiu
manta,manta
predoiu,predoiu
hugo,huɡo
luz,luz
ursu,ursu
dem,dem
i,i
tudorel,tudorel
trică,trikə
muntean,muntean
jacques,ʒakkues
hérold,hérold
bellu,bellu
botezatu,botezatu
dimitrie,dimitrie
bogos,boɡos
dean,dean
beța,bet͡sa
dimofte,dimofte
buzura,buzura
nicolaescu,nikolaesku
john,ʒohn
chastelain,khastelain
jules,ʒules
perahim,perahim
moses,moses
gaster,ɡaster
chipăruș,kipəruʃ
albert,albert
saritov,saritov
voiculescu,voikulesku
cătinaș,kətinaʃ
doru,doru
isac,isak
dida,dida
drăgan,drəɡan
fărcaș,fərkaʃ
bârlădeanu,bɨrlədeanu
dov,dov
seltzer,seltzer
nemescu,nemesku
simionescu,simionesku
tescanu,teskanu
densusianu,densusianu
lalescu,lalesku
eliezer,eliezer
berkovits,berkovits
stoenescu,stoenesku
coliu,koliu
vlahuță,vlahut͡sə
leșcenco,leʃt͡ʃenko
tinu,tinu
asachi,asaki
baltagă,baltaɡə
maurice,maurit͡ʃe
solovine,solovine
norman,norman
mihnea,mihnea
csaba,ksaba
gal,ɡal
timofte,timofte
alexis,aleksis
nour,nour
moșanu,moʃanu
tiberiu,tiberiu
olah,olah
eduard,eduard
austerlitz,austerlitz
alin,alin
toșca,toʃka
pancu,panku
mitu,mitu
postică,postikə
paulică,paulikə
brucan,brukan
kemal,kemal
karpat,karpat
guțu,ɡut͡su
hoștină,hoʃtinə
andrea,andrea
faciu,fat͡ʃiu
aburel,aburel
pascal,paskal
bentoiu,bentoiu
copilul,kopilul
aur,aur
socol,sokol
esca,eska
sînă,sɨnə
drăgulescu,drəɡulesku
boncea,bont͡ʃea
gorghiu,ɡorɡiu
ernest,ernest
urdărianu,urdərianu
baniciu,banit͡ʃiu
daneliuc,daneliuk
olga,olɡa
nagy,naɡj
anatol,anatol
șalaru,ʃalaru
stelian,stelian
burcea,burt͡ʃea
tonitza,tonitza
teodor,teodor
baconschi,bakonski
meleșcanu,meleʃkanu
șirato,ʃirato
minune,minune
tămârjan,təmɨrʒan
amos,amos
guttman,ɡuttman
eliad,eliad
miron,miron
théodore,théodore
lupan,lupan
virgil,vird͡ʒil
magherusan,maɡerusan
bănică,bənikə
nemțeanu,nemt͡seanu
oblemenco,oblemenko
steliana,steliana
köblös,köblös
doană,doanə
flueraș,flueraʃ
cotabiță,kotabit͡sə
vernescu,vernesku
da,da
silva,silva
paleru,paleru
panet,panet
weissenbacher,weissenbaker
nikos,nikos
barboudis,barboudis
luciu,lut͡ʃiu
scripcaru,skripkaru
burianu,burianu
sudan,sudan
creangă,kreanɡə
martinescu,martinesku
oleg,oleɡ
andronic,andronik
miklos,miklos
băgulescu,bəɡulesku
ciupercă,t͡ʃiuperkə
raețchi,raet͡ski
minea,minea
bujor,buʒor
hălmăgeanu,həlməd͡ʒeanu
valeriu,valeriu
einzig,einziɡ
laura,laura
cosoi,kosoi
kinikinilau,kinikinilau
bartoș,bartoʃ
barabási,barabási
copos,kopos
răceanu,rət͡ʃeanu
borilă,borilə
bolliac,bolliak
caius,kaius
brediceanu,bredit͡ʃeanu
mária,mária
berde,berde
vasilichi,vasiliki
bernard,bernard
natan,natan
porumb,porumb
borbély,borbélj
adela,adela
bartolomeu,bartolomeu
anania,anania
clement,klement
pălimaru,pəlimaru
pungea,pund͡ʒea
gottlieb,ɡottlieb
foriș,foriʃ
lucrețiu,lukret͡siu
pătrășcanu,pətrəʃkanu
antoniade,antoniade
iuliana,iuliana
măceșeanu,mət͡ʃeʃeanu
moculescu,mokulesku
vișoianu,viʃoianu
brenciu,brent͡ʃiu
agarici,aɡarit͡ʃi
vinea,vinea
schumacher,skhumaker
druțu,drut͡su
victoraș,viktoraʃ
țurcașiu,t͡surkaʃiu
boamfă,boamfə
réka,réka
raicu,raiku
bibiri,bibiri
sabina,sabina
măriuță,məriut͡sə
theodorescu,theodoresku
angel,and͡ʒel
tîlvăr,tɨlvər
cazacu,kazaku
anghelescu,anɡelesku
pelivan,pelivan
vințe,vint͡se
stana,stana
ioanel,ioanel
sinescu,sinesku
ionut,ionut
gulea,ɡulea
diaconescu,diakonesku
bulgariu,bulɡariu
cojan,koʒan
lichioiu,likioiu
mitulescu,mitulesku
decei,det͡ʃei
broșteanu,broʃteanu
teofil,teofil
ioncu,ionku
colesnic,kolesnik
tora,tora
vasilescu,vasilesku
potocean,potot͡ʃean
cihărean,t͡ʃihərean
istodor,istodor
micescu,mit͡ʃesku
andra,andra
postelnicu,postelniku
arhire,arhire
anitaș,anitaʃ
hulubei,hulubei
caramitru,karamitru
kőrösi,kőrösi
ciugulitu,t͡ʃiuɡulitu
gafencu,ɡafenku
coldea,koldea
rusu,rusu
ivanov,ivanov
nicolescu,nikolesku
bagdasar,baɡdasar
șoimaru,ʃoimaru
ouatu,ouatu
codruța,kodrut͡sa
kövesi,kövesi
hrebenciuc,hrebent͡ʃiuk
zorlescu,zorlesku
israel,israel
zinger,zind͡ʒer
lea,lea
lexis,leksis
cella,t͡ʃella
delavrancea,delavrant͡ʃea
dragnea,draɡnea
măgureanu,məɡureanu
vitalia,vitalia
pavlicenco,pavlit͡ʃenko
pécsi,péksi
ősz,ősz
lorena,lorena
madgearu,madd͡ʒearu
spahiu,spahiu
cazimir,kazimir
zigu,ziɡu
ornea,ornea
zsolt,zsolt
kosz,kosz
gelu,d͡ʒelu
voican,voikan
lothar,lothar
rădăceanu,rədət͡ʃeanu
stănculescu,stənkulesku
la,la
bărbulești,bərbuleʃti
albon,albon
voitec,voitek
carmen,karmen
ivașcu,ivaʃku
loghin,loɡin
márta,márta
drumen,drumen
mișelăricu,miʃeləriku
haiducu,haiduku
dănilă,dənilə
cimpoi,t͡ʃimpoi
nemeș,nemeʃ
zimmermann,zimmermann
max,maks
auschnitt,auskhnitt
morar,morar
pătrașcu,pətraʃku
starenki,starenki
săsărman,səsərman
corvin,korvin
radovici,radovit͡ʃi
condeescu,kondeesku
lora,lora
șora,ʃora
stelescu,stelesku
serafina,serafina
moritz,moritz
vasilicaviorica,vasilikaviorika
nandriș,nandriʃ
păduraru,pəduraru
titieni,titieni
gianu,d͡ʒianu
bucurescu,bukuresku
cârneci,kɨrnet͡ʃi
manuela,manuela
hărăbor,hərəbor
william,william
amorim,amorim
vlasie,vlasie
ilinoiu,ilinoiu
codreanu,kodreanu
darie,darie
dale,dale
mihuț,mihut͡s
țițeica,t͡sit͡seika
bodochi,bodoki
smiley,smilej
repan,repan
jasmine,ʒasmine
black,blakk
delcea,delt͡ʃea
bobocica,bobot͡ʃika
ilinca,ilinka
goia,ɡoia
marta,marta
trancurainer,trankurainer
moța,mot͡sa
tudose,tudose
guccifer,ɡukt͡ʃifer
papadopol,papadopol
vieru,vieru
tomescu,tomesku
minodora,minodora
mitzura,mitzura
monoran,monoran
savin,savin
erlend,erlend
krauser,krauser
lassaria,lassaria
ștefănescu,ʃtefənesku
caranfil,karanfil
amna,amna
natașa,nataʃa
raab,raab
aurora,aurora
cornu,kornu
nelu,nelu
ploieșteanu,ploieʃteanu
mincu,minku
valeria,valeria
seciu,set͡ʃiu
marchiș,markiʃ
chebac,kebak
buzdugan,buzduɡan
malaxa,malaksa
andrian,andrian
candu,kandu
carp,karp
olguța,olɡut͡sa
catangă,katanɡə
fodor,fodor
popârlan,popɨrlan
socaciu,sokat͡ʃiu
damian,damian
poliana,poliana
pristăvița,pristəvit͡sa
tudorița,tudorit͡sa
chidu,kidu
fochi,foki
ilea,ilea
stanoevici,stanoevit͡ʃi
pavlu,pavlu
mironovici,mironovit͡ʃi
tudorache,tudorake
aristide,aristide
teică,teikə
hepites,hepites
țurai,t͡surai
ungheanu,unɡeanu
richard,rikhard
franasovici,franasovit͡ʃi
eduardmichael,eduardmikhael
grosu,ɡrosu
homoștean,homoʃtean
remus,remus
kofler,kofler
vlăduțescu,vlədut͡sesku
galin,ɡalin
oprișor,opriʃor
orlea,orlea
olimpia,olimpia
ploae,ploae
iridon,iridon
zeța,zet͡sa
firea,firea
margareta,marɡareta
kitzl,kitzl
toader,toader
rogoz,roɡoz
florentinacristina,florentinakristina
ispas,ispas
grindeanu,ɡrindeanu
pamfile,pamfile
graur,ɡraur
patricia,patrit͡ʃia
țig,t͡siɡ
nanau,nanau
dijmărescu,diʒməresku
mătcaș,mətkaʃ
levente,levente
molnár,molnár
anita,anita
svetozar,svetozar
popović,popoviḱ
cireașă,t͡ʃireaʃə
bugnar,buɡnar
ralea,ralea
ularu,ularu
dorian,dorian
aanei,aanei
zamfirescu,zamfiresku
bolea,bolea
jurgiu,ʒurd͡ʒiu
chifu,kifu
horodniceanu,horodnit͡ʃeanu
giulia,d͡ʒiulia
nahmany,nahmanj
leșe,leʃe
ceasar,t͡ʃeasar
doncea,dont͡ʃea
ghelmegeanu,ɡelmed͡ʒeanu
bara,bara
astrid,astrid
cîmpeanu,t͡ʃɨmpeanu
ursache,ursake
lucaci,lukat͡ʃi
nick,nikk
stuart,stuart
nichiteanu,nikiteanu
fota,fota
lica,lika
didier,didier
nunes,nunes
ștefania,ʃtefania
strătilă,strətilə
voinea,voinea
purcărete,purkərete
palmeș,palmeʃ
berbec,berbek
aurescu,auresku
magda,maɡda
puskas,puskas
dolință,dolint͡sə
furculiță,furkulit͡sə
lebedinschi,lebedinski
ghenadi,ɡenadi
mitriuc,mitriuk
mudreac,mudreak
negrei,neɡrei
ciorbă,t͡ʃiorbə
marcela,mart͡ʃela
topor,topor
horj,horʒ
coste,koste
vâlcan,vɨlkan
benonie,benonie
denisa,denisa
golgotă,ɡolɡotə
ignea,iɡnea
fazekaș,fazekaʃ
badiu,badiu
dudea,dudea
târșă,tɨrʃə
pigulea,piɡulea
tauf,tauf
panța,pant͡sa
jovan,ʒovan
marković,markoviḱ
cavallioti,kavallioti
fifor,fifor
stoenac,stoenak
chira,kira
carabela,karabela
steliancristian,steliankristian
măcelaru,mət͡ʃelaru
finți,fint͡si
dobrai,dobrai
aida,aida
feli,feli
donose,donose
boldor,boldor
oltin,oltin
barna,barna
rada,rada
mihalcea,mihalt͡ʃea
antoche,antoke
pădureanu,pədureanu
berzunțeanu,berzunt͡seanu
hărnuț,hərnut͡s
ingrid,inɡrid
bisu,bisu
eneli,eneli
rimes,rimes
balgiu,bald͡ʒiu
neculai,nekulai
predica,predika
băcilă,bət͡ʃilə
bunescu,bunesku
cîrneală,t͡ʃɨrnealə
fugașin,fuɡaʃin
nathan,nathan
ross,ross
margold,marɡold
biceanu,bit͡ʃeanu
ester,ester
peony,peonj
chipirliu,kipirliu
panduru,panduru
feruță,ferut͡sə
costache,kostake
luis,luis
nițu,nit͡su
chicu,kiku
tania,tania
dumitra,dumitra
levent,levent
ulici,ulit͡ʃi
brotnei,brotnei
niga,niɡa
velisar,velisar
pcay,pkaj
terheș,terheʃ
barta,barta
zaluschi,zaluski
nora,nora
leca,leka
medeleni,medeleni
trandafir,trandafir
rareș,rareʃ
sabrina,sabrina
luminițateodora,luminit͡sateodora
odobescu,odobesku
poenaru,poenaru
penescu,penesku
iancovescu,iankovesku
cordea,kordea
jica,ʒika
adochiței,adokit͡sei
deák,deák
fică,fikə
matiș,matiʃ
panc,pank
ardelean,ardelean
birta,birta
lustig,lustiɡ
emanuela,emanuela
ionica,ionika
ciucur,t͡ʃiukur
junghetu,ʒunɡetu
theo,theo
ulmeni,ulmeni
dorina,dorina
done,done
mag,maɡ
alcina,alt͡ʃina
dimitrescu,dimitresku
ugran,uɡran
olivia,olivia
nita,nita
igor,iɡor
cambir,kambir
odagiu,odad͡ʒiu
onea,onea
ioana,ioana
nestorescu,nestoresku
tzancă,tzankə
uraganu,uraɡanu
marcello,mart͡ʃello
cobzarju,kobzarʒu
verbitchi,verbitki
aarne,aarne
ghimiși,ɡimiʃi
cănciulescu,kənt͡ʃiulesku
karl,karl
heisenberg,heisenberɡ
comeagă,komeaɡə
andia,andia
poienaru,poienaru
mitcu,mitku
smoleanu,smoleanu
mihoc,mihok
măndănac,məndənak
pestritu,pestritu
poiana,poiana
emaa,emaa
mario,mario
fresh,fresh
maruca,maruka
băiașu,bəiaʃu
alecs,aleks
năstoiu,nəstoiu
grămoșteanu,ɡrəmoʃteanu
mădăraș,mədəraʃ
vescan,veskan
ciripan,t͡ʃiripan
jugravu,ʒuɡravu
saulescu,saulesku
ocna,okna
sibiului,sibiului
eternul,eternul
derbi,derbi
zalău,zaləu
dâmbovița,dɨmbovit͡sa
cugir,kud͡ʒir
jimbolia,ʒimbolia
piatra,piatra
neamț,neamt͡s
maramureș,maramureʃ
covasna,kovasna
prahova,prahova
motru,motru
putna,putna
olt,olt
oțelu,ot͡selu
gorj,ɡorʒ
harghita,harɡita
bocșa,bokʃa
sălaj,səlaʒ
dolj,dolʒ
ilfov,ilfov
mehedinți,mehedint͡si
isaccea,isakt͡ʃea
rapid,rapid
băneasa,bəneasa
teleorman,teleorman
ialomița,ialomit͡sa
salcea,salt͡ʃea
bechet,beket
găești,ɡəeʃti
bihor,bihor
zimnicea,zimnit͡ʃea
orăștie,orəʃtie
slatina,slatina
alexandria,aleksandria
bușteni,buʃteni
timiș,timiʃ
dara,dara
râpa,rɨpa
turceni,turt͡ʃeni
sovata,sovata
vrancea,vrant͡ʃea
cenei,t͡ʃenei
gurba,ɡurba
murfatlar,murfatlar
crișana,kriʃana
sântana,sɨntana
ponticocaspică,pontikokaspikə
amara,amara
ardud,ardud
șomcuta,ʃomkuta
eurocorp,eurokorp
livada,livada
vișeu,viʃeu
sus,sus
ponoarele,ponoarele
ostra,ostra
săliște,səliʃte
filpișu,filpiʃu
săcel,sət͡ʃel
făget,fəd͡ʒet
cristuru,kristuru
măcin,mət͡ʃin
deta,deta
horea,horea
ciolpani,t͡ʃiolpani
valea,valea
vișeului,viʃeului
hârlău,hɨrləu
otopeni,otopeni
bonțida,bont͡sida
mamaia,mamaia
petroșnița,petroʃnit͡sa
vodă,vodə
dărmănești,dərməneʃti
bârlad,bɨrlad
adjud,adʒud
agnita,aɡnita
adamclisi,adamklisi
ciacova,t͡ʃiakova
iam,iam
frumos,frumos
câmpina,kɨmpina
orman,orman
mediaș,mediaʃ
lipova,lipova
rovinari,rovinari
sarasău,sarasəu
calafat,kalafat
beiuș,beiuʃ
pata,pata
săcueni,səkueni
chiajna,kiaʒna
partium,partium
aerostar,aerostar
țara,t͡sara
moților,mot͡silor
buziaș,buziaʃ
strehaia,strehaia
năsăud,nəsəud
păltiniș,pəltiniʃ
tismana,tismana
borzești,borzeʃti
iernut,iernut
air,air
aiud,aiud
huși,huʃi
berbești,berbeʃti
săpânța,səpɨnt͡sa
ianca,ianka
mizil,mizil
oltena,oltena
jibou,ʒibou
gurbediu,ɡurbediu
charlottenburg,kharlottenburɡ
mic,mik
panic,panik
cărbunești,kərbuneʃti
cehu,t͡ʃehu
silvaniei,silvaniei
biertan,biertan
lisa,lisa
bata,bata
toplița,toplit͡sa
râșnov,rɨʃnov
veche,veke
dalnic,dalnik
vulcan,vulkan
sânmiclăuș,sɨnmikləuʃ
șieu,ʃieu
turnișor,turniʃor
ghimbav,ɡimbav
tapia,tapia
breaza,breaza
tălmaciu,təlmat͡ʃiu
sprie,sprie
sândominic,sɨndominik
câlnic,kɨlnik
ieud,ieud
aninoasa,aninoasa
cheresig,keresiɡ
viscri,viskri
bala,bala
beclean,beklean
predeal,predeal
agigea,ad͡ʒid͡ʒea
săvădisla,səvədisla
oncești,ont͡ʃeʃti
rășinari,rəʃinari
foresta,foresta
mândruloc,mɨndrulok
orșova,orʃova
girișu,d͡ʒiriʃu
saschiz,saskiz
transelectrica,transelektrika
cenad,t͡ʃenad
călugăreni,kəluɡəreni
azuga,azuɡa
porolissum,porolissum
mineu,mineu
sărățel,sərət͡sel
nojag,noʒaɡ
șugatag,ʃuɡataɡ
municipal,munit͡ʃipal
anina,anina
nouă,nouə
săcele,sət͡ʃele
belfir,belfir
lindenfeld,lindenfeld
ineu,ineu
mărășești,mərəʃeʃti
dico,diko
și,ʃi
tigănaș,tiɡənaʃ
sânnicolau,sɨnnikolau
minimax,minimaks
rozavlea,rozavlea
cisnădie,t͡ʃisnədie
hațeg,hat͡seɡ
certeju,t͡ʃerteʒu
simeria,simeria
reghin,reɡin
frumosu,frumosu
năvodari,nəvodari
fcu,fku
vladimirescu,vladimiresku
făurei,fəurei
vinga,vinɡa
eforie,eforie
viilor,viilor
dârjiu,dɨrʒiu
mărțișor,mərt͡siʃor
tisa,tisa
sânpetru,sɨnpetru
nadășului,nadəʃului
selecția,selekt͡sia
cavnic,kavnik
tilișca,tiliʃka
dinamo,dinamo
jamu,ʒamu
prejmer,preʒmer
rotunda,rotunda
gazeta,ɡazeta
sporturilor,sporturilor
balotești,baloteʃti
cotroceni,kotrot͡ʃeni
strâmtura,strɨmtura
șirna,ʃirna
troesmis,troesmis
groupama,ɡroupama
gaz,ɡaz
metan,metan
mediapro,mediapro
music,musik
tineretului,tineretului
electroputere,elektroputere
bistreț,bistret͡s
bod,bod
biharia,biharia
colonești,koloneʃti
negri,neɡri
șimian,ʃimian
tinca,tinka
fratelia,fratelia
uda,uda
ilia,ilia
casa,kasa
presei,presei
libere,libere
prislav,prislav
romula,romula
arcul,arkul
triumf,triumf
holt,holt
snagov,snaɡov
jilava,ʒilava
remetea,remetea
chioarului,kioarului
tărtăria,tərtəria
rocar,rokar
tâncăbești,tɨnkəbeʃti
petrom,petrom
histria,histria
jurnalul,ʒurnalul
național,nat͡sional
ungheni,unɡeni
salina,salina
păltinișanu,pəltiniʃanu
afumați,afumat͡si
râmnicelu,rɨmnit͡ʃelu
clinceni,klint͡ʃeni
megamax,meɡamaks
borcea,bort͡ʃea
repedea,repedea
mitoc,mitok
marca,marka
cochirleanca,kokirleanka
padeș,padeʃ
pănătău,pənətəu
găgești,ɡəd͡ʒeʃti
grivița,ɡrivit͡sa
semlac,semlak
problema,problema
basarabeană,basarabeanə
tichilești,tikileʃti
apold,apold
halmeu,halmeu
ciocârlia,t͡ʃiokɨrlia
fălciu,fəlt͡ʃiu
tuzla,tuzla
târgșoru,tɨrɡʃoru
vechi,veki
șimand,ʃimand
groșii,ɡroʃii
țibleșului,t͡sibleʃului
lăpuș,ləpuʃ
atid,atid
grup,ɡrup
feroviar,feroviar
român,romɨn
liberty,libertj
brateiu,brateiu
băla,bəla
bârnova,bɨrnova
profesionistă,profesionistə
fotbal,fotbal
hodod,hodod
prefect,prefekt
ciurea,t͡ʃiurea
storojineț,storoʒinet͡s
comana,komana
galița,ɡalit͡sa
timișoreana,timiʃoreana
golineasa,ɡolineasa
goruna,ɡoruna
colibași,kolibaʃi
costinești,kostineʃti
dobridor,dobridor
chilia,kilia
dudeștii,dudeʃtii
obârșiacloșani,obɨrʃiakloʃani
maidan,maidan
periprava,periprava
șag,ʃaɡ
canaralele,kanaralele
hârșova,hɨrʃova
șiria,ʃiria
plenița,plenit͡sa
cat,kat
chichiș,kikiʃ
pișchia,piʃkia
dona,dona
bradu,bradu
someș,someʃ
desa,desa
roșia,roʃia
montană,montanə
filioara,filioara
deveselu,deveselu
călinești,kəlineʃti
gilău,d͡ʒiləu
heci,het͡ʃi
ezeriș,ezeriʃ
grădinari,ɡrədinari
moisei,moisei
subcarpați,subkarpat͡si
scobâlțeni,skobɨlt͡seni
luna,luna
nițchidorf,nit͡skidorf
tăul,təul
lui,lui
podari,podari
puiești,puieʃti
siminicea,siminit͡ʃea
hemeiuș,hemeiuʃ
vorona,vorona
open,open
radisson,radisson
blu,blu
trântă,trɨntə
cricău,krikəu
jidvei,ʒidvei
mănăstirea,mənəstirea
săpânțaperi,səpɨnt͡saperi
noșlac,noʃlak
vințu,vint͡su
jos,ʒos
hopârta,hopɨrta
mehadia,mehadia
ciurila,t͡ʃiurila
apahida,apahida
derbiul,derbiul
vestului,vestului
orhideea,orhideea
towers,towers
alexeni,alekseni
softrans,softrans
dorna,dorna
candrenilor,kandrenilor
crasna,krasna
suhaia,suhaia
poarta,poarta
focșanilor,fokʃanilor
transylvania,transjlvania
primvs,primvs
derby,derbj
constanţa,konstant͡sa
iaşi,iaʃi
timişoara,timiʃoara
galaţi,ɡalat͡si
târgovişte,tɨrɡoviʃte
moldoveanu,moldoveanu
braşov,braʃov
bistriţa,bistrit͡sa
maramureş,maramureʃ
botoşani,botoʃani
argeş,ard͡ʒeʃ
timiş,timiʃ
neamţ,neamt͡s
mureş,mureʃ
mehedinţi,mehedint͡si
călăraşi,kələraʃi
ialomiţa,ialomit͡sa
dâmboviţa,dɨmbovit͡sa
europe,europe
carpathians,karpathians
nechita,nekita
regina,red͡ʒina
greciei,ɡret͡ʃiei
andreo,andreo
cseh,kseh
zelea,zelea
pintea,pintea
gheorghiudej,ɡeorɡiudeʒ
popescutăriceanu,popeskutərit͡ʃeanu
pană,panə
zalomir,zalomir
dolniceanu,dolnit͡ʃeanu
draica,draika
alfred,alfred
eisenbeisser,eisenbeisser
piștereanu,piʃtereanu
dărăban,dərəban
sirițeanu,sirit͡seanu
luțu,lut͡su
stoian,stoian
coteanu,koteanu
pascu,pasku
caterina,katerina
morariu,morariu
babii,babii
vasilache,vasilake
măroiu,məroiu
crăciunescu,krət͡ʃiunesku
teodoroiu,teodoroiu
tamara,tamara
buș,buʃ
plagino,plad͡ʒino
dulca,dulka
flutur,flutur
tibor,tibor
selymes,seljmes
stăncioiu,stənt͡ʃioiu
covaliu,kovaliu
moscu,mosku
gregory,ɡreɡorj
condurache,kondurake
ucenescu,ut͡ʃenesku
oproiu,oproiu
teodosiu,teodosiu
corban,korban
kázím,kázím
abdulakim,abdulakim
ferraday,ferradaj
hanca,hanka
flora,flora
dascălu,daskəlu
piatraneamț,piatraneamt͡s
stema,stema
clujnapoca,kluʒnapoka
bazinul,bazinul
panonic,panonik
bucătăria,bukətəria
românească,romɨneaskə
politehnica,politehnika
segarcea,seɡart͡ʃea
pecica,pet͡ʃika
dăbuleni,dəbuleni
economia,ekonomia
bitdefender,bitdefender
citibank,t͡ʃitibank
unirea,unirea
munții,munt͡sii
metaliferi,metaliferi
sarmizegetusa,sarmized͡ʒetusa
regia,red͡ʒia
tropaeum,tropaeum
traiani,traiani
baraolt,baraolt
parlamentul,parlamentul
republicii,republit͡ʃii
președintele,preʃedintele
clisura,klisura
sportul,sportul
studențesc,student͡sesk
scornicești,skornit͡ʃeʃti
ținutul,t͡sinutul
ulpia,ulpia
traiana,traiana
petrolul,petrolul
senatul,senatul
transcarpatia,transkarpatia
cultura,kultura
cucuteni,kukuteni
frontul,frontul
tapae,tapae
primministrul,primministrul
agache,aɡake
piersic,piersik
chelaru,kelaru
cadanțu,kadant͡su
albulescu,albulesku
mîndru,mɨndru
katz,katz
steff,steff
rainea,rainea
nichita,nikita
mitică,mitikə
mateiu,mateiu
caragiale,karad͡ʒiale
agnès,aɡnès
ullmann,ullmann
ressu,ressu
tameș,tameʃ
iorgu,iorɡu
iordan,iordan
rovana,rovana
plumb,plumb
mariavictoria,mariaviktoria
pîrcălab,pɨrkəlab
mihăilescubrăila,mihəileskubrəila
nelly,nellj
miricioiu,mirit͡ʃioiu
mălăele,mələele
foarță,foart͡sə
văcariu,vəkariu
macedonski,mat͡ʃedonski
andricu,andriku
colea,kolea
pleșu,pleʃu
cerna,t͡ʃerna
alice,alit͡ʃe
voinescu,voinesku
ruști,ruʃti
sever,sever
burada,burada
bourbonparma,bourbonparma
serghei,serɡei
țvetcov,t͡svetkov
bulimar,bulimar
tamás,tamás
vesmás,vesmás
bîrlădeanu,bɨrlədeanu
dragomirescu,draɡomiresku
dărăscu,dərəsku
călugăru,kəluɡəru
pogor,poɡor
vitanidis,vitanidis
diet,diet
sayler,sajler
besoiu,besoiu
popoviciu,popovit͡ʃiu
jora,ʒora
cuclin,kuklin
papaiani,papaiani
tâlvan,tɨlvan
antoine,antoine
goléa,ɡoléa
philippide,philippide
brădeanu,brədeanu
stroe,stroe
meissner,meissner
cugler,kuɡler
grozavu,ɡrozavu
hilda,hilda
jerea,ʒerea
liiceanu,liit͡ʃeanu
ádám,ádám
bodor,bodor
matila,matila
ghyka,ɡhjka
ciucurencu,t͡ʃiukurenku
horiaroman,horiaroman
patapievici,patapievit͡ʃi
folbert,folbert
mina,mina
minovici,minovit͡ʃi
nedelciu,nedelt͡ʃiu
d,d
chirescu,kiresku
onicescu,onit͡ʃesku
pacha,pakha
perpessicius,perpessit͡ʃius
jinga,ʒinɡa
similea,similea
bena,bena
făturăduțu,fəturədut͡su
profeta,profeta
saizescu,saizesku
nonna,nonna
otescu,otesku
caciureac,kat͡ʃiureak
catone,katone
coca,koka
andronescu,andronesku
dinculeanu,dinkuleanu
cotescu,kotesku
paștina,paʃtina
roșca,roʃka
sesto,sesto
pals,pals
vizante,vizante
iekel,iekel
slav,slav
știubei,ʃtiubei
emilia,emilia
comișel,komiʃel
diplan,diplan
lăzăreanu,ləzəreanu
glință,ɡlint͡sə
herscovici,herskovit͡ʃi
cornea,kornea
bătrânu,bətrɨnu
ottescu,ottesku
lya,lja
hubic,hubik
fotinonegru,fotinoneɡru
miriam,miriam
bulgaru,bulɡaru
talabă,talabə
micovschi,mikovski
marco,marko
fetecău,fetekəu
panonică,panonikə
istoria,istoria
oțelul,ot͡selul
berveni,berveni
miss,miss
bran,bran
astra,astra
târlișua,tɨrliʃua
găiceana,ɡəit͡ʃeana
broscăuți,broskəut͡si
plătărești,plətəreʃti
mogoșoaia,moɡoʃoaia
palatul,palatul
relațiile,relat͡siile
românoucrainene,romɨnoukrainene
ilișești,iliʃeʃti
georgeta,d͡ʒeord͡ʒeta
miklós,miklós
bánffy,bánffj
brătianu,brətianu
zeller,zeller
ignat,iɡnat
lipă,lipə
stolojan,stoloʒan
bularca,bularka
muzsnay,muzsnaj
susanu,susanu
burcicăpipotă,burt͡ʃikəpipotə
gino,d͡ʒino
răcilă,rət͡ʃilə
acatrinei,akatrinei
becleaszekely,bekleaszekelj
silai,silai
dîba,dɨba
irinacamelia,irinakamelia
begu,beɡu
niculescumizil,nikuleskumizil
iorga,iorɡa
ciorbea,t͡ʃiorbea
nana,nana
falemi,falemi
stăiculescu,stəikulesku
șelariu,ʃelariu
suciu,sut͡ʃiu
czako,kzako
cutina,kutina
dembroschi,dembroski
rășinaru,rəʃinaru
moraru,moraru
gregor,ɡreɡor
rezzori,rezzori
benția,bent͡sia
potra,potra
tătaru,tətaru
stângă,stɨnɡə
neagu,neaɡu
lăpușneanu,ləpuʃneanu
coraș,koraʃ
elemér,elemér
kocsis,koksis
săndoi,səndoi
noemi,noemi
stîngă,stɨnɡə
dobay,dobaj
socaci,sokat͡ʃi
dumănoiu,dumənoiu
glăvan,ɡləvan
olteanu,olteanu
sanda,sanda
rodica,rodika
arba,arba
cochelacogeanu,kokelakod͡ʒeanu
armășel,arməʃel
srgian,srd͡ʒian
luchin,lukin
monea,monea
panțuru,pant͡suru
dicu,diku
dolipschi,dolipski
romulus,romulus
gabor,ɡabor
hobana,hobana
macoviciuc,makovit͡ʃiuk
bilașco,bilaʃko
neagoe,neaɡoe
robe,robe
irimescu,irimesku
ciolac,t͡ʃiolak
eberle,eberle
melita,melita
rühn,rühn
trofin,trofin
licu,liku
dumitrița,dumitrit͡sa
turner,turner
trușcă,truʃkə
horvath,horvath
golopențaalexandru,ɡolopent͡saaleksandru
militaru,militaru
irimiciuc,irimit͡ʃiuk
penu,penu
țugurlan,t͡suɡurlan
loaieș,loaieʃ
voina,voina
chiroiu,kiroiu
ivăncescu,ivənt͡ʃesku
adamache,adamake
leon,leon
rotman,rotman
gruia,ɡruia
rică,rikə
răducanu,rədukanu
mărioara,mərioara
cristieana,kristieana
bufanu,bufanu
rang,ranɡ
alupei,alupei
roland,roland
gunnesch,ɡunneskh
dunca,dunka
cioroslan,t͡ʃioroslan
igorov,iɡorov
capusta,kapusta
flavius,flavius
domide,domide
cernea,t͡ʃernea
martin,martin
fulger,fuld͡ʒer
sonia,sonia
iovaninovan,iovaninovan
sideri,sideri
uta,uta
poreceanuschlandt,poret͡ʃeanuskhlandt
vanda,vanda
hădărean,hədərean
silaghi,silaɡi
talapan,talapan
ic,ik
polihroniade,polihroniade
mărăscu,mərəsku
geantă,d͡ʒeantə
cojocariu,koʒokariu
neculiță,nekulit͡sə
lajos,laʒos
sătmăreanu,sətməreanu
brandabura,brandabura
mihali,mihali
chiculiță,kikulit͡sə
nilca,nilka
mustață,mustat͡sə
ismailciuc,ismailt͡ʃiuk
mineasorohan,mineasorohan
zafiu,zafiu
homeghi,homeɡi
lavric,lavrik
raffinsky,raffinskj
chihaia,kihaia
grecu,ɡreku
bazonchelariu,bazonkelariu
szabóorbán,szabóorbán
glanzmann,ɡlanzmann
ioachim,ioakim
sîrbu,sɨrbu
zare,zare
eșanu,eʃanu
moghioroș,moɡioroʃ
vilmoș,vilmoʃ
szabo,szabo
vlădoiu,vlədoiu
drîmbă,drɨmbə
baciu,bat͡ʃiu
vardală,vardalə
gârleșteanu,ɡɨrleʃteanu
alexucciurariu,aleksukt͡ʃiurariu
sterian,sterian
soare,soare
vidrașcu,vidraʃku
volvoreanu,volvoreanu
sfetescu,sfetesku
nedelcovici,nedelkovit͡ʃi
atanasie,atanasie
tănăsescu,tənəsesku
papură,papurə
tudosie,tudosie
chiriță,kirit͡sə
iliuță,iliut͡sə
pătrășcoiu,pətrəʃkoiu
angelo,and͡ʒelo
patzaichin,patzaikin
cossini,kossini
frim,frim
athanasiu,athanasiu
groapă,ɡroapə
tomoiagă,tomoiaɡə
eugenia,eud͡ʒenia
golea,ɡolea
năstac,nəstak
costică,kostikə
aposteanu,aposteanu
dobrebălan,dobrebəlan
aneta,aneta
mihaly,mihalj
calenic,kalenik
tiță,tit͡sə
bodola,bodola
atanasia,atanasia
ionescualbu,ioneskualbu
sciotnic,st͡ʃiotnik
antonel,antonel
borșan,borʃan
dejeu,deʒeu
tașnadi,taʃnadi
bejinariu,beʒinariu
răzor,rəzor
mara,mara
nichiforov,nikiforov
aurica,aurika
bărăscu,bərəsku
gornea,ɡornea
fiat,fiat
pitică,pitikə
dafinoiu,dafinoiu
sfera,sfera
werner,werner
stöckl,stökkl
birtalan,birtalan
stelică,stelikə
morcov,morkov
petrovicescu,petrovit͡ʃesku
vizitiu,vizitiu
bindea,bindea
berbece,berbet͡ʃe
grabovschi,ɡrabovski
boroș,boroʃ
dogărescu,doɡəresku
drăgăniță,drəɡənit͡sə
bedivan,bedivan
calistrat,kalistrat
cuțov,kut͡sov
durău,durəu
buligan,buliɡan
samungi,samund͡ʒi
vasilcă,vasilkə
doboș,doboʃ
strungaru,strunɡaru
tudoran,tudoran
fölker,fölker
covaciu,kovat͡ʃiu
gațu,ɡat͡su
maricel,marit͡ʃel
spircu,spirku
pricop,prikop
oros,oros
robu,robu
bobeică,bobeikə
necula,nekula
măstăcan,məstəkan
iulică,iulikə
ruican,ruikan
zsak,zsak
rozalia,rozalia
negrilă,neɡrilə
stefanescu,stefanesku
sofia,sofia
hilde,hilde
lauer,lauer
gîrleanu,d͡ʒɨrleanu
iuga,iuɡa
lovrenschi,lovrenski
victoria,viktoria
lepădatu,lepədatu
vicol,vikol
rudolf,rudolf
bürger,bürd͡ʒer
larion,larion
limbău,limbəu
enikő,enikő
barabás,barabás
mușat,muʃat
druncea,drunt͡ʃea
țaga,t͡saɡa
șnepbălan,ʃnepbəlan
coe,koe
edmund,edmund
felecan,felekan
pescaru,peskaru
tufan,tufan
lucia,lut͡ʃia
sauca,sauka
gane,ɡane
cipere,t͡ʃipere
gingă,d͡ʒinɡə
simionov,simionov
grunfeld,ɡrunfeld
săcălicipetroșanu,səkəlit͡ʃipetroʃanu
trașcă,traʃkə
mărgăritniculescu,mərɡəritnikulesku
țăran,t͡səran
pastor,pastor
borbely,borbelj
tene,tene
covaliov,kovaliov
oancia,oant͡ʃia
bondar,bondar
dobrițoiu,dobrit͡soiu
horvat,horvat
giurcă,d͡ʒiurkə
leușteanu,leuʃteanu
magdalena,maɡdalena
micșa,mikʃa
pădurariu,pədurariu
tufanguzganu,tufanɡuzɡanu
fricioiu,frit͡ʃioiu
ioja,ioʒa
cătachițiga,kətakit͡siɡa
boghian,boɡian
papană,papanə
hubert,hubert
zilberman,zilberman
agafia,aɡafia
constantinbuhaev,konstantinbuhaev
tecla,tekla
marinescuborcănea,marineskuborkənea
ștefanmihoreanu,ʃtefanmihoreanu
lichiardopol,likiardopol
vătășoiuliță,vətəʃoiulit͡sə
marlena,marlena
zagonipredescu,zaɡonipredesku
armășescu,arməʃesku
hurmuzachidumitrescu,hurmuzakidumitresku
nastasia,nastasia
felicia,felit͡ʃia
afrăsiloaie,afrəsiloaie
subășeanu,subəʃeanu
deheleanu,deheleanu
cuedan,kuedan
diacu,diaku
crivoi,krivoi
gergely,d͡ʒerd͡ʒelj
rath,rath
andriev,andriev
danielov,danielov
neculae,nekulae
gheorghiță,ɡeorɡit͡sə
obreja,obreʒa
valer,valer
policarp,polikarp
malîhin,malɨhin
rotarukottmann,rotarukottmann
macavei,makavei
koczi,kokzi
deleanu,deleanu
haralambie,haralambie
günther,ɡünther
țicleanu,t͡sikleanu
ceapura,t͡ʃeapura
iosub,iosub
vartolomeu,vartolomeu
frîntu,frɨntu
petrilă,petrilə
meyer,mejer
abraham,abraham
halevy,halevj
velicu,veliku
anghelache,anɡelake
donescu,donesku
elisa,elisa
leonida,leonida
bunoaica,bunoaika
sterea,sterea
brăduț,brədut͡s
pățan,pət͡san
demetrescu,demetresku
curticeanu,kurtit͡ʃeanu
dalea,dalea
farcaș,farkaʃ
uglar,uɡlar
turcu,turku
lina,lina
lupoi,lupoi
suzana,suzana
gâdea,ɡɨdea
burtică,burtikə
bereș,bereʃ
țurcaș,t͡surkaʃ
șnep,ʃnep
cuciuc,kut͡ʃiuk
elenagabriela,elenaɡabriela
ruse,ruse
bălescu,bəlesku
cogianu,kod͡ʒianu
străinu,strəinu
szasz,szasz
sevil,sevil
shhaideh,shhaideh
luiza,luiza
filiorianu,filiorianu
frunzetti,frunzetti
tripșa,tripʃa
ronaldo,ronaldo
deaconu,deakonu
novac,novak
tîlvescu,tɨlvesku
jaqueline,ʒakueline
gag,ɡaɡ
călugăreanu,kəluɡəreanu
pascari,paskari
bologa,boloɡa
kriszta,kriszta
incze,inkze
cozmiuc,kozmiuk
livia,livia
nicoletaancuța,nikoletaankut͡sa
bodnar,bodnar
radiș,radiʃ
semciuc,semt͡ʃiuk
buhuș,buhuʃ
tivodariu,tivodariu
ailincăi,ailinkəi
vereș,vereʃ
mihaiviorel,mihaiviorel
balla,balla
tudosă,tudosə
amalia,amalia
mariamagdalena,mariamaɡdalena
viviana,viviana
vrînceanu,vrɨnt͡ʃeanu
valentina,valentina
vîrlan,vɨrlan
louis,louis
sărmașu,sərmaʃu
bragadiru,braɡadiru
bicaz,bikaz
rupea,rupea
chitila,kitila
nehoiu,nehoiu
săveni,səveni
slănicmoldova,slənikmoldova
sârbi,sɨrbi
zlatna,zlatna
pucioasa,put͡ʃioasa
piatraolt,piatraolt
roznov,roznov
fierbințitârg,fierbint͡sitɨrɡ
cajvana,kaʒvana
flămânzi,fləmɨnzi
băbeni,bəbeni
răcari,rəkari
murgeni,murd͡ʒeni
liteni,liteni
potcoava,potkoava
dolhasca,dolhaska
milișăuți,miliʃəut͡si
solca,solka
bălcești,bəlt͡ʃeʃti
frasin,frasin
bucecea,but͡ʃet͡ʃea
dragomirești,draɡomireʃti
căzănești,kəzəneʃti
pătârlagele,pətɨrlad͡ʒele
pogoanele,poɡoanele
curtici,kurtit͡ʃi
vașcău,vaʃkəu
pâncota,pɨnkota
comarnic,komarnik
aleșd,aleʃd
budești,budeʃti
urlați,urlat͡si
însurăței,ɨnsurət͡sei
câmpeni,kɨmpeni
berești,bereʃti
negreștioaș,neɡreʃtioaʃ
gătaia,ɡətaia
recaș,rekaʃ
videle,videle
abrud,abrud
szabadság,szabadsáɡ
negrești,neɡreʃti
horezu,horezu
panciu,pant͡ʃiu
avrig,avriɡ
topoloveni,topoloveni
nucet,nut͡ʃet
darabani,darabani
călimănești,kəliməneʃti
techirghiol,tekirɡiol
seini,seini
oravița,oravit͡sa
tășnad,təʃnad
odobești,odobeʃti
novaci,novat͡ʃi
tăuțiimăgherăuș,təut͡siiməɡerəuʃ
popeștileordeni,popeʃtileordeni
fundulea,fundulea
fieni,fieni
babadag,babadaɡ
ștei,ʃtei
huedin,huedin
vlăhița,vləhit͡sa
sângeorzbăi,sɨnd͡ʒeorzbəi
țicleni,t͡sikleni
țăndărei,t͡səndərei
tâmpa,tɨmpa
plopeni,plopeni
teiuș,teiuʃ
mihăilești,mihəileʃti
chișineucriș,kiʃineukriʃ
bolintinvale,bolintinvale
drăgăneștiolt,drəɡəneʃtiolt
sebiș,sebiʃ
nădlac,nədlak
borsec,borsek
călan,kəlan
dumbrăveni,dumbrəveni
brezoi,brezoi
geoagiu,d͡ʒeoad͡ʒiu
slănic,slənik
tarutino,tarutino
uricani,urikani
boldeștiscăeni,boldeʃtiskəeni
bumbeștijiu,bumbeʃtiʒiu
broșteni,broʃteni
văitoianu,vəitoianu
allysin,alljsin
chaynes,khajnes
jakubinyi,ʒakubinji
burcică,burt͡ʃikə
pătraș,pətraʃ
dîncu,dɨnku
daciana,dat͡ʃiana
lazarov,lazarov
józsef,ʒózsef
dudás,dudás
funar,funar
percă,perkə
miriuță,miriut͡sə
mălina,məlina
olinescu,olinesku
simina,simina
grigoriu,ɡriɡoriu
cioroianu,t͡ʃioroianu
flondor,flondor
sándor,sándor
kányádi,kánjádi
mendelsohn,mendelsohn
caudella,kaudella
negrișan,neɡriʃan
blaier,blaier
ierunca,ierunka
soltan,soltan
sorina,sorina
plăcintă,plət͡ʃintə
lili,lili
poór,poór
labiș,labiʃ
ionescuquintus,ioneskukuintus
popistașu,popistaʃu
szabédi,szabédi
mironescu,mironesku
ghenea,ɡenea
russo,russo
széles,széles
andrás,andrás
hatházi,hatházi
adam,adam
emanoil,emanoil
petruț,petrut͡s
vișoiu,viʃoiu
iordăchescu,iordəkesku
thorma,thorma
cilibi,t͡ʃilibi
moise,moise
hațieganu,hat͡sieɡanu
pena,pena
nicholas,nikholas
georgescuroegen,d͡ʒeord͡ʒeskuroed͡ʒen
ehrittvanc,ehrittvank
elvira,elvira
stoichiță,stoikit͡sə
hănceanu,hənt͡ʃeanu
frățilă,frət͡silə
pușcău,puʃkəu
vermont,vermont
beligan,beliɡan
dorotheea,dorotheea
caragianistoienescu,karad͡ʒianistoienesku
nicolschi,nikolski
mirea,mirea
bartis,bartis
ciulei,t͡ʃiulei
ștef,ʃtef
mesian,mesian
antoci,antot͡ʃi
hergheligiu,herɡelid͡ʒiu
andrew,andrew
bart,bart
stürmer,stürmer
razu,razu
medeea,medeea
budeanu,budeanu
vasiliu,vasiliu
pellea,pellea
bosianu,bosianu
pierre,pierre
hassner,hassner
mirabela,mirabela
dauer,dauer
mitrea,mitrea
păun,pəun
fugaru,fuɡaru
davidov,davidov
wagnerrégeny,waɡnerréd͡ʒenj
câmpeanu,kɨmpeanu
pescariu,peskariu
constantinescuclaps,konstantineskuklaps
gherghel,ɡerɡel
bittman,bittman
anastasie,anastasie
nyiszli,njiszli
nane,nane
dalma,dalma
nemțoc,nemt͡sok
vaidavoievod,vaidavoievod
belcea,belt͡ʃea
zotincă,zotinkə
teclu,teklu
livio,livio
blecher,bleker
tăslăuanu,təsləuanu
raulcristian,raulkristian
săraru,səraru
dj,dʒ
sava,sava
adriean,adriean
videanu,videanu
gângă,ɡɨnɡə
edeleanu,edeleanu
brumaru,brumaru
fâșie,fɨʃie
bordeianu,bordeianu
goldstein,ɡoldstein
eugencristian,eud͡ʒenkristian
bolintineanu,bolintineanu
julie,ʒulie
mayaya,majaja
corbeanu,korbeanu
weigl,weiɡl
proca,proka
elenacristina,elenakristina
marchisano,markisano
olariu,olariu
nazare,nazare
pál,pál
teleki,teleki
cantacuzinogrănicerul,kantakuzinoɡrənit͡ʃerul
arsenescu,arsenesku
baratky,baratkj
știrbei,ʃtirbei
gheo,ɡeo
thomas,thomas
nägler,näɡler
papuc,papuk
pîrvan,pɨrvan
manoilescu,manoilesku
bleonț,bleont͡s
relu,relu
fenechiu,fenekiu
moskowitz,moskowitz
bitănescu,bitənesku
pricopie,prikopie
iliu,iliu
zadik,zadik
guess,ɡuess
who,who
samoilă,samoilə
mârza,mɨrza
sari,sari
prigoană,priɡoanə
negruzzi,neɡruzzi
popescugopo,popeskuɡopo
axel,aksel
moustache,moustake
bíró,bíró
aylin,ajlin
cadîr,kadɨr
zaharescu,zaharesku
eszter,eszter
tompa,tompa
rukmini,rukmini
callimachi,kallimaki
florariu,florariu
moșoiu,moʃoiu
bubu,bubu
cheloo,keloo
bobby,bobbj
motoi,motoi
serghi,serɡi
clara,klara
coșereanu,koʃereanu
demian,demian
livezeanu,livezeanu
veroiu,veroiu
jerryco,ʒerrjko
naghi,naɡi
justin,ʒustin
farcas,farkas
pâslaru,pɨslaru
petra,petra
sorescu,soresku
lică,likə
movilă,movilə
xxl,ksksl
gârbea,ɡɨrbea
piedone,piedone
dinulescu,dinulesku
marinică,marinikə
marioara,marioara
obrenovici,obrenovit͡ʃi
nuțu,nut͡su
alexia,aleksia
talavutis,talavutis
ioanițiu,ioanit͡siu
truică,truikə
breban,breban
nedeff,nedeff
buhagiar,buhad͡ʒiar
petrescucomnen,petreskukomnen
andi,andi
vasluianu,vasluianu
siminie,siminie
noah,noah
brosch,broskh
elan,elan
schwartzenberg,skhwartzenberɡ
boilă,boilə
mia,mia
braia,braia
deatcu,deatku
jesus,ʒesus
del,del
cerro,t͡ʃerro
cazan,kazan
miheleș,miheleʃ
chirilă,kirilə
leny,lenj
caler,kaler
pandele,pandele
banias,banias
clody,klodj
bertola,bertola
pintilei,pintilei
malvina,malvina
urșianu,urʃianu
ifrim,ifrim
duță,dut͡sə
ilieșiu,ilieʃiu
huian,huian
bănărescu,bənəresku
mariu,mariu
manouly,manoulj
ogășanu,oɡəʃanu
ungurin,unɡurin
ipate,ipate
neda,neda
ricky,rikkj
dandel,dandel
désirée,désirée
malonga,malonɡa
viziru,viziru
velniciuc,velnit͡ʃiuk
visu,visu
valeca,valeka
frunză,frunzə
sergovici,serɡovit͡ʃi
venczel,venkzel
păcuraru,pəkuraru
chiriac,kiriak
ghibănescu,ɡibənesku
lăpușan,ləpuʃan
pimen,pimen
zainea,zainea
mazăre,mazəre
péter,péter
vafloana,vafloana
pârva,pɨrva
isabela,isabela
neamțu,neamt͡su
bațu,bat͡su
anda,anda
onesa,onesa
ozana,ozana
barabancea,barabant͡ʃea
cartianupopescu,kartianupopesku
verdeș,verdeʃ
cotimanis,kotimanis
chris,khris
serban,serban
bălăiță,bələit͡sə
rudi,rudi
rosenfeld,rosenfeld
ender,ender
memet,memet
ratiu,ratiu
colțescu,kolt͡sesku
jela,ʒela
anne,anne
fabini,fabini
arghira,arɡira
cișmaș,t͡ʃiʃmaʃ
sudureac,sudureak
dichiseanu,dikiseanu
danmircea,danmirt͡ʃea
cuzin,kuzin
tudorascu,tudorasku
bobonete,bobonete
adél,adél
csobot,ksobot
puiumircea,puiumirt͡ʃea
lăscuș,ləskuʃ
seleși,seleʃi
sapdaru,sapdaru
benone,benone
sinulescu,sinulesku
nechiti,nekiti
strunilă,strunilə
mărdărescu,mərdəresku
cotovelea,kotovelea
gruzsniczki,ɡruzsnikzki
frâncu,frɨnku
bálint,bálint
adorjáni,adorʒáni
condrea,kondrea
vergil,verd͡ʒil
teban,teban
văncică,vənt͡ʃikə
bălășoiu,bələʃoiu
lumi,lumi
docan,dokan
mirică,mirikə
romcescu,romt͡ʃesku
tutunaru,tutunaru
patriciu,patrit͡ʃiu
achimașcadariu,akimaʃkadariu
baer,baer
minelli,minelli
benoni,benoni
lazarescu,lazaresku
dariusadrian,dariusadrian
galupa,ɡalupa
zenide,zenide
rugină,rud͡ʒinə
adrianioan,adrianioan
veștea,veʃtea
cesonia,t͡ʃesonia
vasiu,vasiu
mățan,mət͡san
macanache,makanake
ursea,ursea
emilian,emilian
uricaru,urikaru
mărculescu,mərkulesku
lucía,lut͡ʃía
dani,dani
oțil,ot͡sil
rengle,renɡle
mariusconstantin,mariuskonstantin
budăi,budəi
allen,allen
coliban,koliban
sînziana,sɨnziana
nicola,nikola
opritescu,opritesku
grama,ɡrama
crețulescu,kret͡sulesku
lucianovidiu,lut͡ʃianovidiu
heiuș,heiuʃ
ghibu,ɡibu
fatma,fatma
mohamed,mohamed
haiduc,haiduk
guran,ɡuran
miruna,miruna
sergiuvasile,serd͡ʒiuvasile
grădinaru,ɡrədinaru
berariu,berariu
buhus,buhus
negoescu,neɡoesku
mihăiță,mihəit͡sə
țigănescu,t͡siɡənesku
catrinel,katrinel
dănăiață,dənəiat͡sə
oancea,oant͡ʃea
vârciu,vɨrt͡ʃiu
erga,erɡa
marton,marton
matteo,matteo
kerim,kerim
dumbravă,dumbravə
curceanu,kurt͡ʃeanu
cazac,kazak
lumânare,lumɨnare
oanță,oant͡sə
gall,ɡall
petcu,petku
militarumașca,militarumaʃka
collins,kollins
valentine,valentine
mateisieburg,mateisieburɡ
rodrig,rodriɡ
andrisan,andrisan
cernat,t͡ʃernat
mărghidan,mərɡidan
alyssia,aljssia
kent,kent
cioroiu,t͡ʃioroiu
dican,dikan
cristuțiu,kristut͡siu
zuckerman,zukkerman
aprodu,aprodu
galeș,ɡaleʃ
bănescu,bənesku
panamarenco,panamarenko
crina,krina
logigan,lod͡ʒiɡan
nanoveanu,nanoveanu
petrut,petrut
vlady,vladj
cnejevici,kneʒevit͡ʃi
petrov,petrov
aradits,aradits
roxen,roksen
madalina,madalina
marcian,mart͡ʃian
lazar,lazar
pocol,pokol
păuleț,pəulet͡s
șerbanionda,ʃerbanionda
jador,ʒador
catalina,katalina
bora,bora
kerek,kerek
velvet,velvet
kerekes,kerekes
panaitescu,panaitesku
iulianalexandru,iulianaleksandru
muraru,muraru
teniță,tenit͡sə
anea,anea
damixie,damiksie
silișteanu,siliʃteanu
lee,lee
heart,heart
stetcu,stetku
branduse,branduse
negulescu,neɡulesku
codin,kodin
maticiuc,matit͡ʃiuk
porojnicu,poroʒniku
mititescu,mititesku
târziu,tɨrziu
bădărău,bədərəu
ela,ela
picoș,pikoʃ
gae,ɡae
victoriaștefania,viktoriaʃtefania
petreanu,petreanu
săndulescu,səndulesku
cocis,kot͡ʃis
păsărin,pəsərin
răducu,rəduku
cheloiu,keloiu
crenguta,krenɡuta
romaniuc,romaniuk
paraschiv,paraskiv
aureliu,aureliu
surulescu,surulesku
chesa,kesa
economu,ekonomu
amăistroaie,aməistroaie
meda,meda
vârghiș,vɨrɡiʃ
carașseverin,karaʃseverin
zam,zam
șoarș,ʃoarʃ
brebu,brebu
ormeniș,ormeniʃ
perieți,periet͡si
bârca,bɨrka
fcsb,fksb
bistrițanăsăud,bistrit͡sanəsəud
faraoani,faraoani
avrămești,avrəmeʃti
pianu,pianu
ștefănești,ʃtefəneʃti
livezi,livezi
malnaș,malnaʃ
bălăceanu,bələt͡ʃeanu
berceni,bert͡ʃeni
voinești,voineʃti
fântânele,fɨntɨnele
păcureți,pəkuret͡si
cândești,kɨndeʃti
buhoci,buhot͡ʃi
bucureșci,bukureʃt͡ʃi
brusturoasa,brusturoasa
buceș,but͡ʃeʃ
mănești,məneʃti
bunila,bunila
burjuc,burʒuk
lapoș,lapoʃ
posești,poseʃti
paleu,paleu
costești,kosteʃti
glod,ɡlod
fulga,fulɡa
bătrâni,bətrɨni
buciumi,but͡ʃiumi
sălciua,səlt͡ʃiua
stolpersteine,stolpersteine
comișani,komiʃani
gherghița,ɡerɡit͡sa
butimanu,butimanu
lungești,lund͡ʒeʃti
cosminele,kosminele
sântandrei,sɨntandrei
cerașu,t͡ʃeraʃu
cetate,t͡ʃetate
ceptura,t͡ʃeptura
ciorani,t͡ʃiorani
bătrâna,bətrɨna
asău,asəu
almaș,almaʃ
vișinești,viʃineʃti
clujmănăștur,kluʒmənəʃtur
colceag,kolt͡ʃeaɡ
moțăieni,mot͡səieni
păunești,pəuneʃti
dumbrăvești,dumbrəveʃti
ziduri,ziduri
cerbăl,t͡ʃerbəl
bănița,bənit͡sa
gornet,ɡornet
talea,talea
comună,komunə
coșereni,koʃereni
reci,ret͡ʃi
bogda,boɡda
bârsănești,bɨrsəneʃti
bârgăuani,bɨrɡəuani
bicazchei,bikazkei
balcani,balkani
bârna,bɨrna
vârfuri,vɨrfuri
bertea,bertea
beriu,beriu
belinț,belint͡s
șibot,ʃibot
birda,birda
bethausen,bethausen
jucu,ʒuku
dobra,dobra
adevărul,adevərul
balinț,balint͡s
dofteana,dofteana
bistra,bistra
blăjeni,bləʒeni
densuș,densuʃ
bărcănești,bərkəneʃti
banloc,banlok
drajna,draʒna
saturn,saturn
tătărani,tətərani
dolhești,dolheʃti
drăgănești,drəɡəneʃti
săhăteni,səhəteni
vidra,vidra
balaciu,balat͡ʃiu
brazi,brazi
ciorogârla,t͡ʃioroɡɨrla
adâncata,adɨnkata
bordești,bordeʃti
chiojdeanca,kioʒdeanka
strei,strei
vârteșcoiu,vɨrteʃkoiu
ploscuțeni,ploskut͡seni
vizantealivezi,vizantealivezi
holbav,holbav
bucov,bukov
bățani,bət͡sani
biled,biled
checea,ket͡ʃea
banca,banka
poșaga,poʃaɡa
cotuș,kotuʃ
brestovăț,brestovət͡s
ghimeșfăget,ɡimeʃfəd͡ʒet
agapia,aɡapia
salcia,salt͡ʃia
ciolănești,t͡ʃioləneʃti
măneciu,mənet͡ʃiu
ludești,ludeʃti
trotuș,trotuʃ
târnava,tɨrnava
mică,mikə
bucovăț,bukovət͡s
liești,lieʃti
sărulești,səruleʃti
pipera,pipera
cergău,t͡ʃerɡəu
hobița,hobit͡sa
boldeștigradiștea,boldeʃtiɡradiʃtea
boldur,boldur
rădoiești,rədoieʃti
șotrile,ʃotrile
solocma,solokma
potlogi,potlod͡ʒi
merei,merei
mera,mera
năruja,nəruʒa
horgești,hord͡ʒeʃti
măeriște,məeriʃte
comăna,koməna
milcovul,milkovul
brănișca,brəniʃka
borș,borʃ
gorgota,ɡorɡota
agăș,aɡəʃ
garoafa,ɡaroafa
boșorod,boʃorod
camăr,kamər
robănești,robəneʃti
borod,borod
gârleni,ɡɨrleni
tanacu,tanaku
răchitoasa,rəkitoasa
florești,floreʃti
ardeoani,ardeoani
parincea,parint͡ʃea
teliu,teliu
nereju,nereʒu
brănești,brəneʃti
săvârșin,səvɨrʃin
almăj,alməʒ
stângăceaua,stɨnɡət͡ʃeaua
roșiești,roʃieʃti
bârsești,bɨrseʃti
pucheni,pukeni
ciucurova,t͡ʃiukurova
brusturi,brusturi
abram,abram
cărpiniș,kərpiniʃ
dudaepureni,dudaepureni
gornești,ɡorneʃti
albeștipaleologu,albeʃtipaleoloɡu
viișoara,viiʃoara
vețel,vet͡sel
băleni,bəleni
cenade,t͡ʃenade
bârsău,bɨrsəu
tâmboești,tɨmboeʃti
pârgărești,pɨrɡəreʃti
albac,albak
crângurile,krɨnɡurile
buciumeni,but͡ʃiumeni
oituz,oituz
hoghiz,hoɡiz
racoș,rakoʃ
cața,kat͡sa
vulcanabăi,vulkanabəi
lădești,lədeʃti
cârjiți,kɨrʒit͡si
modelu,modelu
ruginești,rud͡ʒineʃti
solonț,solont͡s
vânjuleț,vɨnʒulet͡s
mândra,mɨndra
talpa,talpa
negrilești,neɡrileʃti
părău,pərəu
bunești,buneʃti
crizbav,krizbav
apața,apat͡sa
gurasada,ɡurasada
sârbiimăgura,sɨrbiiməɡura
curcani,kurkani
homoroade,homoroade
ghelari,ɡelari
gornetcricov,ɡornetkrikov
tărlungeni,tərlund͡ʒeni
uliești,ulieʃti
golești,ɡoleʃti
dornaarini,dornaarini
sântămăriaorlea,sɨntəməriaorlea
pui,pui
olari,olari
perișani,periʃani
ștefești,ʃtefeʃti
drăgăneștivlașca,drəɡəneʃtivlaʃka
crucea,krut͡ʃea
sângeru,sɨnd͡ʒeru
râfov,rɨfov
hărău,hərəu
aștileu,aʃtileu
dumbrava,dumbrava
păulești,pəuleʃti
teișani,teiʃani
iordăcheanu,iordəkeanu
bahna,bahna
sălciile,səlt͡ʃiile
secăria,sekəria
predealsărari,predealsərari
nănești,nəneʃti
culciu,kult͡ʃiu
ruginoasa,rud͡ʒinoasa
lipănești,lipəneʃti
hârseni,hɨrseni
șoimari,ʃoimari
măgureni,məɡureni
moftin,moftin
bodești,bodeʃti
ulmi,ulmi
telega,teleɡa
plopu,plopu
bălțătești,bəlt͡səteʃti
pădina,pədina
tomșani,tomʃani
vărbilău,vərbiləu
balta,balta
orlești,orleʃti
bezdead,bezdead
dumbrăvița,dumbrəvit͡sa
dănicei,dənit͡ʃei
țifești,t͡sifeʃti
cacica,kat͡ʃika
stroești,stroeʃti
luica,luika
șinca,ʃinka
ciomăgești,t͡ʃioməd͡ʒeʃti
pietrari,pietrari
drăgești,drəd͡ʒeʃti
mătăsaru,mətəsaru
vulturești,vultureʃti
răzvad,rəzvad
cașin,kaʃin
tamași,tamaʃi
raciu,rat͡ʃiu
dragomireștivale,draɡomireʃtivale
priponești,priponeʃti
homorod,homorod
tomești,tomeʃti
moroeni,moroeni
râmeț,rɨmet͡s
cernătești,t͡ʃernəteʃti
măgura,məɡura
vișani,viʃani
parava,parava
palanca,palanka
răchitova,rəkitova
pârjol,pɨrʒol
sascut,saskut
mărgineni,mərd͡ʒineni
sărata,sərata
ucea,ut͡ʃea
coșoveni,koʃoveni
sălcioara,səlt͡ʃioara
cosâmbești,kosɨmbeʃti
săbăreni,səbəreni
tulucești,tulut͡ʃeʃti
mărăcineni,mərət͡ʃineni
bilciurești,bilt͡ʃiureʃti
turdaș,turdaʃ
platonești,platoneʃti
scânteiești,skɨnteieʃti
sinești,sineʃti
bărăști,bərəʃti
păușeștimăglași,pəuʃeʃtiməɡlaʃi
optașimăgura,optaʃiməɡura
sâmburești,sɨmbureʃti
milcov,milkov
scânteia,skɨnteia
filipeni,filipeni
sărățeni,sərət͡seni
sohatu,sohatu
lunca,lunka
gârnic,ɡɨrnik
strejești,streʒeʃti
scorțeni,skort͡seni
bolotești,boloteʃti
vrâncioaia,vrɨnt͡ʃioaia
cornățelu,kornət͡selu
pietroasele,pietroasele
câineni,kɨineni
bratca,bratka
sânmartin,sɨnmartin
bogdănești,boɡdəneʃti
buduslău,budusləu
tărtășești,tərtəʃeʃti
lungulețu,lunɡulet͡su
itești,iteʃti
țițești,t͡sit͡seʃti
drăgotești,drəɡoteʃti
dobrești,dobreʃti
șuletea,ʃuletea
amaru,amaru
voicești,voit͡ʃeʃti
boțești,bot͡seʃti
cepari,t͡ʃepari
apostolache,apostolake
stoicănești,stoikəneʃti
vișina,viʃina
petreu,petreu
mihăești,mihəeʃti
dămienești,dəmieneʃti
vedea,vedea
căiuți,kəiut͡si
cleja,kleʒa
huruiești,huruieʃti
bereștibistrița,bereʃtibistrit͡sa
pietroșani,pietroʃani
șelimbăr,ʃelimbər
mărtinești,mərtineʃti
doicești,doit͡ʃeʃti
finta,finta
glodeni,ɡlodeni
cocu,koku
covăsânț,kovəsɨnt͡s
belciugatele,belt͡ʃiuɡatele
adunați,adunat͡si
luizicălugăra,luizikəluɡəra
lehliu,lehliu
bucșani,bukʃani
vlădești,vlədeʃti
vorța,vort͡sa
boghești,boɡeʃti
ticușu,tikuʃu
buneștiaverești,buneʃtiavereʃti
galbenu,ɡalbenu
popești,popeʃti
crăiești,krəieʃti
dorobanțu,dorobant͡su
batăr,batər
vernești,verneʃti
mărașu,məraʃu
robeasca,robeaska
surdilagăiseanca,surdilaɡəiseanka
calvini,kalvini
pâncești,pɨnt͡ʃeʃti
rușețu,ruʃet͡su
romanu,romanu
giulvăz,d͡ʒiulvəz
produlești,produleʃti
husnicioara,husnit͡ʃioara
tursib,tursib
jirlău,ʒirləu
recea,ret͡ʃea
vârtop,vɨrtop
berghin,berɡin
godeni,ɡodeni
cănești,kəneʃti
chiscani,kiskani
nucșoara,nukʃoara
giulești,d͡ʒiuleʃti
mioarele,mioarele
budeasa,budeasa
coțofănești,kot͡sofəneʃti
bereștitazlău,bereʃtitazləu
trifești,trifeʃti
padina,padina
berca,berka
cornești,korneʃti
măxineni,məksineni
zăvoaia,zəvoaia
gemenele,d͡ʒemenele
șoimuș,ʃoimuʃ
totești,toteʃti
zăbrani,zəbrani
șoldanu,ʃoldanu
siriu,siriu
cincu,t͡ʃinku
hălchiu,həlkiu
vâlcelele,vɨlt͡ʃelele
mogoșani,moɡoʃani
malaia,malaia
feldioara,feldioara
scutelnici,skutelnit͡ʃi
săgeata,səd͡ʒeata
tisău,tisəu
scorțoasa,skort͡soasa
topliceni,toplit͡ʃeni
mărgăritești,mərɡəriteʃti
bozioru,bozioru
voila,voila
brețcu,bret͡sku
podgoria,podɡoria
racovițeni,rakovit͡seni
mânzălești,mɨnzəleʃti
runcu,runku
bâra,bɨra
surdilagreci,surdilaɡret͡ʃi
radovanu,radovanu
vârlezi,vɨrlezi
ciocănești,t͡ʃiokəneʃti
cobia,kobia
vălenidâmbovița,vəlenidɨmbovit͡sa
bisoca,bisoka
pârscov,pɨrskov
țintești,t͡sinteʃti
perișoru,periʃoru
mitreni,mitreni
galiciuica,ɡalit͡ʃiuika
viperești,vipereʃti
săpoca,səpoka
moacșa,moakʃa
hărman,hərman
ungra,unɡra
șotânga,ʃotɨnɡa
spanțov,spant͡sov
adășeni,adəʃeni
vasilați,vasilat͡si
gurbănești,ɡurbəneʃti
brezoaele,brezoaele
jegălia,ʒeɡəlia
lupșanu,lupʃanu
blăgești,bləd͡ʒeʃti
prăjești,prəʒeʃti
periș,periʃ
cornetu,kornetu
corbeanca,korbeanka
bengeșticiocadia,bend͡ʒeʃtit͡ʃiokadia
moieciu,moiet͡ʃiu
floreștistoenești,floreʃtistoeneʃti
orbeni,orbeni
secuieni,sekuieni
verbița,verbit͡sa
urzicuța,urzikut͡sa
gruiu,ɡruiu
brateș,brateʃ
șercaia,ʃerkaia
pătulele,pətulele
dobroești,dobroeʃti
rebrișoara,rebriʃoara
corbasca,korbaska
chiojdu,kioʒdu
ciochina,t͡ʃiokina
bărăganul,bərəɡanul
stăncuța,stənkut͡sa
frecăței,frekət͡sei
domnești,domneʃti
grădiștea,ɡrədiʃtea
niculești,nikuleʃti
zemeș,zemeʃ
siliștea,siliʃtea
racovița,rakovit͡sa
logrești,loɡreʃti
glogova,ɡloɡova
muntenibuzău,muntenibuzəu
argetoaia,ard͡ʒetoaia
godeanu,ɡodeanu
dodești,dodeʃti
frumușița,frumuʃit͡sa
corni,korni
braniștea,braniʃtea
vădăstrița,vədəstrit͡sa
poduri,poduri
plopana,plopana
stănișești,stəniʃeʃti
dichiseni,dikiseni
gârbovi,ɡɨrbovi
bordușani,borduʃani
stelnica,stelnika
fundeni,fundeni
independența,independent͡sa
crișcior,kriʃt͡ʃior
nistorești,nistoreʃti
câmpuri,kɨmpuri
cuca,kuka
boghicea,boɡit͡ʃea
dobrotești,dobroteʃti
fârțănești,fɨrt͡səneʃti
racova,rakova
smârdan,smɨrdan
rediu,rediu
rădulești,rəduleʃti
andrășești,andrəʃeʃti
iedera,iedera
petrăchioaia,petrəkioaia
cislău,t͡ʃisləu
tunari,tunari
văcărești,vəkəreʃti
helegiu,heled͡ʒiu
ivești,iveʃti
sălcuța,səlkut͡sa
rojiște,roʒiʃte
axintele,aksintele
răcăciuni,rəkət͡ʃiuni
găneasa,ɡəneasa
lelese,lelese
izvoarele,izvoarele
corbița,korbit͡sa
gâdinți,ɡɨdint͡si
drăgușeni,drəɡuʃeni
rădești,rədeʃti
sălătrucel,sələtrut͡ʃel
vultureni,vultureni
ungureni,unɡureni
glăvănești,ɡləvəneʃti
sălătrucu,sələtruku
brăhășești,brəhəʃeʃti
bereștimeria,bereʃtimeria
bălășești,bələʃeʃti
arbore,arbore
hărmănești,hərməneʃti
reviga,reviɡa
județ,ʒudet͡s
lăpușata,ləpuʃata
stâlpeni,stɨlpeni
săpata,səpata
arieșeni,arieʃeni
filipești,filipeʃti
cosmești,kosmeʃti
cavadinești,kavadineʃti
nicorești,nikoreʃti
vânători,vɨnətori
stoenești,stoeneʃti
frătești,frəteʃti
gălbinași,ɡəlbinaʃi
bărbulețu,bərbulet͡su
vâlcele,vɨlt͡ʃele
isvoarele,isvoarele
vlădila,vlədila
voineasa,voineasa
starchiojd,starkioʒd
jugureni,ʒuɡureni
vlădeni,vlədeni
budureasa,budureasa
vădastra,vədastra
verguleasa,verɡuleasa
ciulnița,t͡ʃiulnit͡sa
costișa,kostiʃa
vâlcănești,vɨlkəneʃti
cicănești,t͡ʃikəneʃti
bogați,boɡat͡si
măgirești,məd͡ʒireʃti
cătina,kətina
ulmu,ulmu
vulpeni,vulpeni
chiliile,kiliile
gherăseni,ɡerəseni
davidești,davideʃti
moșoaia,moʃoaia
cetățeni,t͡ʃetət͡seni
berzunți,berzunt͡si
negrași,neɡraʃi
brăduleț,brədulet͡s
bozieni,bozieni
drăganu,drəɡanu
buda,buda
largu,larɡu
blăjani,bləʒani
dudești,dudeʃti
sudiți,sudit͡si
movilița,movilit͡sa
șuțești,ʃut͡seʃti
brăești,brəeʃti
ciocile,t͡ʃiot͡ʃile
boldu,boldu
murgești,murd͡ʒeʃti
vârtoape,vɨrtoape
morărești,morəreʃti
mărunței,mərunt͡sei
bălilești,bəlileʃti
căldăraru,kəldəraru
scărișoara,skəriʃoara
unguriu,unɡuriu
frumușani,frumuʃani
vlădaia,vlədaia
cozieni,kozieni
petrești,petreʃti
cireșu,t͡ʃireʃu
orbeasca,orbeaska
mereni,mereni
moara,moara
tinosu,tinosu
dobrețu,dobret͡su
dncb,dnkb
dumitrești,dumitreʃti
pleșcuța,pleʃkut͡sa
războieni,rəzboieni
sagna,saɡna
frăsinet,frəsinet
curtișoara,kurtiʃoara
someșodorhei,someʃodorhei
lopătari,lopətari
grebănu,ɡrebənu
mușătești,muʃəteʃti
beleținegrești,belet͡sineɡreʃti
miroși,miroʃi
nadăș,nadəʃ
cârlogani,kɨrloɡani
măciuca,mət͡ʃiuka
fărcașele,fərkaʃele
dulcești,dult͡ʃeʃti
borănești,borəneʃti
roești,roeʃti
jariștea,ʒariʃtea
perșinari,perʃinari
ghergheasa,ɡerɡeasa
cilibia,t͡ʃilibia
năeni,nəeni
vălișoara,vəliʃoara
topraisar,topraisar
buești,bueʃti
câmpineanca,kɨmpineanka
sihlea,sihlea
gugești,ɡud͡ʒeʃti
cârligele,kɨrlid͡ʒele
jitia,ʒitia
romos,romos
drăgoești,drəɡoeʃti
stoilești,stoileʃti
dochia,dokia
străoane,strəoane
răcoasa,rəkoasa
borca,borka
motoșeni,motoʃeni
vulcanapandele,vulkanapandele
beceni,bet͡ʃeni
nimigea,nimid͡ʒea
mânăstirea,mɨnəstirea
odăile,odəile
vitomirești,vitomireʃti
făgețelu,fəd͡ʒet͡selu
rusănești,rusəneʃti
diculești,dikuleʃti
dăești,dəeʃti
roșiile,roʃiile
urechești,urekeʃti
tulnici,tulnit͡ʃi
tănăsoaia,tənəsoaia
vulturu,vulturu
chiojdeni,kioʒdeni
homocea,homot͡ʃea
fitionești,fitioneʃti
pleșoi,pleʃoi
lucieni,lut͡ʃieni
nuci,nut͡ʃi
reghiu,reɡiu
vintileasca,vintileaska
soveja,soveʒa
răscăeți,rəskəet͡si
titești,titeʃti
cotești,koteʃti
amărăști,amərəʃti
obrejița,obreʒit͡sa
sutești,suteʃti
săucești,səut͡ʃeʃti
strugari,struɡari
ribița,ribit͡sa
stănești,stəneʃti
pufești,pufeʃti
aușeu,auʃeu
ciorăști,t͡ʃiorəʃti
fârtățești,fɨrtət͡seʃti
ionești,ioneʃti
păușești,pəuʃeʃti
biliești,bilieʃti
roșiori,roʃiori
jibert,ʒibert
fundata,fundata
alțina,alt͡sina
măieruș,məieruʃ
râciu,rɨt͡ʃiu
dragodana,draɡodana
hălmăgel,həlməd͡ʒel
craiva,kraiva
cărand,kərand
brazii,brazii
conop,konop
cobadin,kobadin
dezna,dezna
beliu,beliu
săcălaz,səkəlaz
gottlob,ɡottlob
giera,d͡ʒiera
țuțora,t͡sut͡sora
secusigiu,sekusid͡ʒiu
ațel,at͡sel
dieci,diet͡ʃi
liebling,lieblinɡ
oltina,oltina
bârsa,bɨrsa
remeți,remet͡si
frumușeni,frumuʃeni
iratoșu,iratoʃu
ignești,iɡneʃti
gurahonț,ɡurahont͡s
viștea,viʃtea
bărăganu,bərəɡanu
rasova,rasova
târgușor,tɨrɡuʃor
foeni,foeni
pilu,pilu
telciu,telt͡ʃiu
dorobanți,dorobant͡si
ghizela,ɡizela
jebel,ʒebel
ostrov,ostrov
bocsig,boksiɡ
voiteg,voiteɡ
maieru,maieru
birchiș,birkiʃ
bazna,bazna
saravale,saravale
valcani,valkani
șona,ʃona
seleuș,seleuʃ
corbu,korbu
socodor,sokodor
giarmata,d͡ʒiarmata
sânandrei,sɨnandrei
castelu,kastelu
bârsana,bɨrsana
andrid,andrid
mișca,miʃka
șagu,ʃaɡu
denta,denta
ciumani,t͡ʃiumani
satchinez,satkinez
cerchezu,t͡ʃerkezu
băcia,bət͡ʃia
șeitin,ʃeitin
lueta,lueta
desești,deseʃti
foieni,foieni
orlat,orlat
baru,baru
batoș,batoʃ
băgaciu,bəɡat͡ʃiu
păsăreni,pəsəreni
cârța,kɨrt͡sa
marpod,marpod
șepreuș,ʃepreuʃ
siculeni,sikuleni
petrova,petrova
căpâlnița,kəpɨlnit͡sa
leordina,leordina
agriș,aɡriʃ
nadeș,nadeʃ
zagăr,zaɡər
teaca,teaka
vătava,vətava
cerțești,t͡ʃert͡seʃti
milaș,milaʃ
daneș,daneʃ
cârțișoara,kɨrt͡siʃoara
ghidfalău,ɡidfaləu
dalboșeț,dalboʃet͡s
zărand,zərand
buchin,bukin
micăsasa,mikəsasa
petriș,petriʃ
păuliș,pəuliʃ
sântimbru,sɨntimbru
șieuodorhei,ʃieuodorhei
zagra,zaɡra
corunca,korunka
băuțar,bəut͡sar
bereni,bereni
mihăileni,mihəileni
spermezeu,spermezeu
mărișelu,məriʃelu
monor,monor
uriu,uriu
nușeni,nuʃeni
albeni,albeni
coroisânmărtin,koroisɨnmərtin
chibed,kibed
ghindărești,ɡindəreʃti
bănia,bənia
berliște,berliʃte
armeniș,armeniʃ
casimcea,kasimt͡ʃea
livezile,livezile
grințieș,ɡrint͡sieʃ
crăcăoani,krəkəoani
ludoș,ludoʃ
dămuc,dəmuk
nalbant,nalbant
chiuza,kiuza
țânțăreni,t͡sɨnt͡səreni
șanț,ʃant͡s
strunga,strunɡa
bascov,baskov
mălureni,məlureni
țibucani,t͡sibukani
pecineaga,pet͡ʃineaɡa
bârzava,bɨrzava
băiculești,bəikuleʃti
văleni,vəleni
tupilați,tupilat͡si
greci,ɡret͡ʃi
mahmudia,mahmudia
punghina,punɡina
loamneș,loamneʃ
ciceugiurgești,t͡ʃit͡ʃeud͡ʒiurd͡ʒeʃti
șieumăgheruș,ʃieuməɡeruʃ
corod,korod
mogoșeștisiret,moɡoʃeʃtisiret
moțca,mot͡ska
cumpăna,kumpəna
miroslava,miroslava
tăureni,təureni
bolvașnița,bolvaʃnit͡sa
oțeleni,ot͡seleni
gârliciu,ɡɨrlit͡ʃiu
bozovici,bozovit͡ʃi
urmeniș,urmeniʃ
șicula,ʃikula
feldru,feldru
deda,deda
ciceumihăiești,t͡ʃit͡ʃeumihəieʃti
șintereag,ʃintereaɡ
vârfurile,vɨrfurile
holboca,holboka
horlești,horleʃti
chisindia,kisindia
limanu,limanu
seimeni,seimeni
lipnița,lipnit͡sa
beidaud,beidaud
răducăneni,rədukəneni
deleni,deleni
lungani,lunɡani
aroneanu,aroneanu
șelaru,ʃelaru
grădina,ɡrədina
saraiu,saraiu
chirnogeni,kirnod͡ʒeni
dobromir,dobromir
orodel,orodel
lerești,lereʃti
grajduri,ɡraʒduri
mircești,mirt͡ʃeʃti
săbăoani,səbəoani
tămășeni,təməʃeni
răchiteni,rəkiteni
crevedia,krevedia
istria,istria
albești,albeʃti
gavojdia,ɡavoʒdia
tormac,tormak
cernica,t͡ʃernika
turcoaia,turkoaia
poienari,poienari
probota,probota
belcești,belt͡ʃeʃti
topolog,topoloɡ
peceneaga,pet͡ʃeneaɡa
pietroșița,pietroʃit͡sa
porumbești,porumbeʃti
clejani,kleʒani
focuri,fokuri
șieuț,ʃieut͡s
vama,vama
giroc,d͡ʒirok
botiza,botiza
sălsig,səlsiɡ
somova,somova
pardina,pardina
stejaru,steʒaru
sarichioi,sarikioi
doba,doba
băsești,bəseʃti
dorolț,dorolt͡s
movileni,movileni
cilieni,t͡ʃilieni
tudora,tudora
carcaliu,karkaliu
șiștarovăț,ʃiʃtarovət͡s
șofronea,ʃofronea
pir,pir
nanov,nanov
șimonești,ʃimoneʃti
văcăreni,vəkəreni
socond,sokond
balșa,balʃa
bixad,biksad
bătarci,bətart͡ʃi
margina,mard͡ʒina
fârdea,fɨrdea
zerind,zerind
peștera,peʃtera
criciova,krit͡ʃiova
gostinu,ɡostinu
cosoba,kosoba
grindu,ɡrindu
dăeni,dəeni
tufești,tufeʃti
matca,matka
cămărzana,kəmərzana
ruscova,ruskova
botiz,botiz
malu,malu
mărculești,mərkuleʃti
dobreni,dobreni
jurilovca,ʒurilovka
moldoveni,moldoveni
săcălășeni,səkələʃeni
târnova,tɨrnova
tortoman,tortoman
tansa,tansa
gârcina,ɡɨrt͡ʃina
tașca,taʃka
mogoșești,moɡoʃeʃti
borlești,borleʃti
berzovia,berzovia
certeze,t͡ʃerteze
cehal,t͡ʃehal
apa,apa
farcașa,farkaʃa
maliuc,maliuk
românești,romɨneʃti
hangu,hanɡu
turulung,turulunɡ
lazuri,lazuri
vetiș,vetiʃ
santău,santəu
tauț,taut͡s
hamcearca,hamt͡ʃearka
zădăreni,zədəreni
micula,mikula
lumina,lumina
ghiroda,ɡiroda
nădrag,nədraɡ
stănița,stənit͡sa
târșolț,tɨrʃolt͡s
gârdani,ɡɨrdani
căpleni,kəpleni
ususău,ususəu
grumăzești,ɡruməzeʃti
girov,d͡ʒirov
roșcani,roʃkani
pechea,pekea
răucești,rəut͡ʃeʃti
tătăruși,tətəruʃi
săvinești,səvineʃti
terebești,terebeʃti
cămin,kəmin
ghencea,ɡent͡ʃea
popricani,poprikani
sirețel,siret͡sel
podoleni,podoleni
ghidigeni,ɡidid͡ʒeni
murighiol,muriɡiol
ceatalchioi,t͡ʃeatalkioi
mironeasa,mironeasa
saligny,saliɡnj
petricani,petrikani
urecheni,urekeni
păstrăveni,pəstrəveni
stolniceniprăjescu,stolnit͡ʃeniprəʒesku
prisăcani,prisəkani
pângărați,pɨnɡərat͡si
pipirig,pipiriɡ
gherăești,ɡerəeʃti
cordun,kordun
icușești,ikuʃeʃti
dumești,dumeʃti
căuaș,kəuaʃ
copalnicmănăștur,kopalnikmənəʃtur
pișcolt,piʃkolt
pomi,pomi
hălăucești,hələut͡ʃeʃti
golăiești,ɡoləieʃti
bălușeni,bəluʃeni
ripiceni,ripit͡ʃeni
crucișor,krut͡ʃiʃor
cupșeni,kupʃeni
groși,ɡroʃi
turț,turt͡s
bălata,bəlata
șilindia,ʃilindia
săcășeni,səkəʃeni
pesac,pesak
oniceni,onit͡ʃeni
timișești,timiʃeʃti
brâncovenești,brɨnkoveneʃti
neaua,neaua
cernești,t͡ʃerneʃti
acâș,akɨʃ
ardusat,ardusat
coaș,koaʃ
botești,boteʃti
sâncrăieni,sɨnkrəieni
ghioroc,ɡiorok
bivolari,bivolari
miroslovești,mirosloveʃti
ceplenița,t͡ʃeplenit͡sa
bălăbănești,bələbəneʃti
fărcașa,fərkaʃa
poplaca,poplaka
coroieni,koroieni
piscu,pisku
plugari,pluɡari
todirești,todireʃti
nușfalău,nuʃfaləu
heleșteni,heleʃteni
butea,butea
măgherani,məɡerani
ogra,oɡra
iclănzel,iklənzel
cucerdea,kut͡ʃerdea
toporu,toporu
schela,skela
răsuceni,rəsut͡ʃeni
băiuț,bəiut͡s
berzasca,berzaska
felnac,felnak
craidorolț,kraidorolt͡s
ciortești,t͡ʃiorteʃti
răuseni,rəuseni
lețcani,let͡skani
erbiceni,erbit͡ʃeni
blăjel,bləʒel
solovăstru,solovəstru
suseni,suseni
vărgata,vərɡata
andrieșeni,andrieʃeni
ipatele,ipatele
umbrărești,umbrəreʃti
gropnița,ɡropnit͡sa
hudești,hudeʃti
cristești,kristeʃti
cozmești,kozmeʃti
cotmeana,kotmeana
lenauheim,lenauheim
ciumești,t͡ʃiumeʃti
bulbucata,bulbukata
crușeț,kruʃet͡s
joița,ʒoit͡sa
oinacu,oinaku
gostinari,ɡostinari
coteana,koteana
bârza,bɨrza
văculești,vəkuleʃti
costuleni,kostuleni
frumușica,frumuʃika
grozești,ɡrozeʃti
stăuceni,stəut͡ʃeni
mărtiniș,mərtiniʃ
șincai,ʃinkai
schitu,skitu
voivodeni,voivodeni
comarna,komarna
hotarele,hotarele
oboga,oboɡa
izbiceni,izbit͡ʃeni
livezeni,livezeni
vărșag,vərʃaɡ
fărăgău,fərəɡəu
sâniob,sɨniob
greaca,ɡreaka
gogoșari,ɡoɡoʃari
ghimpați,ɡimpat͡si
alunu,alunu
bichiș,bikiʃ
feliceni,felit͡ʃeni
leliceni,lelit͡ʃeni
mârșa,mɨrʃa
buturugeni,buturud͡ʒeni
ogrezeni,oɡrezeni
găujani,ɡəuʒani
gârcov,ɡɨrkov
cezieni,t͡ʃezieni
singureni,sinɡureni
bahnea,bahnea
sănduleni,sənduleni
ciohorăni,t͡ʃiohorəni
herăști,herəʃti
milcoiu,milkoiu
otelec,otelek
dealu,dealu
adămuș,adəmuʃ
ditrău,ditrəu
joseni,ʒoseni
chețani,ket͡sani
bogata,boɡata
bălăușeri,bələuʃeri
hodoșa,hodoʃa
pănet,pənet
zetea,zetea
merești,mereʃti
putineiu,putineiu
căpreni,kəpreni
găiseni,ɡəiseni
hodac,hodak
aluniș,aluniʃ
crăciunești,krət͡ʃiuneʃti
suplac,suplak
ulieș,ulieʃ
vețca,vet͡ska
șăulia,ʃəulia
gurghiu,ɡurɡiu
bălănești,bələneʃti
vărăști,vərəʃti
berlești,berleʃti
prundeni,prundeni
sânpaul,sɨnpaul
lovrin,lovrin
moșna,moʃna
merghindeal,merɡindeal
pogăceaua,poɡət͡ʃeaua
ojdula,oʒdula
periam,periam
stânceni,stɨnt͡ʃeni
petelea,petelea
gănești,ɡəneʃti
romuli,romuli
țibana,t͡sibana
nocrich,nokrikh
dârlos,dɨrlos
rușiimunți,ruʃiimunt͡si
lăzarea,ləzarea
vurpăr,vurpər
ilieni,ilieni
păuleniciuc,pəulenit͡ʃiuk
cuci,kut͡ʃi
cozma,kozma
brădeni,brədeni
gălești,ɡəleʃti
ratbv,ratbv
păuca,pəuka
răstolița,rəstolit͡sa
hoghilag,hoɡilaɡ
bodoc,bodok
dănești,dəneʃti
ibănești,ibəneʃti
subcetate,subt͡ʃetate
racu,raku
tușnad,tuʃnad
ațintiș,at͡sintiʃ
ocland,okland
praid,praid
frumoasa,frumoasa
blejoi,bleʒoi
boghiș,boɡiʃ
colți,kolt͡si
dârmănești,dɨrməneʃti
corbeni,korbeni
bogdand,boɡdand
drăgoiești,drəɡoieʃti
hășmaș,həʃmaʃ
smeeni,smeeni
luncavița,lunkavit͡sa
morteni,morteni
bruiu,bruiu
vădeni,vədeni
bucoșnița,bukoʃnit͡sa
țepu,t͡sepu
bănișor,bəniʃor
buntești,bunteʃti
gălăuțaș,ɡələut͡saʃ
buteni,buteni
glina,ɡlina
cogealac,kod͡ʒealak
coltău,koltəu
amzacea,amzat͡ʃea
aliman,aliman
gorban,ɡorban
grăniceri,ɡrənit͡ʃeri
band,band
cotnari,kotnari
dagâța,daɡɨt͡sa
moneasa,moneasa
variaș,variaʃ
ghilad,ɡilad
mica,mika
darova,darova
ghindari,ɡindari
crâmpoia,krɨmpoia
băița,bəit͡sa
bănești,bəneʃti
bărbătești,bərbəteʃti
vânătorineamț,vɨnətorineamt͡s
bălțați,bəlt͡sat͡si
chișlaz,kiʃlaz
chirpăr,kirpər
chiochiș,kiokiʃ
nufăru,nufəru
lechința,lekint͡sa
laslea,laslea
leșu,leʃu
odoreu,odoreu
dioști,dioʃti
spinuș,spinuʃ
pietroasa,pietroasa
eremitu,eremitu
ernei,ernei
oșorhei,oʃorhei
jijila,ʒiʒila
jugastru,ʒuɡastru
tarcău,tarkəu
tămășeu,təməʃeu
tătărăști,tətərəʃti
macea,mat͡ʃea
prundu,prundu
măicănești,məikəneʃti
măgești,məd͡ʒeʃti
ceahlău,t͡ʃeahləu
plauru,plauru
mădârjac,mədɨrʒak
carașova,karaʃova
călineștioaș,kəlineʃtioaʃ
tulgheș,tulɡeʃ
tufeni,tufeni
cermei,t͡ʃermei
topalu,topalu
cioroiași,t͡ʃioroiaʃi
tiream,tiream
albota,albota
almașu,almaʃu
beștepe,beʃtepe
bilca,bilka
blejești,bleʒeʃti
blândești,blɨndeʃti
bujoreni,buʒoreni
bulzești,bulzeʃti
bumbeștipițic,bumbeʃtipit͡sik
alimpești,alimpeʃti
adunațiicopăceni,adunat͡siikopət͡ʃeni
arcani,arkani
arefu,arefu
arsura,arsura
avrămeni,avrəmeni
bolboși,bolboʃi
bolintindeal,bolintindeal
boroaia,boroaia
borăscu,borəsku
bosanci,bosant͡ʃi
botoroaga,botoroaɡa
botoșana,botoʃana
bobicești,bobit͡ʃeʃti
bogdănița,boɡdənit͡sa
boișoara,boiʃoara
barcea,bart͡ʃea
beciu,bet͡ʃiu
șandra,ʃandra
șinteu,ʃinteu
brabova,brabova
bratovoești,bratovoeʃti
uivar,uivar
șișești,ʃiʃeʃti
bustuchin,bustukin
buzoești,buzoeʃti
bâlteni,bɨlteni
bălcăuți,bəlkəut͡si
bălești,bəleʃti
băcești,bət͡ʃeʃti
băișoara,bəiʃoara
bălăceana,bələt͡ʃeana
bălteni,bəlteni
bălțești,bəlt͡seʃti
carpen,karpen
beuca,beuka
corcova,korkova
corbi,korbi
cordăreni,kordəreni
corlățel,korlət͡sel
berchișești,berkiʃeʃti
berezeni,berezeni
berevoești,berevoeʃti
berislăvești,berisləveʃti
băbăița,bəbəit͡sa
bârghiș,bɨrɡiʃ
băbiciu,bəbit͡ʃiu
băcani,bəkani
ciocani,t͡ʃiokani
ciofrângeni,t͡ʃiofrɨnd͡ʒeni
ciuchici,t͡ʃiukit͡ʃi
brodina,brodina
breznițamotru,breznit͡samotru
breznițaocol,breznit͡saokol
celaru,t͡ʃelaru
cernișoara,t͡ʃerniʃoara
cervenia,t͡ʃervenia
cătunele,kətunele
brânceni,brɨnt͡ʃeni
brâncoveni,brɨnkoveni
brădești,brədeʃti
bucinișu,but͡ʃiniʃu
codăești,kodəeʃti
concești,kont͡ʃeʃti
conțești,kont͡seʃti
copăcele,kopət͡ʃele
ferești,fereʃti
șoimi,ʃoimi
rodna,rodna
călui,kəlui
cărbunari,kərbunari
coșești,koʃeʃti
coșteiu,koʃteiu
coțușca,kot͡suʃka
crețești,kret͡seʃti
crângeni,krɨnd͡ʒeni
crângu,krɨnɡu
cujmir,kuʒmir
cungrea,kunɡrea
căbești,kəbeʃti
copălău,kopələu
călmățuiu,kəlmət͡suiu
dragoslavele,draɡoslavele
doclin,doklin
domașnea,domaʃnea
didești,dideʃti
dimăcheni,diməkeni
dobrun,dobrun
dobârceni,dobɨrt͡ʃeni
șuncuiuș,ʃunkuiuʃ
forăști,forəʃti
epureni,epureni
drăguțești,drəɡut͡seʃti
foltești,folteʃti
forotic,forotik
drăghiceni,drəɡit͡ʃeni
cârna,kɨrna
curtești,kurteʃti
curtuișeni,kurtuiʃeni
cârcea,kɨrt͡ʃea
grojdibodu,ɡroʒdibodu
archiș,arkiʃ
gratia,ɡratia
gostavățu,ɡostavət͡su
grecești,ɡret͡ʃeʃti
iablanița,iablanit͡sa
drănic,drənik
dubova,dubova
dănciulești,dənt͡ʃiuleʃti
arcuș,arkuʃ
fruntișeni,fruntiʃeni
coșeiu,koʃeiu
cristolț,kristolt͡s
curățele,kurət͡sele
grădinile,ɡrədinile
giurgița,d͡ʒiurd͡ʒit͡sa
halmășd,halməʃd
lupșa,lupʃa
mirșid,mirʃid
gropeni,ɡropeni
ghindeni,ɡindeni
giubega,d͡ʒiubeɡa
glăvile,ɡləvile
gogoșu,ɡoɡoʃu
goiești,ɡoieʃti
gorbănești,ɡorbəneʃti
goruia,ɡoruia
hlipiceni,hlipit͡ʃeni
gălănești,ɡələneʃti
hinova,hinova
sanislău,sanisləu
finiș,finiʃ
frâncești,frɨnt͡ʃeʃti
furculești,furkuleʃti
satulung,satulunɡ
hârsești,hɨrseʃti
hârtiești,hɨrtieʃti
hârtop,hɨrtop
hălmagiu,həlmad͡ʒiu
galicea,ɡalit͡ʃea
secaș,sekaʃ
făurești,fəureʃti
moldovița,moldovit͡sa
mihălășeni,mihələʃeni
mitrofani,mitrofani
moldovasulița,moldovasulit͡sa
hoceni,hot͡ʃeni
horodniceni,horodnit͡ʃeni
hurezani,hurezani
ilovăț,ilovət͡s
islaz,islaz
ivănești,ivəneʃti
izvoru,izvoru
șamșud,ʃamʃud
șimișna,ʃimiʃna
ghimpețeni,ɡimpet͡seni
ghelința,ɡelint͡sa
izvoare,izvoare
lița,lit͡sa
leordeni,leordeni
licurici,likurit͡ʃi
lipovăț,lipovət͡s
jupânești,ʒupɨneʃti
leleasca,leleaska
laza,laza
leorda,leorda
hănești,həneʃti
hănțești,hənt͡seʃti
iana,iana
gușoeni,ɡuʃoeni
gârceni,ɡɨrt͡ʃeni
ilovița,ilovit͡sa
pardoși,pardoʃi
românași,romɨnaʃi
hulubești,hulubeʃti
covurlui,kovurlui
lozna,lozna
moravița,moravit͡sa
mozăceni,mozət͡ʃeni
muereasca,muereaska
ișalnița,iʃalnit͡sa
jiana,ʒiana
jorăști,ʒorəʃti
sărmaș,sərmaʃ
șărmășag,ʃərməʃaɡ
lupac,lupak
lăcusteni,ləkusteni
micești,mit͡ʃeʃti
miclești,mikleʃti
lăpușnicel,ləpuʃnit͡ʃel
manoleasa,manoleasa
malovăț,malovət͡s
marginea,mard͡ʒinea
mateești,mateeʃti
mavrodin,mavrodin
mehadica,mehadika
măldărești,məldəreʃti
mălușteni,məluʃteni
olteni,olteni
oporelu,oporelu
mușetești,muʃeteʃti
mârșani,mɨrʃani
mădulari,mədulari
mârzănești,mɨrzəneʃti
munteni,munteni
naidăș,naidəʃ
măstăcani,məstəkani
mănăștiur,mənəʃtiur
mătăsari,mətəsari
oșești,oʃeʃti
panaci,panat͡ʃi
parva,parva
pristol,pristol
prăjeni,prəʒeni
pușcași,puʃkaʃi
săuca,səuka
poienisolca,poienisolka
mălini,məlini
poienești,poieneʃti
podeni,podeni
țețchea,t͡set͡skea
nenciulești,nent͡ʃiuleʃti
niculițel,nikulit͡sel
năsturelu,nəsturelu
obârșia,obɨrʃia
scobinți,skobint͡si
roseți,roset͡si
plopșoru,plopʃoru
pochidia,pokidia
poeni,poeni
ramna,ramna
rebricea,rebrit͡ʃea
râca,rɨka
racșa,rakʃa
radovan,radovan
sprâncenata,sprɨnt͡ʃenata
slivilești,slivileʃti
pielești,pieleʃti
pleșoiu,pleʃoiu
plopiislăvitești,plopiisləviteʃti
olanu,olanu
pojejena,poʒeʒena
pojorâta,poʒorɨta
pomârla,pomɨrla
polovragi,polovrad͡ʒi
parța,part͡sa
peretu,peretu
perieni,perieni
perișor,periʃor
rociu,rot͡ʃiu
roma,roma
români,romɨni
straja,straʒa
stoina,stoina
stolnici,stolnit͡ʃi
studina,studina
scundu,skundu
scoarța,skoart͡sa
seaca,seaka
rădăuțiprut,rədəut͡siprut
ostroveni,ostroveni
sălățig,sələt͡siɡ
răchiți,rəkit͡si
răcășdia,rəkəʃdia
oteșani,oteʃani
paltin,paltin
teasc,teask
teiu,teiu
telești,teleʃti
slimnic,slimnik
scăești,skəeʃti
slatinatimiș,slatinatimiʃ
predești,predeʃti
prigoria,priɡoria
priboieni,priboieni
priseaca,priseaka
spineni,spineni
stejari,steʒari
spulber,spulber
sadova,sadova
saelele,saelele
sacu,saku
stulpicani,stulpikani
stănilești,stənileʃti
suceveni,sut͡ʃeveni
turcinești,turt͡ʃineʃti
turburea,turburea
tâmna,tɨmna
troianul,troianul
suharău,suharəu
suhurlui,suhurlui
sulița,sulit͡sa
teregova,tereɡova
tigveni,tiɡveni
todireni,todireni
tălpaș,təlpaʃ
udaclocociov,udaklokot͡ʃiov
udești,udeʃti
ulma,ulma
urzica,urzika
romtehnica,romtehnika
șuici,ʃuit͡ʃi
știuca,ʃtiuka
vutcani,vutkani
vărădia,vərədia
zorleni,zorleni
zăpodeni,zəpodeni
întorsura,ɨntorsura
șendreni,ʃendreni
vela,vela
verești,vereʃti
tăcuta,təkuta
unțeni,unt͡seni
vaideeni,vaideeni
topleț,toplet͡s
topana,topana
tomnatic,tomnatik
vitănești,vitəneʃti
sârbeni,sɨrbeni
săcelu,sət͡ʃelu
săulești,səuleʃti
vlăsinești,vləsineʃti
voloiac,voloiak
vorniceni,vornit͡ʃeni
coșna,koʃna
dornești,dorneʃti
crișeni,kriʃeni
cuzăplac,kuzəplak
zamostea,zamostea
zâmbreasca,zɨmbreaska
zvoriștea,zvoriʃtea
dragu,draɡu
gâlgău,ɡɨlɡəu
gârbou,ɡɨrbou
hida,hida
bulz,bulz
cetariu,t͡ʃetariu
gepiu,d͡ʒepiu
plopiș,plopiʃ
sâg,sɨɡ
jina,ʒina
sadu,sadu
pătrăuți,pətrəut͡si
preutești,preuteʃti
năpradea,nəpradea
pericei,perit͡ʃei
dersca,derska
rafaila,rafaila
surduc,surduk
treznea,treznea
vârșolț,vɨrʃolt͡s
zalha,zalha
zimbor,zimbor
boița,boit͡sa
rădășeni,rədəʃeni
râșca,rɨʃka
sucevița,sut͡ʃevit͡sa
șcheia,ʃkeia
grămești,ɡrəmeʃti
șerbăuți,ʃerbəut͡si
ipotești,ipoteʃti
grănicești,ɡrənit͡ʃeʃti
iacobeni,iakobeni
iaslovăț,iaslovət͡s
porumbeni,porumbeni
voitinel,voitinel
volovăț,volovət͡s
bogdana,boɡdana
bujoru,buʒoru
buzescu,buzesku
doljești,dolʒeʃti
ileanda,ileanda
ip,ip
letca,letka
drăcșenei,drəkʃenei
moșteni,moʃteni
necșești,nekʃeʃti
gohor,ɡohor
sânger,sɨnd͡ʒer
vinderei,vinderei
plosca,ploska
poroschia,poroskia
purani,purani
cerubăcăinți,t͡ʃerubəkəint͡si
ciugud,t͡ʃiuɡud
stroiești,stroieʃti
cefa,t͡ʃefa
ceica,t͡ʃeika
boteni,boteni
ciuperceni,t͡ʃiupert͡ʃeni
crevenicu,kreveniku
dracea,drat͡ʃea
cudalbi,kudalbi
cazasu,kazasu
smulți,smult͡si
câmpani,kɨmpani
căpâlna,kəpɨlna
ghindăoani,ɡindəoani
cărpinet,kərpinet
bucium,but͡ʃium
pogana,poɡana
păltinoasa,pəltinoasa
mușenița,muʃenit͡sa
suraia,suraia
copăceni,kopət͡ʃeni
solești,soleʃti
vetrișoaia,vetriʃoaia
tătărăni,tətərəni
tutova,tutova
havârna,havɨrna
ștorobăneasa,ʃtorobəneasa
sfințești,sfint͡seʃti
smârdioasa,smɨrdioasa
fibiș,fibiʃ
cârlibaba,kɨrlibaba
vârciorog,vɨrt͡ʃioroɡ
burla,burla
calafindești,kalafindeʃti
tulca,tulka
toboliu,toboliu
răsmirești,rəsmireʃti
săceni,sət͡ʃeni
scrioaștea,skrioaʃtea
segarceavale,seɡart͡ʃeavale
săliștea,səliʃtea
șirineasa,ʃirineasa
șușani,ʃuʃani
tetoiu,tetoiu
ohaba,ohaba
zătreni,zətreni
gologanu,ɡoloɡanu
răstoaca,rəstoaka
mașloc,maʃlok
orțișoara,ort͡siʃoara
pădureni,pədureni
trivaleamoșteni,trivaleamoʃteni
ciuruleasa,t͡ʃiuruleasa
cut,kut
cherechiu,kerekiu
măldăeni,məldəeni
țigănești,t͡siɡəneʃti
daia,daia
dângeni,dɨnd͡ʒeni
mileanca,mileanka
slătioara,slətioara
crețeni,kret͡seni
ghioroiu,ɡioroiu
pesceana,pest͡ʃeana
caraula,karaula
gighera,d͡ʒiɡera
țuglui,t͡suɡlui
șendriceni,ʃendrit͡ʃeni
dognecea,doɡnet͡ʃea
zăvoi,zəvoi
șpring,ʃprinɡ
șugag,ʃuɡaɡ
mirăslău,mirəsləu
mogoș,moɡoʃ
ocoliș,okoliʃ
apateu,apateu
nămoloasa,nəmoloasa
coroiești,koroieʃti
delești,deleʃti
gherghești,ɡerɡeʃti
sohodol,sohodol
stremț,stremt͡s
ighiu,iɡiu
întregalde,ɨntreɡalde
oltenești,olteneʃti
pogonești,poɡoneʃti
pungești,pund͡ʒeʃti
dâmbovicioara,dɨmbovit͡ʃioara
băbana,bəbana
bârla,bɨrla
căteasca,kəteaska
lăzăreni,ləzəreni
săsciori,səst͡ʃiori
sâncel,sɨnt͡ʃel
tarcea,tart͡ʃea
tărcaia,tərkaia
tăuteu,təuteu
tileagd,tileaɡd
gârbova,ɡɨrbova
doștat,doʃtat
fărău,fərəu
nojorid,noʒorid
olcea,olt͡ʃea
pocola,pokola
sălacea,səlat͡ʃea
sălard,səlard
sâmbăta,sɨmbəta
meteș,meteʃ
mihalț,mihalt͡s
derna,derna
diosig,diosiɡ
holod,holod
săcădat,səkədat
pomezeu,pomezeu
răbăgani,rəbəɡani
rieni,rieni
știubieni,ʃtiubieni
tazlău,tazləu
creaca,kreaka
hereclean,hereklean
laloșu,laloʃu
hilișeuhoria,hiliʃeuhoria
nicșeni,nikʃeni
gioseni,d͡ʒioseni
balc,balk
ciumeghiu,t͡ʃiumeɡiu
copăcel,kopət͡ʃel
merișani,meriʃani
oarja,oarʒa
rătești,rəteʃti
rimetea,rimetea
mădăras,mədəras
fârliug,fɨrliuɡ
glimboca,ɡlimboka
măureni,məureni
țigănași,t͡siɡənaʃi
benesat,benesat
chieșd,kieʃd
coșbuc,koʃbuk
rebra,rebra
stâlpu,stɨlpu
trușești,truʃeʃti
budila,budila
glodeanusiliștea,ɡlodeanusiliʃtea
coșula,koʃula
cristinești,kristineʃti
durnești,durneʃti
căscioarele,kəst͡ʃioarele
chirnogi,kirnod͡ʒi
chiselet,kiselet
crivăț,krivət͡s
prigor,priɡor
sichevița,sikevit͡sa
rucăr,rukər
ciudanovița,t͡ʃiudanovit͡sa
cornereva,kornereva
coronini,koronini
salva,salva
corlăteni,korləteni
lemnia,lemnia
micfalău,mikfaləu
ozun,ozun
văliug,vəliuɡ
vermeș,vermeʃ
vrani,vrani
feleacu,feleaku
barcani,barkani
surani,surani
comandău,komandəu
dobârlău,dobɨrləu
estelnic,estelnik
hăghig,həɡiɡ
murgași,murɡaʃi
negoi,neɡoi
botoșeștipaia,botoʃeʃtipaia
braloștița,braloʃtit͡sa
breasta,breasta
poian,poian
sânzieni,sɨnzieni
turia,turia
moțăței,mot͡sət͡sei
lipovu,lipovu
maglavit,maɡlavit
melinești,melineʃti
mischii,miskii
daneți,danet͡si
calopăr,kalopər
castranova,kastranova
catane,katane
cerăt,t͡ʃerət
bilbor,bilbor
ciucsângeorgiu,t͡ʃiuksɨnd͡ʒeord͡ʒiu
corund,korund
rast,rast
secu,seku
sopot,sopot
ghercești,ɡert͡ʃeʃti
ghidici,ɡidit͡ʃi
gângiova,ɡɨnd͡ʒiova
goicea,ɡoit͡ʃea
ocnița,oknit͡sa
zagon,zaɡon
zăbala,zəbala
cojasca,koʒaska
peștișani,peʃtiʃani
fărcășești,fərkəʃeʃti
godinești,ɡodineʃti
lelești,leleʃti
negomir,neɡomir
belin,belin
terpezița,terpezit͡sa
teslui,teslui
văgiulești,vəd͡ʒiuleʃti
samarinești,samarineʃti
urdari,urdari
giurgeni,d͡ʒiurd͡ʒeni
jilavele,ʒilavele
voșlăbeni,voʃləbeni
cozmeni,kozmeni
mugeni,mud͡ʒeni
sânsimion,sɨnsimion
ariniș,ariniʃ
țibănești,t͡sibəneʃti
dărăștiilfov,dərəʃtiilfov
bălăcița,bələt͡ʃit͡sa
bâcleș,bɨkleʃ
bâlvănești,bɨlvəneʃti
butoiești,butoieʃti
devesel,devesel
cocora,kokora
colelia,kolelia
dridu,dridu
făcăeni,fəkəeni
armășești,arməʃeʃti
bucu,buku
cicârlău,t͡ʃikɨrləu
iepurești,iepureʃti
manasia,manasia
miloșești,miloʃeʃti
morunglav,morunɡlav
pârșcoveni,pɨrʃkoveni
poboru,poboru
isverna,isverna
dobrovăț,dobrovət͡s
dârvari,dɨrvari
eșelnița,eʃelnit͡sa
movila,movila
ograda,oɡrada
șerbănești,ʃerbəneʃti
radomirești,radomireʃti
redea,redea
fălcoiu,fəlkoiu
găvănești,ɡəvəneʃti
giuvărăști,d͡ʒiuvərəʃti
icoana,ikoana
svinița,svinit͡sa
prunișor,pruniʃor
rogova,roɡova
zănești,zəneʃti
baldovinești,baldovineʃti
lespezi,lespezi
șipote,ʃipote
carastelec,karastelek
cizer,t͡ʃizer
șopârlița,ʃopɨrlit͡sa
tătulești,tətuleʃti
beltiug,beltiuɡ
supur,supur
agrij,aɡriʒ
șovarna,ʃovarna
vrata,vrata
acățari,akət͡sari
bobota,bobota
dobroteasa,dobroteasa
brastavățu,brastavət͡su
brebeni,brebeni
dăneasa,dəneasa
dobrosloveni,dobrosloveni
hermannstadt,hermannstadt
primar,primar
caraşseverin,karaʃseverin
bistriţanăsăud,bistrit͡sanəsəud
beiuş,beiuʃ